simplified	traditional	pronunciation	meaning	hsklevel
俊	㑺	jun4	old variant of 俊[jun4]	7-9
却	㕁	que4	old variant of 卻|却[que4]	4
以	㕥	yi3	old variant of 以[yi3]	7-9
最	㝡	zui4	variant of 最[zui4]	1
岸	㟁	an4	variant of 岸[an4]	5
岛	㠀	dao3	variant of 島|岛[dao3]	6
以	㠯	yi3	old variant of 以[yi3]	7-9
帆	㠶	fan1	variant of 帆[fan1]	7-9
拿	㧱	na2	old variant of 拿[na2]	1
晃	㨪	huang3	variant of 晃[huang3]	7-9
据	㨿	ju4	variant of 據|据[ju4]	6
散	㪚	san4	variant of 散[san4]	5
暖	㬉	nuan3	old variant of 暖[nuan3]	5
法	㳒	fa3	variant of 法[fa3]	4
深	㴱	shen1	old variant of 深[shen1]	3
碗	㼝	wan3	variant of 碗[wan3]	2
留	㽞	liu2	old variant of 留[liu2]	2
糊	䊀	hu2	variant of 糊[hu2]	7-9
词	䛐	ci2	old variant of 詞|词[ci2]	2
趟	䠀	tang1	old variant of 趟[tang1]	6
射	䠶	she4	old variant of 射[she4]	5
驮	䭾	tuo2	variant of 馱|驮[tuo2]	7-9
魂	䰟	hun2	old variant of 魂[hun2]	7-9
鹅	䳘	e2	variant of 鵝|鹅[e2]	7-9
一	一	yi1	one; single; a (article); as soon as; entire; whole; all; throughout; "one" radical in Chinese characters (Kangxi radical 1); also pr. [yao1] for greater clarity when spelling out numbers digit by digit	1
一一	一一	yi1 yi1	one by one; one after another	7-9
一下儿	一下兒	yi1 xia4 r5	erhua form of 一下[yi1 xia4]	1
一下子	一下子	yi1 xia4 zi5	in a short while; all at once; all of a sudden	5
一不小心	一不小心	yi1 bu4 xiao3 xin1	to be a little bit careless; to have a moment of inattentiveness; accidentally	7-9
一干二净	一乾二淨	yi1 gan1 er4 jing4	thoroughly (idiom); completely; one and all; very clean	7-9
一事无成	一事無成	yi1 shi4 wu2 cheng2	(idiom) to have achieved nothing; to be a total failure; to get nowhere	7-9
一些	一些	yi1 xie1	some; a few; a little; (following an adjective) slightly ...er	1
一代	一代	yi1 dai4	an era; an age; a generation	6
一个劲儿	一個勁兒	yi1 ge4 jin4 r5	erhua variant of 一個勁|一个劲[yi1 ge4 jin4]	7-9
一共	一共	yi1 gong4	in total; altogether	2
一再	一再	yi1 zai4	repeatedly	4
一切	一切	yi1 qie4	everything; every; all	3
一刹那	一剎那	yi1 cha4 na4	a moment; an instant; in a flash	7-9
一动不动	一動不動	yi1 dong4 bu4 dong4	motionless	7-9
一半	一半	yi1 ban4	half	1
一卡通	一卡通	Yi1 ka3 tong1	the name of various contactless smart cards, notably Yikatong (mainly for public transport in Beijing) and iPASS (mainly for public transport in Taiwan)	7-9
一口气	一口氣	yi1 kou3 qi4	one breath; in one breath; at a stretch	5
一句话	一句話	yi1 ju4 hua4	in a word; in short	5
一同	一同	yi1 tong2	together	6
一向	一向	yi1 xiang4	a period of time in the recent past; (indicating a period of time up to the present) all along; the whole time	5
一味	一味	yi1 wei4	persistently; stubbornly; blindly	7-9
一回事	一回事	yi1 hui2 shi4	one and the same (thing); one thing (as distinct from another)	7-9
一块儿	一塊兒	yi1 kuai4 r5	erhua variant of 一塊|一块[yi1 kuai4]	1
一塌糊涂	一塌糊塗	yi1 ta1 hu2 tu5	muddled and completely collapsing (idiom); in an awful condition; complete shambles; a total mess	7-9
一大早	一大早	yi1 da4 zao3	at dawn; at first light; first thing in the morning	7-9
一天到晚	一天到晚	yi1 tian1 dao4 wan3	all day long; the whole day	7-9
一如既往	一如既往	yi1 ru2 ji4 wang3	(idiom) just as in the past; as before; continuing as always	7-9
一定	一定	yi1 ding4	surely; certainly; definitely; fixed; settled; a certain ...; a given ...	2
一家人	一家人	yi1 jia1 ren2	the whole family; members of the same family (lit. or fig.)	7-9
一帆风顺	一帆風順	yi1 fan1 feng1 shun4	propitious wind throughout the journey (idiom); plain sailing; to go smoothly; have a nice trip!	7-9
一带	一帶	yi1 dai4	region; area	5
一年到头	一年到頭	yi1 nian2 dao4 tou2	all year round	7-9
一度	一度	yi1 du4	for a time; at one time; one time; once	7-9
一律	一律	yi1 lu:4	same; identical; uniformly; all; without exception	4
一心	一心	yi1 xin1	wholeheartedly; heart and soul	7-9
一心一意	一心一意	yi1 xin1 yi1 yi4	concentrating one's thoughts and efforts; single-minded; bent on; intently	7-9
一应俱全	一應俱全	yi1 ying1 ju4 quan2	with everything needed available	7-9
一成不变	一成不變	yi1 cheng2 bu4 bian4	(idiom) immutable; impervious to change; set in stone	7-9
一手	一手	yi1 shou3	a skill; mastery of a trade; by oneself; without outside help	7-9
一技之长	一技之長	yi1 ji4 zhi1 chang2	proficiency in a particular field (idiom); skill in a specialized area (idiom)	7-9
一把手	一把手	yi1 ba3 shou3	working hand; member of a work team; participant; the boss (short form of 第一把手[di4 yi1 ba3 shou3])	7-9
一揽子	一攬子	yi1 lan3 zi5	all-inclusive; undiscriminating	7-9
一方面	一方面	yi1 fang1 mian4	on the one hand	3
一旁	一旁	yi1 pang2	aside; to the side of	7-9
一旦	一旦	yi1 dan4	in case (sth happens); if; once (sth happens, then...); when; in a short time; in one day	5
一早	一早	yi1 zao3	early in the morning; at dawn	7-9
一时	一時	yi1 shi2	a period of time; a while; for a short while; temporary; momentary; at the same time	6
一晃	一晃	yi1 huang3	(of passing time) in an instant; (of a sight) in a flash	7-9
一会儿	一會兒	yi1 hui4 r5	a moment; a while; in a moment; now...now...; also pr. [yi1 hui3 r5]	1
一概	一概	yi1 gai4	all; without any exceptions; categorically	7-9
一概而论	一概而論	yi1 gai4 er2 lun4	to lump different matters together (idiom)	7-9
一模一样	一模一樣	yi1 mu2 yi1 yang4	(idiom) exactly alike; identical; also pr. [yi1mo2-yi1yang4]	6
一样	一樣	yi1 yang4	same; like; equal to; the same as; just like	1
一次性	一次性	yi1 ci4 xing4	one-off (offer); one-time; single-use; disposable (goods)	6
一毛不拔	一毛不拔	yi1 mao2 bu4 ba2	lit. unwilling to spare a single hair (idiom); fig. extremely stingy	7-9
一流	一流	yi1 liu2	top quality; front ranking	5
一无所有	一無所有	yi1 wu2 suo3 you3	not having anything at all (idiom); utterly lacking; without two sticks to rub together	7-9
一无所知	一無所知	yi1 wu2 suo3 zhi1	(idiom) not knowing anything at all; completely ignorant	7-9
一生	一生	yi1 sheng1	all one's life; throughout one's life	2
一目了然	一目了然	yi1 mu4 liao3 ran2	obvious at a glance (idiom)	7-9
一目了然	一目瞭然	yi1 mu4 liao3 ran2	obvious at a glance (idiom)	7-9
一直	一直	yi1 zhi2	straight (in a straight line); continuously; always; all the way through	2
一眼	一眼	yi1 yan3	a glance; a quick look; a glimpse	7-9
一瞬间	一瞬間	yi1 shun4 jian1	split second	7-9
一筹莫展	一籌莫展	yi1 chou2 mo4 zhan3	to be unable to find a solution; to be at wits' end	7-9
一系列	一系列	yi1 xi4 lie4	a series of; a string of	7-9
一经	一經	yi1 jing1	as soon as; once (an action has been completed)	7-9
一线	一線	yi1 xian4	front line	7-9
一声不吭	一聲不吭	yi1 sheng1 bu4 keng1	to not say a word	7-9
一致	一致	yi1 zhi4	consistent; unanimous; in agreement; together; in unison	4
一举	一舉	yi1 ju3	a move; an action; in one move; at a stroke; in one go	7-9
一举一动	一舉一動	yi1 ju3 yi1 dong4	(idiom) every movement; each and every move	7-9
一般	一般	yi1 ban1	same; ordinary; so-so; common; general; generally; in general	2
一般来说	一般來說	yi1 ban1 lai2 shuo1	generally speaking	4
一行	一行	yi1 xing2	party; delegation	6
一言一行	一言一行	yi1 yan2 yi1 xing2	every word and action (idiom)	7-9
一言不发	一言不發	yi1 yan2 bu4 fa1	to not say a word (idiom)	7-9
一贯	一貫	yi1 guan4	consistent; constant; from start to finish; all along; persistent	6
一起	一起	yi1 qi3	(in) the same place; together; in company (with); altogether; in total; an instance of; a case of (murder, accident, dispute etc)	1
一路	一路	yi1 lu4	the whole journey; all the way; going the same way; going in the same direction; of the same kind	5
一路上	一路上	yi1 lu4 shang4	along the way; the whole way; (fig.) the whole time	6
一路平安	一路平安	yi1 lu4 ping2 an1	to have a pleasant journey; Bon voyage!	2
一路顺风	一路順風	yi1 lu4 shun4 feng1	to have a pleasant journey (idiom)	2
一身	一身	yi1 shen1	whole body; from head to toe; single person; a suit of clothes	5
一辈子	一輩子	yi1 bei4 zi5	(for) a lifetime	5
一连	一連	yi1 lian2	in a row; in succession; running	7-9
一连串	一連串	yi1 lian2 chuan4	a succession of; a series of	7-9
一道	一道	yi1 dao4	together	6
一边	一邊	yi1 bian1	one side; either side; on the one hand; on the other hand; doing while	1
一部分	一部分	yi1 bu4 fen5	portion; part of; subset	2
一锅粥	一鍋粥	yi1 guo1 zhou1	(lit.) a pot of porridge; (fig.) a complete mess	7-9
一长一短	一長一短	yi1 chang2 yi1 duan3	(idiom) talking endlessly; long-winded	7-9
一阵	一陣	yi1 zhen4	a burst; a fit; a peal; a spell (period of time)	7-9
一面	一面	yi1 mian4	one side; one aspect; simultaneously... (and...); one's whole face	7-9
一头	一頭	yi1 tou2	one head; a head full of sth; one end (of a stick); one side; headlong; directly; rapidly; simultaneously	7-9
一体	一體	yi1 ti3	an integral whole; all concerned; everybody	7-9
一点儿	一點兒	yi1 dian3 r5	erhua variant of 一點|一点[yi1 dian3]	1
一点点	一點點	yi1 dian3 dian3	a little bit	2
一鼓作气	一鼓作氣	yi1 gu3 zuo4 qi4	in a spurt of energy	7-9
一齐	一齊	yi1 qi2	at the same time; simultaneously	6
丁	丁	Ding1	surname Ding	7-9
丁	丁	ding1	male adult; the 4th of the 10 Heavenly Stems 天干[tian1 gan1]; fourth (used like "4" or "D"); small cube of meat or vegetable; (literary) to encounter; (archaic) ancient Chinese compass point: 195°; (chemistry) butyl	7-9
丁	丁	zheng1	used in 丁丁[zheng1 zheng1]	7-9
七	七	qi1	seven; 7	1
七嘴八舌	七嘴八舌	qi1 zui3 ba1 she2	lively discussion with everybody talking at once	7-9
万	万	mo4	used in 万俟[Mo4 qi2]	2
丈夫	丈夫	zhang4 fu5	husband	4
三	三	San1	surname San	1
三	三	san1	three; 3	1
三明治	三明治	san1 ming2 zhi4	(loanword) sandwich	6
三番五次	三番五次	san1 fan1 wu3 ci4	over and over again (idiom)	7-9
三维	三維	san1 wei2	three-dimensional; 3D	7-9
三角	三角	san1 jiao3	triangle; (math.) trigonometry (abbr. for 三角學|三角学[san1 jiao3 xue2])	7-9
上	上	shang3	used in 上聲|上声[shang3 sheng1]	1
上	上	shang4	(bound form) up; upper; above; previous; first (of multiple parts); to climb; to get onto; to go up; to attend (class or university); (directional complement) up; (noun suffix) on; above	1
上下	上下	shang4 xia4	the top and bottom of sth; the full vertical extent of sth; from top to bottom; to go up and down; before and after (as in 上下文[shang4 xia4 wen2] "context"); (used after a quantity) approximately; ... or so; (in a social hierarchy) the high and the low; seniors and juniors (as in 上下和睦[shang4 xia4 he2 mu4] "harmony between superiors and subordinates"); all members of a group (as in 舉國上下|举国上下[ju3 guo2 shang4 xia4] "the entire nation"); relative superiority (as in 不相上下[bu4 xiang1 shang4 xia4] "evenly matched")	5
上任	上任	shang4 ren4	to take office; previous (incumbent); predecessor	7-9
上来	上來	shang4 lai2	to come up; to approach; (verb complement indicating success)	3
上个月	上個月	shang4 ge4 yue4	last month	4
上升	上升	shang4 sheng1	to rise; to go up; to ascend	3
上午	上午	shang4 wu3	morning	1
上去	上去	shang4 qu4	to go up	3
上台	上台	shang4 tai2	to rise to power (in politics); to go on stage (in the theater)	6
上司	上司	shang4 si5	boss; superior	7-9
上周	上周	shang4 zhou1	last week	2
上报	上報	shang4 bao4	to report to one's superiors; to appear in the news; to reply to a letter	7-9
上场	上場	shang4 chang3	on stage; to go on stage; to take the field	7-9
上学	上學	shang4 xue2	to go to school; to attend school	1
上岗	上崗	shang4 gang3	to take up one's post; to go on duty; to take up a job	7-9
上市	上市	shang4 shi4	to hit the market (of a new product); to float (a company on the stock market)	6
上帝	上帝	Shang4 di4	God	6
上方	上方	shang4 fang1	place above (it); upper part (of it)	7-9
上旬	上旬	shang4 xun2	first third of a month	7-9
上映	上映	shang4 ying4	to screen; to show (a movie)	7-9
上期	上期	shang4 qi1	previous period (week, month or quarter etc)	7-9
上楼	上樓	shang4 lou2	to go upstairs	4
上次	上次	shang4 ci4	last time	1
上流	上流	shang4 liu2	upper class	7-9
上游	上游	shang4 you2	upper reaches (of a river); upper level; upper echelon; upstream	7-9
上演	上演	shang4 yan3	to screen (a movie); to stage (a play); a screening; a staging	6
上涨	上漲	shang4 zhang3	to rise; to go up	5
上火	上火	shang4 huo3	to get angry; to suffer from excessive internal heat (TCM)	7-9
上班	上班	shang4 ban1	to go to work; to be on duty; to start work; to go to the office	1
上当	上當	shang4 dang4	taken in (by sb's deceit); to be fooled; to be duped	6
上瘾	上癮	shang4 yin3	to get into a habit; to become addicted	7-9
上空	上空	shang4 kong1	the skies above a certain place; (aviation) airspace; (Tw) topless	7-9
上级	上級	shang4 ji2	higher authorities; superiors; CL:個|个[ge4]	5
上网	上網	shang4 wang3	to go online; to connect to the Internet; (of a document etc) to be uploaded to the Internet; (tennis, volleyball etc) to move in close to the net	1
上衣	上衣	shang4 yi1	jacket; upper outer garment; CL:件[jian4]	3
上诉	上訴	shang4 su4	to appeal (a judicial case); appeal	7-9
上课	上課	shang4 ke4	to go to class; to attend class; to go to teach a class	1
上调	上調	shang4 tiao2	to raise (prices); to adjust upwards	7-9
上车	上車	shang4 che1	to get on or into (a bus, train, car etc)	1
上述	上述	shang4 shu4	aforementioned; above-mentioned	7-9
上边	上邊	shang4 bian5	the top; above; overhead; upwards; the top margin; above-mentioned; those higher up	1
上门	上門	shang4 men2	to drop in; to visit; to lock a door; (of a shop) to close; to go and live with one's wife's family, in effect becoming a member of her family	4
上限	上限	shang4 xian4	upper bound	7-9
上面	上面	shang4 mian4	on top of; above-mentioned; also pr. [shang4 mian5]	3
上头	上頭	shang4 tou2	(of alcohol, love etc) to go to one's head; (of an idea, a song etc) to get into one's head; to capture one's attention; (old) (of a girl on her wedding day) to start wearing one's hair in a bun (rather than a plait)	7-9
上头	上頭	shang4 tou5	the top; the upper part; (its) surface; the authorities; those in charge; the higher-ups	7-9
下一代	下一代	xia4 yi1 dai4	the next generation	7-9
下令	下令	xia4 ling4	to give an order; to issue an order	7-9
下来	下來	xia4 lai5	to come down; (completed action marker); (after verb of motion, indicates motion down and towards us, also fig.); (indicates continuation from the past towards us); to be harvested (of crops); to be over (of a period of time); to go among the masses (said of leaders)	3
下个月	下個月	xia4 ge4 yue4	next month	4
下功夫	下功夫	xia4 gong1 fu5	variant of 下工夫[xia4 gong1 fu5]	7-9
下午	下午	xia4 wu3	afternoon; CL:個|个[ge4]; p.m.	1
下去	下去	xia4 qu4	to go down; to descend; to go on; to continue; (of a servant) to withdraw	3
下场	下場	xia4 chang3	to leave (the stage, an exam room, the playing field etc); to take part in some activity; to take an examination (in the imperial examination system)	7-9
下场	下場	xia4 chang5	the end; to conclude	7-9
下坠	下墜	xia4 zhui4	(of objects) to fall; to drop; to droop; (medicine) to experience tenesmus	7-9
下属	下屬	xia4 shu3	subordinate; underling	7-9
下山	下山	xia4 shan1	to go down a hill; (of the sun or moon) to set	7-9
下岗	下崗	xia4 gang3	(of a guard, sentry etc) to come off duty; (of a worker) be to laid off	7-9
下意识	下意識	xia4 yi4 shi2	subconscious mind	7-9
下手	下手	xia4 shou3	to start; to put one's hand to; to set about; the seat to the right of the main guest	7-9
下旬	下旬	xia4 xun2	last third of the month	7-9
下期	下期	xia4 qi1	next period (week, month or quarter etc)	7-9
下棋	下棋	xia4 qi2	to play chess	7-9
下楼	下樓	xia4 lou2	to go downstairs	4
下次	下次	xia4 ci4	next time	1
下决心	下決心	xia4 jue2 xin1	to determine; to resolve	7-9
下海	下海	xia4 hai3	to go out to sea; to enter the sea (to swim etc); (fig.) to take the plunge (e.g. leave a secure job, or enter prostitution etc)	7-9
下游	下游	xia4 you2	lower reaches (of a river); lower level; lower echelon; downstream	7-9
下班	下班	xia4 ban1	to finish work; to get off work; next service (train, bus etc)	1
下级	下級	xia4 ji2	low ranking; low level; underclass; subordinate	7-9
下台	下臺	xia4 tai2	to go off the stage; to fall from position of prestige; to step down (from office etc); to disentangle oneself; to get off the hook	7-9
下落	下落	xia4 luo4	whereabouts; to drop; to fall	7-9
下课	下課	xia4 ke4	to finish class; to get out of class; (fig.) (esp. of a sports coach) to be dismissed; to be fired	1
下调	下調	xia4 diao4	to demote; to pass down to a lower unit	7-9
下调	下調	xia4 tiao2	to adjust downwards; to lower (prices, wages etc)	7-9
下跌	下跌	xia4 die1	to fall; to tumble	7-9
下车	下車	xia4 che1	to get off or out of (a bus, train, car etc)	1
下载	下載	xia4 zai3	to download; also pr. [xia4zai4]	4
下周	下週	xia4 zhou1	next week	2
下边	下邊	xia4 bian5	under; the underside; below	1
下乡	下鄉	xia4 xiang1	to go to the countryside	7-9
下降	下降	xia4 jiang4	to decline; to drop; to fall; to go down; to decrease	4
下雨	下雨	xia4 yu3	to rain	1
下雪	下雪	xia4 xue3	to snow	2
下面	下面	xia4 mian4	below; under; next; the following; also pr. [xia4 mian5]	3
下面	下麵	xia4 mian4	to boil noodles	3
不	不	bu4	no; not so; (bound form) not; un-	1
不一定	不一定	bu4 yi1 ding4	not necessarily; maybe	2
不久	不久	bu4 jiu3	not long (after); before too long; soon; soon after	2
不了了之	不了了之	bu4 liao3 liao3 zhi1	to settle a matter by leaving it unsettled; to end up with nothing definite	7-9
不亚于	不亞於	bu4 ya4 yu2	no less than; not inferior to	7-9
不亦乐乎	不亦樂乎	bu4 yi4 le4 hu1	lit. isn't that a joy? (quote from Confucius); fig. (jocular) extremely; awfully	7-9
不以为然	不以為然	bu4 yi3 wei2 ran2	not to accept as correct (idiom); to object; to disapprove; to take exception to	7-9
不但	不但	bu4 dan4	not only (... but also ...)	2
不便	不便	bu4 bian4	inconvenient; inappropriate; unsuitable; short of cash	6
不值	不值	bu4 zhi2	not worth	6
不假思索	不假思索	bu4 jia3 si1 suo3	(idiom) to act without taking time to think; to react instantly; to fire from the hip	7-9
不停	不停	bu4 ting2	incessant	5
不仅	不僅	bu4 jin3	not just; not limited to; (as a correlative conjunction) not only (..., but also ...)	3
不仅仅	不僅僅	bu4 jin3 jin3	not only; not just	6
不像话	不像話	bu4 xiang4 hua4	unreasonable; shocking; outrageous	7-9
不光	不光	bu4 guang1	not the only one; not only	3
不免	不免	bu4 mian3	inevitably	5
不再	不再	bu4 zai4	no more; no longer	6
不准	不准	bu4 zhun3	not to allow; to forbid; to prohibit	7-9
不利	不利	bu4 li4	unfavorable; disadvantageous; harmful; detrimental	5
不可思议	不可思議	bu4 ke3 si1 yi4	(idiom) inconceivable; unimaginable; unfathomable	7-9
不可避免	不可避免	bu4 ke3 bi4 mian3	(idiom) inevitable; unavoidable	7-9
不同	不同	bu4 tong2	different; distinct; not the same; not alike	2
不同寻常	不同尋常	bu4 tong2 xun2 chang2	out of the ordinary; unusual	7-9
不在乎	不在乎	bu4 zai4 hu5	not to care	4
不堪	不堪	bu4 kan1	cannot bear; cannot stand; utterly; extremely	7-9
不够	不夠	bu4 gou4	not enough; insufficient; inadequate	2
不大	不大	bu4 da4	not very (clear, far away etc); not too; not often; infrequently	1
不好意思	不好意思	bu4 hao3 yi4 si5	to feel embarrassed; to find it embarrassing; to be sorry (for inconveniencing sb)	2
不如	不如	bu4 ru2	not equal to; not as good as; inferior to; it would be better to	2
不妨	不妨	bu4 fang2	there is no harm in; might as well	7-9
不安	不安	bu4 an1	unpeaceful; unstable; uneasy; disturbed; restless; worried	3
不定	不定	bu4 ding4	indefinite; indeterminate; (botany) adventitious	7-9
不宜	不宜	bu4 yi2	not suitable; inadvisable; inappropriate	7-9
不客气	不客氣	bu4 ke4 qi5	you're welcome; don't mention it; impolite; rude; blunt	1
不容	不容	bu4 rong2	must not; cannot; to not allow; cannot tolerate	7-9
不对	不對	bu4 dui4	incorrect; wrong; amiss; abnormal; queer	1
不少	不少	bu4 shao3	many; quite a few; a good number of	2
不屑	不屑	bu4 xie4	to disdain to do sth; to think sth not worth doing; to feel it beneath one's dignity	7-9
不已	不已	bu4 yi3	(used after a verb) endlessly; incessantly	7-9
不平	不平	bu4 ping2	uneven; injustice; unfairness; wrong; grievance; indignant; dissatisfied	7-9
不幸	不幸	bu4 xing4	misfortune; adversity; unfortunate; sad; unfortunately; CL:個|个[ge4]	5
不得不	不得不	bu4 de2 bu4	have no choice or option but to; cannot but; have to; can't help it; can't avoid	3
不得了	不得了	bu4 de2 liao3	desperately serious; disastrous; extremely; exceedingly	5
不得已	不得已	bu4 de2 yi3	to act against one's will; to have no alternative but to; to have to; to have no choice; must	7-9
不得而知	不得而知	bu4 de2 er2 zhi1	unknown; unable to find out	7-9
不必	不必	bu4 bi4	need not; does not have to; not necessarily	3
不怎么	不怎麼	bu4 zen3 me5	not very; not particularly	6
不怎么样	不怎麼樣	bu4 zen3 me5 yang4	not up to much; very indifferent; nothing great about it; nothing good to be said about it	6
不耻下问	不恥下問	bu4 chi3 xia4 wen4	not feel ashamed to ask and learn from one's subordinates	7-9
不惜	不惜	bu4 xi1	not stint; not spare; not hesitate (to do sth); not scruple (to do sth)	7-9
不慎	不慎	bu4 shen4	incautious; inattentive	7-9
不懈	不懈	bu4 xie4	untiring; unremitting; indefatigable	7-9
不成	不成	bu4 cheng2	won't do; unable to; (at the end of a rhetorical question) can that be?	6
不敢当	不敢當	bu4 gan3 dang1	lit. I dare not (accept the honor); fig. I don't deserve your praise; you flatter me	5
不料	不料	bu4 liao4	unexpectedly; to one's surprise	6
不断	不斷	bu4 duan4	unceasing; uninterrupted; continuous; constant	3
不易	不易	bu4 yi4	not easy to do sth; difficult; unchanging	5
不时	不時	bu4 shi2	from time to time; now and then; occasionally; frequently	5
不景气	不景氣	bu4 jing3 qi4	slack; in a slump	7-9
不曾	不曾	bu4 ceng2	hasn't yet; hasn't ever	5
不服	不服	bu4 fu2	not to accept sth; to want to have sth overruled or changed; to refuse to obey or comply; to refuse to accept as final; to remain unconvinced by; not to give in to	7-9
不服气	不服氣	bu4 fu2 qi4	unwilling to concede; defiant; indignant; to find it galling	7-9
不止	不止	bu4 zhi3	incessantly; without end; more than; not limited to	5
不正之风	不正之風	bu4 zheng4 zhi1 feng1	unhealthy tendency	7-9
不满	不滿	bu4 man3	dissatisfied; discontented; resentful; (before a number) to be less than	2
不为人知	不為人知	bu4 wei2 ren2 zhi1	not known to anyone; secret; unknown	7-9
不然	不然	bu4 ran2	not so; no; or else; otherwise; if not; How about ...?	4
不理	不理	bu4 li3	to refuse to acknowledge; to pay no attention to; to take no notice of; to ignore	7-9
不用	不用	bu4 yong4	need not	1
不用说	不用說	bu4 yong4 shuo1	needless to say; it goes without saying	7-9
不由得	不由得	bu4 you2 de5	can't help; cannot but	7-9
不由自主	不由自主	bu4 you2 zi4 zhu3	(idiom) can't help but; involuntarily	7-9
不相上下	不相上下	bu4 xiang1 shang4 xia4	equally matched; about the same	7-9
不知	不知	bu4 zhi1	not to know; unaware; unknowingly; fig. not to admit (defeat, hardships, tiredness etc)	7-9
不知不觉	不知不覺	bu4 zhi1 bu4 jue2	(idiom) unconsciously; unwittingly	7-9
不禁	不禁	bu4 jin1	can't help (doing sth); can't refrain from	6
不算	不算	bu4 suan4	to not calculate; to not count; to not be considered (as); to have no weight	7-9
不管	不管	bu4 guan3	not to be concerned; regardless of; no matter	4
不约而同	不約而同	bu4 yue1 er2 tong2	(idiom) (of two or more people) to take the same action without prior consultation; (usu. used adverbially) all (or both) of them, independently; as if by prior agreement	7-9
不经意	不經意	bu4 jing1 yi4	not paying attention; carelessly; by accident	7-9
不翼而飞	不翼而飛	bu4 yi4 er2 fei1	to disappear without trace; to vanish all of a sudden; to spread fast; to spread like wildfire	7-9
不耐烦	不耐煩	bu4 nai4 fan2	impatient; to lose patience	5
不能不	不能不	bu4 neng2 bu4	have to; cannot but	5
不至于	不至於	bu4 zhi4 yu2	unlikely to go so far as to; not as bad as	6
不良	不良	bu4 liang2	bad; harmful; unhealthy; (of a device, connection, material etc) defective; faulty	5
不行	不行	bu4 xing2	won't do; be out of the question; be no good; not work; not be capable	2
不要	不要	bu4 yao4	don't!; must not	2
不要紧	不要緊	bu4 yao4 jin3	unimportant; not serious; it doesn't matter; never mind; it looks all right, but	4
不见	不見	bu4 jian4	not to see; not to meet; to have disappeared; to be missing	6
不见得	不見得	bu4 jian4 de5	not necessarily; not likely	7-9
不解	不解	bu4 jie3	to not understand; to be puzzled by; indissoluble	7-9
不许	不許	bu4 xu3	not to allow; must not; can't	5
不论	不論	bu4 lun4	whatever; no matter what (who, how etc); regardless of; not to discuss	3
不起眼	不起眼	bu4 qi3 yan3	unremarkable; nothing out of the ordinary	7-9
不足	不足	bu4 zu2	insufficient; lacking; deficiency; not enough; inadequate; not worth; cannot; should not	5
不辞而别	不辭而別	bu4 ci2 er2 bie2	to leave without saying good-bye	7-9
不通	不通	bu4 tong1	to be obstructed; to be blocked up; to be impassable; to make no sense; to be illogical	6
不过	不過	bu4 guo4	only; merely; no more than; but; however; anyway (to get back to a previous topic); cannot be more (after adjectival)	2
不适	不適	bu4 shi4	unwell; indisposed; out of sorts	7-9
不错	不錯	bu4 cuo4	correct; right; not bad; pretty good	2
不顾	不顧	bu4 gu4	in spite of; regardless of	5
丑	丑	Chou3	surname Chou	5
丑	丑	chou3	clown; 2nd earthly branch: 1-3 a.m., 12th solar month (6th January to 3rd February), year of the Ox; ancient Chinese compass point: 30°	5
世代	世代	shi4 dai4	for many generations; generation; era; age	7-9
世故	世故	shi4 gu4	the ways of the world	7-9
世故	世故	shi4 gu5	sophisticated; worldly-wise	7-9
世界	世界	shi4 jie4	world	3
世界杯	世界杯	Shi4 jie4 bei1	World Cup	3
世界级	世界級	shi4 jie4 ji2	world-class	7-9
世纪	世紀	shi4 ji4	century	3
世袭	世襲	shi4 xi2	succession; inheritance; hereditary	7-9
丘陵	丘陵	qiu1 ling2	hills	7-9
丙	丙	bing3	third of the ten Heavenly Stems 十天干[shi2 tian1 gan1]; third in order; letter "C" or Roman "III" in list "A, B, C", or "I, II, III" etc; ancient Chinese compass point: 165°; propyl	7-9
丢	丟	diu1	to lose; to put aside; to throw	5
丢人	丟人	diu1 ren2	to lose face	7-9
丢失	丟失	diu1 shi1	to lose; to misplace	7-9
丢掉	丟掉	diu1 diao4	to lose; to throw away; to discard; to cast away	7-9
丢弃	丟棄	diu1 qi4	to discard; to abandon	7-9
丢脸	丟臉	diu1 lian3	to lose face; humiliation	7-9
并且	並且	bing4 qie3	and; besides; moreover; furthermore; in addition	3
并列	並列	bing4 lie4	to stand side by side; to be juxtaposed	7-9
并行	並行	bing4 xing2	to proceed in parallel; side by side (of two processes, developments, thoughts etc)	7-9
并非	並非	bing4 fei1	really isn't	7-9
丫头	丫頭	ya1 tou5	girl; servant girl; (used deprecatingly, but sometimes also as a term of endearment)	7-9
中	中	Zhong1	(bound form) China; Chinese; surname Zhong	1
中	中	zhong1	within; among; in; middle; center; while (doing sth); during; (dialect) OK; all right	1
中	中	zhong4	to hit (a target); to be struck by (a bullet, illness etc); to win (a prize or lottery)	1
中介	中介	zhong1 jie4	to act as intermediary; to link; intermediate; inter-; agency; agent	4
中午	中午	zhong1 wu3	noon; midday; CL:個|个[ge4]	1
中国	中國	Zhong1 guo2	China	1
中国画	中國畫	Zhong1 guo2 hua4	Chinese painting	7-9
中型	中型	zhong1 xing2	medium sized	7-9
中外	中外	zhong1 wai4	Sino-foreign; Chinese-foreign; home and abroad	6
中央	中央	zhong1 yang1	central; middle; center; central authorities (of a state)	5
中学	中學	zhong1 xue2	middle school	1
中学生	中學生	zhong1 xue2 sheng1	middle-school student; high school student	1
中小学	中小學	zhong1 xiao3 xue2	middle and elementary school	2
中年	中年	zhong1 nian2	middle age	2
中庸	中庸	Zhong1 yong1	the Doctrine of the Mean, one of the Four Books 四書|四书[Si4 shu1]	7-9
中庸	中庸	zhong1 yong1	golden mean (Confucianism); (literary) (of person) mediocre; ordinary	7-9
中心	中心	zhong1 xin1	center; heart; core	2
中性	中性	zhong1 xing4	neutral	7-9
中文	中文	Zhong1 wen2	Chinese language	1
中断	中斷	zhong1 duan4	to cut short; to break off; to discontinue; to interrupt	5
中旬	中旬	zhong1 xun2	middle third of a month	7-9
中期	中期	zhong1 qi1	middle (of a period of time); medium-term (plan, forecast etc)	6
中止	中止	zhong1 zhi3	to cease; to suspend; to break off; to stop; to discontinue	7-9
中毒	中毒	zhong4 du2	to be poisoned	5
中奖	中獎	zhong4 jiang3	to win a prize (in a lottery etc)	4
中秋节	中秋節	Zhong1 qiu1 jie2	the Mid-Autumn Festival on 15th of 8th lunar month	5
中立	中立	zhong1 li4	neutral; neutrality	7-9
中等	中等	zhong1 deng3	medium	6
中级	中級	zhong1 ji2	middle level (in a hierarchy)	2
中华	中華	Zhong1 hua2	Zhonghua, historical and cultural term for China, often used to denote Chinese civilization and identity (as in 中華文化|中华文化[Zhong1 hua2 wen2 hua4] "Chinese culture"); used in the official name of the Republic of China, 中華民國|中华民国[Zhong1 hua2 Min2 guo2]	6
中华民族	中華民族	Zhong1 hua2 min2 zu2	the Chinese nation; the Chinese people (collective reference to all the ethnic groups in China)	3
中药	中藥	zhong1 yao4	traditional Chinese medicine; CL:服[fu4]	5
中途	中途	zhong1 tu2	midway	7-9
中部	中部	zhong1 bu4	middle part; central section; central region	3
中医	中醫	zhong1 yi1	traditional Chinese medical science; a doctor trained in Chinese medicine	2
中间	中間	zhong1 jian1	the middle; the inside; in the middle; within; between; among; during; in the meantime	1
中餐	中餐	zhong1 can1	lunch; Chinese meal; Chinese food; CL:份[fen4],頓|顿[dun4]	2
串	串	chuan4	to string together; to skewer; to connect wrongly; to gang up; to rove; string; bunch; skewer; classifier for things that are strung together, or in a bunch, or in a row: string of, bunch of, series of; to make a swift or abrupt linear movement (like a bead on an abacus); to move across	6
串门	串門	chuan4 men2	to call on sb; to drop in; to visit sb's home	7-9
丸	丸	wan2	ball; pellet; pill	7-9
主	主	zhu3	owner; master; host; individual or party concerned; God; Lord; main; to indicate or signify; trump card (in card games)	7-9
主人	主人	zhu3 ren2	master; host; owner; CL:個|个[ge4]	2
主人公	主人公	zhu3 ren2 gong1	hero (of a novel or film); main protagonist	7-9
主任	主任	zhu3 ren4	director; head; CL:個|个[ge4]	3
主力	主力	zhu3 li4	main force; main strength of an army	7-9
主动	主動	zhu3 dong4	to take the initiative; to do sth of one's own accord; spontaneous; active; opposite: passive 被動|被动[bei4 dong4]; drive (of gears and shafts etc)	3
主妇	主婦	zhu3 fu4	housewife; woman of senior authority in a household; the lady of the house; hostess	7-9
主宰	主宰	zhu3 zai3	to dominate; to rule; to dictate; master	7-9
主导	主導	zhu3 dao3	leading; dominant; prevailing; to lead; to direct; to dominate	5
主席	主席	zhu3 xi2	chairperson; premier; chairman; CL:個|个[ge4],位[wei4]	4
主张	主張	zhu3 zhang1	to advocate; to stand for; view; position; stand; proposition; viewpoint; assertion; CL:個|个[ge4]	3
主意	主意	zhu3 yi5	plan; idea; decision; CL:個|个[ge4]; Beijing pr. [zhu2 yi5]	3
主持	主持	zhu3 chi2	to take charge of; to manage or direct; to preside over; to uphold; to stand for (justice etc); to host (a TV or radio program etc); (TV) anchor	3
主持人	主持人	zhu3 chi2 ren2	host; master of ceremonies; (TV or radio) presenter; anchor; (Tw) (research project) principal investigator (PI); program director	6
主权	主權	zhu3 quan2	sovereignty	7-9
主流	主流	zhu3 liu2	main stream (of a river); fig. the essential point; main viewpoint of a matter; mainstream (culture etc)	6
主演	主演	zhu3 yan3	to play the leading role; to star; lead actor	7-9
主管	主管	zhu3 guan3	in charge; responsible for; person in charge; manager	5
主编	主編	zhu3 bian1	editor in chief	7-9
主义	主義	zhu3 yi4	-ism; ideology	7-9
主要	主要	zhu3 yao4	main; principal; major; primary	2
主观	主觀	zhu3 guan1	subjective	5
主角	主角	zhu3 jue2	leading role; lead; protagonist	6
主办	主辦	zhu3 ban4	to organize; to host (a conference or sports event)	5
主页	主頁	zhu3 ye4	home page	7-9
主题	主題	zhu3 ti2	theme; subject	4
主题歌	主題歌	zhu3 ti2 ge1	theme song	7-9
主食	主食	zhu3 shi2	staple food	7-9
主体	主體	zhu3 ti3	main part; bulk; body; subject; agent	5
乃	乃	nai3	to be; thus; so; therefore; then; only; thereupon	7-9
乃至	乃至	nai3 zhi4	and even; to go so far as to	7-9
久	久	jiu3	(of a period of time) long	3
久仰	久仰	jiu3 yang3	honorific: I've long looked forward to meeting you.; It's an honor to meet you at last.	7-9
久违	久違	jiu3 wei2	(haven't done sth) for a long time; a long time since we last met	7-9
之一	之一	zhi1 yi1	one of (sth); one out of a multitude; one (third, quarter, percent etc)	4
之下	之下	zhi1 xia4	under; beneath; less than	5
之中	之中	zhi1 zhong1	inside; among; in the midst of (doing sth); during	5
之内	之內	zhi1 nei4	inside; within	5
之前	之前	zhi1 qian2	before; prior to; ago; previously; beforehand	4
之外	之外	zhi1 wai4	outside; excluding	5
之后	之後	zhi1 hou4	after; behind; (at the beginning of a sentence) afterwards; since then	4
之所以	之所以	zhi1 suo3 yi3	(after a noun N and before a predicate P) the reason why N P; Example: 我之所以討厭他|我之所以讨厌他[wo3 zhi1 suo3 yi3 tao3 yan4 ta1] "the reason why I dislike him (is ...)"	7-9
之间	之間	zhi1 jian1	(after a noun) between; among; amid; (used after certain bisyllabic words to form expressions indicating a short period of time, e.g. 彈指之間|弹指之间[tan2 zhi3 zhi1 jian1])	4
之类	之類	zhi1 lei4	and so on; and such	6
乒乓球	乒乓球	ping1 pang1 qiu2	table tennis; ping-pong; table tennis ball; CL:個|个[ge4]	7-9
乖	乖	guai1	(of a child) obedient, well-behaved; clever; shrewd; alert; perverse; contrary to reason; irregular; abnormal	7-9
乖巧	乖巧	guai1 qiao3	clever (child); smart; lovable; cute	7-9
乘	乘	Cheng2	surname Cheng	5
乘	乘	cheng2	to ride; to mount; to make use of; to avail oneself of; to take advantage of; to multiply (math.); Buddhist sect or creed	5
乘	乘	sheng4	(archaic) four horse military chariot; (archaic) four; generic term for history books	5
乘人之危	乘人之危	cheng2 ren2 zhi1 wei1	to take advantage of sb's precarious position	7-9
乘坐	乘坐	cheng2 zuo4	to take (a ship, plane etc); to ride (in a train or other vehicle)	5
乘客	乘客	cheng2 ke4	passenger	5
乘车	乘車	cheng2 che1	to ride (in a car or carriage); to drive; to motor	5
乙	乙	yi3	second of the ten Heavenly Stems 十天干[shi2 tian1 gan1]; second in order; letter "B" or Roman "II" in list "A, B, C", or "I, II, III" etc; second party (in legal contract, usually 乙方[yi3 fang1], as opposed to 甲方[jia3 fang1]); ethyl; bent; winding; radical in Chinese characters (Kangxi radical 5); ancient Chinese compass point: 105°	5
乙	乙	zhe2	turning stroke (in Chinese characters), aka 折[zhe2]	5
九	九	jiu3	nine; 9	1
乞丐	乞丐	qi3 gai4	beggar	7-9
乞求	乞求	qi3 qiu2	to beg	7-9
乞讨	乞討	qi3 tao3	to beg; to go begging	7-9
也	也	Ye3	surname Ye	1
也	也	ye3	also; too; as well; (not ...) either; (used after a verbal or nominal expression X to indicate that X is an extreme or unexpected case) even (X); (literary) particle having functions similar to 啊[a5]	1
也好	也好	ye3 hao3	that's fine; may as well; (reduplicated) regardless of whether ... or ...	5
也就是说	也就是說	ye3 jiu4 shi4 shuo1	in other words; that is to say; so; thus	7-9
也许	也許	ye3 xu3	perhaps; maybe	2
乳制品	乳製品	ru3 zhi4 pin3	dairy products	6
干	乹	gan1	old variant of 乾|干[gan1]	1
干	乾	Gan1	surname Gan	1
干	乾	gan1	dry; dried food; empty; hollow; taken in to nominal kinship; adoptive; foster; futile; in vain; (dialect) rude; blunt; (dialect) to cold-shoulder	1
干旱	乾旱	gan1 han4	drought; (of land, climate etc) arid; dry	7-9
干杯	乾杯	gan1 bei1	to drink a toast; Cheers! (proposing a toast); Here's to you!; Bottoms up!; lit. dry cup	2
干净	乾淨	gan1 jing4	clean; neat	1
干燥	乾燥	gan1 zao4	(of weather, climate, soil etc) dry; arid; (of skin, mouth etc) dry; (fig.) dull; dry; boring; (of timber etc) to dry out; to season; to cure	7-9
干脆	乾脆	gan1 cui4	candid; direct and to the point; simply; just; might as well	5
干	亁	gan1	variant of 乾|干[gan1]	1
乱	亂	luan4	in confusion or disorder; in a confused state of mind; disorder; upheaval; riot; illicit sexual relations; to throw into disorder; to mix up; indiscriminate; random; arbitrary	3
乱七八糟	亂七八糟	luan4 qi1 ba1 zao1	(idiom) chaotic; in disorder; muddled	7-9
了	了	le5	(completed action marker); (modal particle indicating change of state, situation now); (modal particle intensifying preceding clause)	3
了	了	liao3	to finish; (used with 得[de2] or 不[bu4] after a verb to express (im)possibility, as in 忘不了[wang4 bu5 liao3] "cannot forget"); (literary) (usually followed by a negative such as 無|无[wu2] or 不[bu4]) completely (not); entirely (not); (not) in the least; to understand clearly (variant of 瞭|了[liao3])	3
了不起	了不起	liao3 bu5 qi3	amazing; terrific; extraordinary	4
了却	了卻	liao3 que4	to resolve; to settle	7-9
了结	了結	liao3 jie2	to settle; to finish; to conclude; to wind up	7-9
了解	了解	liao3 jie3	to understand; to realize; to find out	4
予以	予以	yu3 yi3	to give; to impose; to apply	7-9
事	事	shi4	matter; thing; item; work; affair; CL:件[jian4],樁|桩[zhuang1],回[hui2]	1
事件	事件	shi4 jian4	incident; event	3
事先	事先	shi4 xian1	in advance; before the event; beforehand; prior	4
事务	事務	shi4 wu4	(political, economic etc) affairs; work; transaction (as in a computer database)	7-9
事务所	事務所	shi4 wu4 suo3	business office; firm	7-9
事宜	事宜	shi4 yi2	matters; arrangements	7-9
事实	事實	shi4 shi2	fact; CL:個|个[ge4]	3
事实上	事實上	shi4 shi2 shang4	in fact; in reality; actually; as a matter of fact; de facto; ipso facto	3
事后	事後	shi4 hou4	after the event; in hindsight; in retrospect	6
事情	事情	shi4 qing5	affair; matter; thing; business; CL:件[jian4],樁|桩[zhuang1]	2
事态	事態	shi4 tai4	situation; existing state of affairs	7-9
事故	事故	shi4 gu4	accident; CL:樁|桩[zhuang1],起[qi3],次[ci4]	3
事业	事業	shi4 ye4	undertaking; project; activity; (charitable, political or revolutionary) cause; publicly funded institution, enterprise or foundation; career; occupation; CL:個|个[ge4]	3
事物	事物	shi4 wu4	thing; object	4
事迹	事蹟	shi4 ji4	notable deeds; exploits	7-9
事项	事項	shi4 xiang4	matter; item	7-9
二	二	er4	two; 2; (Beijing dialect) stupid	1
二手	二手	er4 shou3	indirectly acquired; second-hand (information, equipment etc); assistant	4
二手车	二手車	er4 shou3 che1	second-hand car	7-9
二氧化碳	二氧化碳	er4 yang3 hua4 tan4	carbon dioxide CO2	7-9
二维码	二維碼	er4 wei2 ma3	2D barcode; matrix code; (esp.) QR code	5
于	于	Yu2	surname Yu	6
于	于	yu2	to go; to take; sentence-final interrogative particle; variant of 於|于[yu2]	6
云	云	yun2	(classical) to say	2
互信	互信	hu4 xin4	mutual trust	7-9
互助	互助	Hu4 zhu4	see 互助土族自治縣|互助土族自治县[Hu4 zhu4 Tu3 zu2 Zi4 zhi4 xian4]	7-9
互助	互助	hu4 zhu4	to help each other	7-9
互动	互動	hu4 dong4	to interact; interactive	6
互相	互相	hu4 xiang1	each other; mutually; mutual	3
互联网	互聯網	Hu4 lian2 wang3	Internet	3
互补	互補	hu4 bu3	complementary; to complement each other	7-9
互访	互訪	hu4 fang3	exchange visits	7-9
五	五	wu3	five; 5	1
五星级	五星級	wu3 xing1 ji2	five-star (hotel)	7-9
五花八门	五花八門	wu3 hua1 ba1 men2	myriad; all kinds of; all sorts of	7-9
五颜六色	五顏六色	wu3 yan2 liu4 se4	multicolored; every color under the sun	4
井	井	Jing3	Jing, one of the 28 constellations of Chinese astronomy; surname Jing	6
井	井	jing3	a well; CL:口[kou3]; neat; orderly	6
些	些	xie1	classifier indicating a small amount or small number greater than 1: some, a few, several	4
亚军	亞軍	ya4 jun1	second place (in a sports contest); runner-up	5
亚运会	亞運會	Ya4 yun4 hui4	Asian Games	4
亡羊补牢	亡羊補牢	wang2 yang2 bu3 lao2	lit. to mend the pen after sheep are lost (idiom); fig. to act belatedly; better late than never; to lock the stable door after the horse has bolted	7-9
交	交	jiao1	to hand over; to deliver; to pay (money); to turn over; to make friends; (of lines) to intersect; variant of 跤[jiao1]	2
交付	交付	jiao1 fu4	to hand over; to deliver	7-9
交代	交代	jiao1 dai4	to transfer (duties to sb else); to give instructions; to tell (sb to do sth); to explain; to give an account; to brief; to confess; to account for oneself; (jocular) to come to a bad end	5
交叉	交叉	jiao1 cha1	to cross; to intersect; to overlap	7-9
交往	交往	jiao1 wang3	to associate (with); to have contact (with); to hang out (with); to date; (interpersonal) relationship; association; contact	3
交情	交情	jiao1 qing5	friendship; friendly relations	7-9
交接	交接	jiao1 jie1	(of two things) to come into contact; to meet; to hand over to; to take over from; to associate with; to have friendly relations with; to have sexual intercourse	7-9
交换	交換	jiao1 huan4	to exchange; to swap; to switch (telecom); commutative (math); to commute	4
交易	交易	jiao1 yi4	to deal; to trade; to transact; transaction; deal; CL:筆|笔[bi3]	3
交替	交替	jiao1 ti4	to replace; alternately; in turn	7-9
交朋友	交朋友	jiao1 peng2 you5	to make friends; (dialect) to start an affair with sb	2
交流	交流	jiao1 liu2	to exchange; exchange; communication; interaction; to have social contact (with sb)	3
交涉	交涉	jiao1 she4	to negotiate (with); to have dealings (with)	7-9
交界	交界	jiao1 jie4	common boundary; common border	7-9
交纳	交納	jiao1 na4	to pay (taxes or dues)	7-9
交给	交給	jiao1 gei3	to give; to deliver; to hand over	2
交谈	交談	jiao1 tan2	to discuss; to converse; chat; discussion	7-9
交警	交警	jiao1 jing3	traffic police (abbr. for 交通警察[jiao1 tong1 jing3 cha2])	3
交费	交費	jiao1 fei4	to pay a fee	3
交通	交通	jiao1 tong1	to be connected; traffic; transportation; communications; liaison	2
交锋	交鋒	jiao1 feng1	to cross swords; to have a confrontation (with sb)	7-9
交际	交際	jiao1 ji4	communication; social intercourse	4
交集	交集	jiao1 ji2	(of diverse emotions) to occur simultaneously; to intermingle; common ground; points of commonality; overlap; connection; interaction; dealings; (math.) (set theory) intersection	7-9
交响乐	交響樂	jiao1 xiang3 yue4	symphony	7-9
交头接耳	交頭接耳	jiao1 tou2 jie1 er3	to whisper to one another's ear	7-9
亦	亦	yi4	also	7-9
享	享	xiang3	to enjoy; to benefit; to have the use of	7-9
享受	享受	xiang3 shou4	to enjoy; to live it up; pleasure; CL:種|种[zhong3]	5
享有	享有	xiang3 you3	to enjoy (rights, privileges etc)	7-9
京剧	京劇	Jing1 ju4	Beijing opera; CL:場|场[chang3],齣|出[chu1]	3
亮	亮	liang4	bright; light; to shine; to flash; loud and clear; to show (one's passport etc); to make public (one's views etc)	2
亮相	亮相	liang4 xiang4	to strike a pose (Chinese opera); (fig.) to make a public appearance; to come out in public (revealing one's true personality, opinions etc); (of a product) to appear on the market or at a trade show etc	7-9
亮丽	亮麗	liang4 li4	bright and beautiful	7-9
亮点	亮點	liang4 dian3	highlight; bright spot	7-9
享	亯	xiang3	old variant of 享[xiang3]	7-9
夜	亱	ye4	variant of 夜[ye4]	2
人	人	ren2	person; people; CL:個|个[ge4],位[wei4],名[ming2]	1
人事	人事	ren2 shi4	personnel; human resources; human affairs; ways of the world; (euphemism) sexuality; the facts of life	7-9
人们	人們	ren2 men5	people	2
人力	人力	ren2 li4	manpower; labor power	5
人口	人口	ren2 kou3	population; people	2
人品	人品	ren2 pin3	character; moral strength; integrity; (coll.) looks; appearance; bearing	7-9
人员	人員	ren2 yuan2	staff; crew; personnel; CL:個|个[ge4]	3
人均	人均	ren2 jun1	per capita; averaged per person	7-9
人士	人士	ren2 shi4	person; figure; public figure	5
人家	人家	ren2 jia1	household; dwelling; family; sb else's house; household business; house of woman's husband-to-be; CL:戶|户[hu4],家[jia1]	4
人家	人家	ren2 jia5	other people; sb else; he, she or they; I, me (referring to oneself as "one" or "people")	4
人工	人工	ren2 gong1	artificial; manpower; manual work	3
人工智能	人工智能	ren2 gong1 zhi4 neng2	artificial intelligence (AI)	7-9
人性	人性	ren2 xing4	human nature; humanity; human; the totality of human attributes	7-9
人情	人情	ren2 qing2	human emotions; social relationship; friendship; favor; a good turn	7-9
人手	人手	ren2 shou3	manpower; staff; human hand	7-9
人才	人才	ren2 cai2	talent; talented person; looks; attractive looks	3
人数	人數	ren2 shu4	number of people	2
人文	人文	ren2 wen2	humanities; culture; humanistic	7-9
人格	人格	ren2 ge2	personality; integrity; dignity	7-9
人权	人權	ren2 quan2	human rights	6
人次	人次	ren2 ci4	person-times; visits; classifier for number of people participating	7-9
人民	人民	ren2 min2	the people	3
人民币	人民幣	ren2 min2 bi4	Renminbi, the official currency of the PRC (currency codes: RMB or CNY)	3
人气	人氣	ren2 qi4	popularity; presence of people; liveliness	7-9
人为	人為	ren2 wei2	artificial; man-made; having human cause or origin; human attempt or effort	7-9
人物	人物	ren2 wu4	person; personage; figure (esp. sb of importance); character (in a play, novel etc); (genre of traditional Chinese painting) figure painting	5
人生	人生	ren2 sheng1	life (one's time on earth)	3
人缘儿	人緣兒	ren2 yuan2 r5	erhua variant of 人緣|人缘[ren2 yuan2]	7-9
人群	人群	ren2 qun2	crowd	3
人行道	人行道	ren2 xing2 dao4	sidewalk	7-9
人质	人質	ren2 zhi4	hostage	7-9
人身	人身	ren2 shen1	person; personal; human body	7-9
人造	人造	ren2 zao4	man-made; artificial; synthetic	7-9
人道	人道	ren2 dao4	human sympathy; humanitarianism; humane; the "human way", one of the stages in the cycle of reincarnation (Buddhism); sexual intercourse	7-9
人选	人選	ren2 xuan3	choice of person; candidate	7-9
人间	人間	ren2 jian1	the human world; the earth	5
人类	人類	ren2 lei4	humanity; human race; mankind	3
人体	人體	ren2 ti3	human body	7-9
什么	什麼	shen2 me5	what?; something; anything	1
什么样	什麼樣	shen2 me5 yang4	what kind?; what sort?	2
仁慈	仁慈	ren2 ci2	benevolent; charitable; kind; kindly; kindness; merciful	7-9
仇	仇	Qiu2	surname Qiu	7-9
仇	仇	chou2	hatred; animosity; enmity; foe; enemy; to feel animosity toward (the wealthy, foreigners etc)	7-9
仇	仇	qiu2	spouse; companion	7-9
仇人	仇人	chou2 ren2	foe; one's personal enemy	7-9
仇恨	仇恨	chou2 hen4	to hate; hatred; enmity; hostility	7-9
今天	今天	jin1 tian1	today; the present time; now	1
今年	今年	jin1 nian2	this year	1
今后	今後	jin1 hou4	hereafter; henceforth; in the future; from now on	2
今日	今日	jin1 ri4	today	5
介入	介入	jie4 ru4	to intervene; to get involved	7-9
介意	介意	jie4 yi4	to care about; to take offense; to mind	7-9
介于	介於	jie4 yu2	between; intermediate; to lie between	7-9
介绍	介紹	jie4 shao4	to introduce (sb to sb); to give a presentation; to present (sb for a job etc); introduction	1
仍	仍	reng2	still; yet; to remain; (literary) frequently; often	3
仍然	仍然	reng2 ran2	still; as before; yet	3
仍旧	仍舊	reng2 jiu4	still (remaining); to remain (the same); yet	5
从	从	cong2	variant of 從|从[cong2]	1
仔细	仔細	zi3 xi4	careful; attentive; cautious; to be careful; to look out; (dialect) thrifty; frugal	5
他	他	ta1	(third-person singular) (since the early 20th century, usu. male) he; him; his; (bound form) other; another; some other (as in 他日[ta1 ri4] and 他人[ta1 ren2])	1
他人	他人	ta1 ren2	another person; sb else; other people	7-9
他们	他們	ta1 men5	they; them	1
付	付	Fu4	surname Fu	3
付	付	fu4	to pay; to hand over to; classifier for pairs or sets of things	3
付出	付出	fu4 chu1	to pay; to expend; to invest (energy or time)	4
付款	付款	fu4 kuan3	to pay a sum of money; payment	7-9
付费	付費	fu4 fei4	to pay; to cover the costs	7-9
仙女	仙女	xian1 nu:3	fairy	7-9
仙鹤	仙鶴	xian1 he4	red-crowned crane (Grus japonensis)	7-9
代	代	dai4	to be a substitute for; to act on behalf of; to replace; to substitute; generation; dynasty; age; period; (historical) era; (geological) eon	3
代价	代價	dai4 jia4	price; cost; consideration (in share dealing)	5
代替	代替	dai4 ti4	to replace; to take the place of	4
代理	代理	dai4 li3	to act on behalf of sb in a responsible position; to act as an agent or proxy; surrogate; (computing) proxy	5
代理人	代理人	dai4 li3 ren2	agent	7-9
代号	代號	dai4 hao4	code name	7-9
代表	代表	dai4 biao3	representative; delegate; CL:位[wei4],個|个[ge4],名[ming2]; to represent; to stand for; on behalf of; in the name of	3
代表团	代表團	dai4 biao3 tuan2	delegation; CL:個|个[ge4]	3
代言人	代言人	dai4 yan2 ren2	spokesperson	7-9
令	令	ling2	used in 脊令[ji2 ling2]; used in 令狐[Ling2 hu2] (Taiwan pr. [ling4])	5
令	令	ling3	classifier for a ream of paper	5
令	令	ling4	to order; to command; an order; warrant; writ; to cause; to make sth happen; virtuous; honorific title; season; government position (old); type of short song or poem	5
以	以	Yi3	abbr. for Israel 以色列[Yi3 se4 lie4]	7-9
以	以	yi3	to use; by means of; according to; in order to; because of; at (a certain date or place)	7-9
以上	以上	yi3 shang4	that level or higher; that amount or more; the above-mentioned; (used to indicate that one has completed one's remarks) That is all.	2
以下	以下	yi3 xia4	that level or lower; that amount or less; the following	2
以来	以來	yi3 lai2	since (used after a specified time or event)	3
以便	以便	yi3 bian4	so that; so as to; in order to	5
以免	以免	yi3 mian3	in order to avoid; so as not to	7-9
以内	以內	yi3 nei4	within; less than	4
以前	以前	yi3 qian2	before; formerly; previous; ago	2
以及	以及	yi3 ji2	and; as well as	4
以外	以外	yi3 wai4	apart from; other than; except for; external; outside of; on the other side of; beyond	2
以往	以往	yi3 wang3	in the past; formerly	5
以后	以後	yi3 hou4	after; later; afterwards; following; later on; in the future	2
以为	以為	yi3 wei2	to think; to believe (often with the implication that the belief is mistaken – unless referring to one's own current belief)	2
以至于	以至於	yi3 zhi4 yu2	down to; up to; to the extent that...	7-9
以致	以致	yi3 zhi4	to such an extent as to; down to; up to	7-9
以身作则	以身作則	yi3 shen1 zuo4 ze2	to set an example (idiom); to serve as a model	7-9
仰	仰	Yang3	surname Yang	6
仰	仰	yang3	to face upward; to look up; to admire; to rely on	6
仲裁	仲裁	zhong4 cai2	arbitration	7-9
件	件	jian4	item; component; classifier for events, things, clothes etc	2
价	价	jie4	(literary) messenger; servant	5
任人宰割	任人宰割	ren4 ren2 zai3 ge1	to get trampled on (idiom); to be taken advantage of	7-9
任何	任何	ren4 he2	any; whatever; whichever	3
任务	任務	ren4 wu5	mission; assignment; task; duty; role; CL:項|项[xiang4]	3
任命	任命	ren4 ming4	to appoint; (job) appointment; CL:紙|纸[zhi3]	7-9
任意	任意	ren4 yi4	any; arbitrary; at will; at random	7-9
任期	任期	ren4 qi1	term of office; CL:屆|届[jie4]; tenure (entire period in office)	7-9
任职	任職	ren4 zhi2	to hold a post; to take office	7-9
份	份	fen4	classifier for gifts, newspaper, magazine, papers, reports, contracts etc; variant of 分[fen4]	2
份额	份額	fen4 e2	share; portion	7-9
仿	仿	fang3	to imitate; to copy	7-9
仿佛	仿佛	fang3 fu2	to seem; as if; seemingly; alike; similar	6
仿制	仿製	fang3 zhi4	to copy; to imitate; to make by imitating a model	7-9
企图	企圖	qi3 tu2	to attempt; to try; attempt; CL:種|种[zhong3]	6
企业	企業	qi3 ye4	company; firm; enterprise; corporation; CL:家[jia1]	4
伊斯兰教	伊斯蘭教	Yi1 si1 lan2 jiao4	Islam	7-9
休假	休假	xiu1 jia4	to go on vacation; to have a holiday; to take leave	2
休克	休克	xiu1 ke4	(medicine) (loanword) shock; to go into shock	7-9
休息	休息	xiu1 xi5	rest; to rest	1
休想	休想	xiu1 xiang3	don't think (that); don't imagine (that)	7-9
休眠	休眠	xiu1 mian2	(biology) dormant; (of a volcano) dormant; (computing) to hibernate	7-9
休闲	休閒	xiu1 xian2	leisure; relaxation; not working; idle; to enjoy leisure; to lie fallow	5
休养	休養	xiu1 yang3	to recuperate; to recover; to convalesce	7-9
伙	伙	huo3	meals (abbr. for 伙食[huo3 shi2]); variant of 夥|伙[huo3]	4
伙伴	伙伴	huo3 ban4	partner; companion; comrade	4
伙食	伙食	huo3 shi2	food; meals	7-9
伯伯	伯伯	bo2 bo5	father's elder brother; uncle	7-9
伯母	伯母	bo2 mu3	wife of father's elder brother; aunt; (polite form of address for a woman who is about the age of one's mother); CL:個|个[ge4]	7-9
伯父	伯父	bo2 fu4	father's elder brother; term of respect for older man; CL:個|个[ge4]	7-9
估算	估算	gu1 suan4	assessment; evaluation	7-9
估计	估計	gu1 ji4	to estimate; to assess; to calculate; (coll.) to reckon; to think (that ...)	5
伴	伴	ban4	partner; companion; comrade; associate; to accompany	7-9
伴侣	伴侶	ban4 lu:3	companion; mate; partner	7-9
伴奏	伴奏	ban4 zou4	to accompany (musically)	7-9
伴随	伴隨	ban4 sui2	to accompany; to follow; to occur together with; concomitant	7-9
伸	伸	shen1	to stretch; to extend	5
伸张	伸張	shen1 zhang1	to uphold (e.g. justice or virtue); to promote	7-9
伸手	伸手	shen1 shou3	to reach out with one's hand; to hold out a hand; (fig.) to beg; to get involved; to meddle	7-9
伸缩	伸縮	shen1 suo1	to lengthen and shorten; flexible; adjustable; retractable; extensible; telescoping (collapsible)	7-9
伺候	伺候	ci4 hou5	to serve; to wait upon	7-9
伺机	伺機	si4 ji1	to wait for an opportunity; to watch for one's chance	7-9
似乎	似乎	si4 hu1	it seems; seemingly; as if	4
似是而非	似是而非	si4 shi4 er2 fei1	apparently right but actually wrong; specious (idiom)	7-9
似曾相识	似曾相識	si4 ceng2 xiang1 shi2	déjà vu (the experience of seeing exactly the same situation a second time); seemingly familiar; apparently already acquainted	7-9
似的	似的	shi4 de5	seems as if; rather like; Taiwan pr. [si4 de5]	4
但	但	dan4	but; yet; however; still; merely; only; just	2
但是	但是	dan4 shi4	but; however	2
但愿	但願	dan4 yuan4	if only (sth were possible); I wish (that)	7-9
布	佈	bu4	variant of 布[bu4]; to announce; to spread	3
布局	佈局	bu4 ju2	arrangement; composition; layout; opening (chess jargon)	7-9
布置	佈置	bu4 zhi4	to arrange; to set up; to lay out; to assign (tasks, homework etc)	4
位	位	wei4	position; location; place; seat; classifier for people (honorific); classifier for binary bits (e.g. 十六位 16-bit or 2 bytes); (physics) potential	2
位子	位子	wei4 zi5	place; seat	7-9
位于	位於	wei4 yu2	to be located at; to be situated at; to lie	4
位置	位置	wei4 zhi5	position; place; seat; CL:個|个[ge4]	4
低	低	di1	low; beneath; to lower (one's head); to let droop; to hang down; to incline	2
低下	低下	di1 xia4	low status; lowly; to lower (one's head)	7-9
低估	低估	di1 gu1	to underestimate; to underrate	7-9
低价	低價	di1 jia4	low price	7-9
低于	低於	di1 yu2	to be lower than	5
低温	低溫	di1 wen1	low temperature	6
低碳	低碳	di1 tan4	(attributive) low-carbon; low-carb (diet)	7-9
低调	低調	di1 diao4	low pitch; quiet (voice); subdued; low-key; low-profile	7-9
低谷	低谷	di1 gu3	valley; trough (as opposed to peaks); fig. low point; lowest ebb; nadir of one's fortunes	7-9
低迷	低迷	di1 mi2	blurred (landscape etc); low (spirits); in a slump (economy)	7-9
低头	低頭	di1 tou2	to bow the head; to yield; to give in	6
住	住	zhu4	to live; to reside; to stay; to stop; to cease; (result complement indicating firmness or a stable achieved state)	1
住址	住址	zhu4 zhi3	address	7-9
住宅	住宅	zhu4 zhai2	residence; dwelling; abode	6
住宿	住宿	zhu4 su4	to stay at; lodging; accommodation	7-9
住户	住戶	zhu4 hu4	household; inhabitant; householder	7-9
住房	住房	zhu4 fang2	housing	2
住处	住處	zhu4 chu4	residence; dwelling	7-9
住院	住院	zhu4 yuan4	to stay in hospital; to be hospitalized	2
佐料	佐料	zuo3 liao4	condiments; seasoning	7-9
占	佔	zhan4	variant of 占[zhan4]	2
占据	佔據	zhan4 ju4	to occupy; to hold	6
占有	佔有	zhan4 you3	to have; to own; to hold; to occupy; to possess; to account for (a high proportion etc)	5
占用	佔用	zhan4 yong4	to occupy	7-9
占领	佔領	zhan4 ling3	to capture; to seize; to occupy by force	5
何必	何必	he2 bi4	there is no need; why should	7-9
何时	何時	he2 shi2	when	7-9
何况	何況	he2 kuang4	let alone; to say nothing of; besides; what's more	7-9
何苦	何苦	he2 ku3	why bother?; is it worth the trouble?	7-9
何处	何處	he2 chu4	whence; where	7-9
余	余	Yu2	surname Yu	7-9
余	余	yu2	(literary) I; me; variant of 餘|余[yu2]	7-9
佛	佛	Fo2	Buddha; Buddhism (abbr. for 佛陀[Fo2 tuo2])	6
佛	佛	fu2	used in 仿佛[fang3 fu2]	6
佛教	佛教	Fo2 jiao4	Buddhism	6
作	作	zuo1	(bound form) worker; (bound form) workshop; (slang) troublesome; high-maintenance (person)	6
作	作	zuo4	to do; to engage in; to write; to compose; to pretend; to feign; to regard as; to consider to be; to be; to act the part of; to feel (itchy, nauseous etc); writings; works	6
作出	作出	zuo4 chu1	to put out; to come up with; to make (a choice, decision, proposal, response, comment etc); to issue (a permit, statement, explanation, apology, reassurance to the public etc); to draw (conclusion); to deliver (speech, judgment); to devise (explanation); to extract	4
作品	作品	zuo4 pin3	work (of art); opus; CL:部[bu4],篇[pian1]	3
作客	作客	zuo4 ke4	to live somewhere as a visitor; to stay with sb as a guest; to sojourn	7-9
作家	作家	zuo4 jia1	author; CL:個|个[ge4],位[wei4]	2
作对	作對	zuo4 dui4	to set oneself against; to oppose; to make a pair	7-9
作废	作廢	zuo4 fei4	to become invalid; to cancel; to delete; to nullify	6
作弊	作弊	zuo4 bi4	to practice fraud; to cheat; to engage in corrupt practices	7-9
作战	作戰	zuo4 zhan4	combat; to fight	6
作文	作文	zuo4 wen2	to write an essay; composition (student essay); CL:篇[pian1]	2
作业	作業	zuo4 ye4	school assignment; homework; work; task; operation; CL:個|个[ge4]; to operate	2
作为	作為	zuo4 wei2	one's conduct; deed; activity; accomplishment; achievement; to act as; as (in the capacity of); qua; to view as; to look upon (sth as); to take sth to be	4
作物	作物	zuo4 wu4	crop	7-9
作用	作用	zuo4 yong4	to act on; to affect; action; function; activity; impact; result; effect; purpose; intent; (suffix) -ation, -tion etc, as in 抑制作用[yi4 zhi4 zuo4 yong4], inhibition	2
作者	作者	zuo4 zhe3	author; writer	3
作风	作風	zuo4 feng1	style; style of work; way	7-9
你	你	ni3	you (informal, as opposed to courteous 您[nin2])	1
你们	你們	ni3 men5	you (plural)	1
佩服	佩服	pei4 fu2	to admire	7-9
佳节	佳節	jia1 jie2	festive day; holiday	7-9
并购	併購	bing4 gou4	merger and acquisition (M and A); acquisition; to take over	7-9
使	使	shi3	to make; to cause; to enable; to use; to employ; to send; to instruct sb to do sth; envoy; messenger	3
使劲	使勁	shi3 jin4	to exert all one's strength	4
使命	使命	shi3 ming4	mission; long-term task to which one devotes oneself; a calling	7-9
使唤	使喚	shi3 huan5	to order sb around; (coll.) to handle (a draught animal, tool, machine etc); Taiwan pr. [shi3 huan4]	7-9
使得	使得	shi3 de5	usable; serviceable; feasible; workable; doable; to make; to cause; to bring about	5
使用	使用	shi3 yong4	to use; to employ; to apply; to make use of	2
使者	使者	shi3 zhe3	emissary; envoy	7-9
侃大山	侃大山	kan3 da4 shan1	to chatter idly; to gossip; to boast or brag	7-9
来	來	lai2	to come; (used as a substitute for a more specific verb); hither (directional complement for motion toward the speaker, as in 回來|回来[hui2 lai5]); ever since (as in 自古以來|自古以来[zi4 gu3 yi3 lai2]); for the past (amount of time); (prefix) the coming ...; the next ... (as in 來世|来世[lai2 shi4]); (between two verbs) in order to; (after a round number) approximately; (used after 得[de2] to indicate possibility, as in 談得來|谈得来[tan2 de5 lai2], or after 不[bu4] to indicate impossibility, as in 吃不來|吃不来[chi1 bu5 lai2])	1
来不及	來不及	lai2 bu5 ji2	there's not enough time (to do sth); it's too late	4
来信	來信	lai2 xin4	incoming letter; to send us a letter	5
来到	來到	lai2 dao4	to arrive; to come	1
来回	來回	lai2 hui2	to make a round trip; return journey; back and forth; to and fro; repeatedly	7-9
来年	來年	lai2 nian2	next year; the coming year	7-9
来往	來往	lai2 wang3	to come and go; to have dealings with; to be in relation with	6
来得及	來得及	lai2 de5 ji2	to have enough time; can do it in time; can still make it	4
来历	來歷	lai2 li4	history; antecedents; origin	7-9
来源	來源	lai2 yuan2	source (of information etc); origin	4
来源于	來源於	lai2 yuan2 yu2	to originate in	7-9
来临	來臨	lai2 lin2	to approach; to come closer	7-9
来自	來自	lai2 zi4	to come from (a place); From: (in email header)	2
来访	來訪	lai2 fang3	to pay a visit	7-9
来宾	來賓	Lai2 bin1	see 來賓市|来宾市[Lai2 bin1 Shi4]	7-9
来宾	來賓	lai2 bin1	guest; visitor	7-9
来电	來電	lai2 dian4	incoming telephone call (or telegram); to phone in; to send in a telegram; to have an instant attraction to sb; (of electricity, after an outage) to come back	7-9
来龙去脉	來龍去脈	lai2 long2 qu4 mai4	lit. the rise and fall of the terrain (idiom); fig. the whole sequence of events; causes and effects	7-9
例外	例外	li4 wai4	exception; to be an exception	5
例如	例如	li4 ru2	for example; for instance; such as	2
例子	例子	li4 zi5	case; (for) instance; example; CL:個|个[ge4]	2
侍候	侍候	shi4 hou4	to serve; to wait upon	7-9
供	供	gong1	to provide; to supply; to be for (the use or convenience of)	7-9
供	供	gong4	to lay (sacrificial offerings); (bound form) offerings; to confess (Taiwan pr. [gong1]); confession; statement (Taiwan pr. [gong1])	7-9
供不应求	供不應求	gong1 bu4 ying4 qiu2	supply does not meet demand	7-9
供奉	供奉	gong4 feng4	to consecrate; to enshrine and worship; an offering (to one's ancestors); a sacrifice (to a god)	7-9
供应	供應	gong1 ying4	to supply; to provide (goods, services etc)	4
供暖	供暖	gong1 nuan3	to supply heating (in a building); heating	7-9
供求	供求	gong1 qiu2	supply and demand (economics)	7-9
供给	供給	gong1 ji3	to furnish; to provide; supply (as in supply and demand)	6
依	依	yi1	to depend on; to comply with or listen to sb; according to; in the light of	7-9
依依不舍	依依不捨	yi1 yi1 bu4 she3	reluctant to part (idiom); broken-hearted at having to leave	7-9
依据	依據	yi1 ju4	according to; basis; foundation	5
依次	依次	yi1 ci4	in order; in succession	6
依法	依法	yi1 fa3	legal (proceedings); according to law	5
依然	依然	yi1 ran2	still; as before	4
依照	依照	yi1 zhao4	according to; in light of	5
依旧	依舊	yi1 jiu4	as before; still; to remain the same	5
依托	依託	yi1 tuo1	to rely on; to depend on; support	7-9
依赖	依賴	yi1 lai4	to depend on; to be dependent on	6
依靠	依靠	yi1 kao4	to rely on sth (for support etc); to depend on	4
侮辱	侮辱	wu3 ru3	to insult; to humiliate; dishonor	7-9
侵占	侵佔	qin1 zhan4	to invade and occupy (territory)	7-9
侵害	侵害	qin1 hai4	to encroach on; to infringe on	7-9
侵权	侵權	qin1 quan2	to infringe the rights of; to violate; infringement	7-9
侵犯	侵犯	qin1 fan4	to infringe on; to encroach on; to violate; to assault	6
侵略	侵略	qin1 lu:e4	to invade; invasion	7-9
局限	侷限	ju2 xian4	variant of 局限[ju2 xian4]	7-9
便	便	bian4	plain; informal; suitable; convenient; opportune; to urinate or defecate; equivalent to 就[jiu4]: then; in that case; even if; soon afterwards	6
便	便	pian2	used in 便宜[pian2 yi5]; used in 便便[pian2 pian2]; used in 便嬛[pian2 xuan1]	6
便利	便利	bian4 li4	convenient; easy; to facilitate	5
便利店	便利店	bian4 li4 dian4	convenience store	7-9
便宜	便宜	bian4 yi2	convenient	2
便宜	便宜	pian2 yi5	cheap; inexpensive; a petty advantage; to let sb off lightly	2
便捷	便捷	bian4 jie2	convenient and fast	7-9
便于	便於	bian4 yu2	easy to; convenient for	5
便是	便是	bian4 shi4	(emphasizes that sth is precisely or exactly as stated); precisely; exactly; even; if; just like; in the same way as	6
便条	便條	bian4 tiao2	(informal) note; CL:張|张[zhang1],個|个[ge4]	5
便道	便道	bian4 dao4	pavement; sidewalk; shortcut; makeshift road	7-9
便饭	便飯	bian4 fan4	an ordinary meal; simple home cooking	7-9
系	係	xi4	to connect; to relate to; to tie up; to bind; to be (literary)	4
促使	促使	cu4 shi3	to prompt; to induce; to spur	4
促成	促成	cu4 cheng2	to facilitate; to help bring about	7-9
促进	促進	cu4 jin4	to promote (an idea or cause); to advance; boost	4
促销	促銷	cu4 xiao1	to promote sales	4
俄语	俄語	E2 yu3	Russian (language)	7-9
俊	俊	jun4	smart; eminent; handsome; talented	7-9
俊	俊	zun4	(dialectal pronunciation of 俊[jun4]); cool; neat	7-9
俊俏	俊俏	jun4 qiao4	attractive and intelligent; charming; elegant	7-9
俗	俗	su2	custom; convention; popular; common; coarse; vulgar; secular	7-9
俗话	俗話	su2 hua4	common saying; proverb	7-9
俗话说	俗話說	su2 hua4 shuo1	as the proverb says; as they say...	7-9
俗语	俗語	su2 yu3	common saying; proverb; colloquial speech	7-9
俘获	俘獲	fu2 huo4	to capture (enemy property or personnel); capture (physics: absorption of subatomic particle by an atom or nucleus)	7-9
俘虏	俘虜	fu2 lu3	captive	7-9
保	保	Bao3	Bulgaria (abbr. for 保加利亞|保加利亚[Bao3 jia1 li4 ya4])	3
保	保	bao3	to defend; to protect; to keep; to guarantee; to ensure; (old) civil administration unit in the baojia 保甲[bao3 jia3] system	3
保佑	保佑	bao3 you4	to bless and protect; blessing	7-9
保修	保修	bao3 xiu1	to promise to keep sth in good repair; guarantee; warranty	7-9
保健	保健	bao3 jian4	health protection; health care; to maintain in good health	6
保姆	保姆	bao3 mu3	nanny; babysitter; housekeeper	7-9
保存	保存	bao3 cun2	to conserve; to preserve; to keep; to store; (computing) to save (a file etc)	3
保守	保守	bao3 shou3	conservative; to guard; to keep	4
保安	保安	Bao3 an1	Bonan ethnic group	3
保安	保安	bao3 an1	to ensure public security; to ensure safety (for workers engaged in production); public security; security guard	3
保密	保密	bao3 mi4	to keep sth confidential; to maintain secrecy	4
保持	保持	bao3 chi2	to keep; to maintain; to hold; to preserve	3
保暖	保暖	bao3 nuan3	to keep warm	7-9
保留	保留	bao3 liu2	to keep; to retain; to have reservations (about sth); to hold back (from saying sth); to put aside for later	3
保管	保管	bao3 guan3	to hold in safekeeping; to have in one's care; to guarantee; certainly; surely; custodian; curator	7-9
保卫	保衛	bao3 wei4	to defend; to safeguard	5
保证	保證	bao3 zheng4	guarantee; to guarantee; to ensure; to safeguard; to pledge; CL:個|个[ge4]	3
保护	保護	bao3 hu4	to protect; to defend; to safeguard; protection; CL:種|种[zhong3]	3
保质期	保質期	bao3 zhi4 qi1	shelf life; expiration date	7-9
保重	保重	bao3 zhong4	to take care of oneself	7-9
保障	保障	bao3 zhang4	to ensure; to guarantee; to safeguard	7-9
保险	保險	bao3 xian3	insurance; to insure; safe; secure; be sure; be bound to; CL:份[fen4]	3
保养	保養	bao3 yang3	to take good care of (or conserve) one's health; to keep in good repair; to maintain; maintenance	5
保鲜	保鮮	bao3 xian1	to keep fresh; to preserve freshness	7-9
侠义	俠義	xia2 yi4	chivalrous; chivalry; knight-errantry	7-9
信仰	信仰	xin4 yang3	to believe in (a religion); firm belief; conviction	6
信件	信件	xin4 jian4	letter (sent by mail)	7-9
信任	信任	xin4 ren4	to trust; to have confidence in	3
信封	信封	xin4 feng1	envelope	3
信心	信心	xin4 xin1	confidence; faith (in sb or sth); CL:個|个[ge4]	2
信念	信念	xin4 nian4	faith; belief; conviction	5
信息	信息	xin4 xi1	information; news; message	2
信用	信用	xin4 yong4	trustworthiness; (commerce) credit; (literary) to trust and appoint	6
信用卡	信用卡	xin4 yong4 ka3	credit card	2
信箱	信箱	xin4 xiang1	mailbox; post office box	5
信号	信號	xin4 hao4	signal	2
信誉	信譽	xin4 yu4	prestige; distinction; reputation; trust	7-9
信贷	信貸	xin4 dai4	credit; borrowed money	7-9
信赖	信賴	xin4 lai4	to trust; to have confidence in; to have faith in; to rely on	7-9
修	修	Xiu1	surname Xiu	3
修	修	xiu1	to decorate; to embellish; to repair; to build; to write; to cultivate; to study; to take (a class)	3
修建	修建	xiu1 jian4	to build; to construct	5
修复	修復	xiu1 fu4	to restore; to renovate; (computing) to repair (a corrupted file etc)	5
修改	修改	xiu1 gai3	to amend; to alter; to modify	3
修正	修正	xiu1 zheng4	to revise; to amend; to rectify	7-9
修理	修理	xiu1 li3	to repair; to fix; to prune; to trim; (coll.) to sort sb out; to fix sb	4
修补	修補	xiu1 bu3	to mend	7-9
修订	修訂	xiu1 ding4	to revise	7-9
修路	修路	xiu1 lu4	to repair a road	7-9
修车	修車	xiu1 che1	to repair a bike (car etc)	6
修长	修長	xiu1 chang2	slender; lanky; tall and thin	7-9
修养	修養	xiu1 yang3	accomplishment; training; self-cultivation	5
俯首	俯首	fu3 shou3	to bend one's head	7-9
俱乐部	俱樂部	ju4 le4 bu4	(loanword) club (the organization or its premises)	5
俩	倆	lia3	two (colloquial equivalent of 兩個|两个); both; some	4
俩	倆	liang3	used in 伎倆|伎俩[ji4 liang3]	4
仓库	倉庫	cang1 ku4	depot; storehouse; warehouse	6
个	個	ge3	used in 自個兒|自个儿[zi4 ge3 r5]	1
个	個	ge4	(classifier used before a noun that has no specific classifier); (bound form) individual	1
个人	個人	ge4 ren2	individual; personal; oneself	3
个儿	個兒	ge4 r5	size; height; stature	5
个别	個別	ge4 bie2	individually; one by one; just one or two; exceptional; rare	4
个子	個子	ge4 zi5	stature; height; size (of a person or object); (agriculture) bundle of cereal stalks tied together	2
个性	個性	ge4 xing4	individuality; personality	3
个案	個案	ge4 an4	individual case; special case	7-9
个头儿	個頭兒	ge4 tou2 r5	size; height; stature	7-9
个体	個體	ge4 ti3	an individual; self-employed individual; small business operator (abbr. for 個體戶|个体户[ge4 ti3 hu4])	4
倍	倍	bei4	(two, three etc) -fold; times (multiplier); double; to increase or multiply	4
倒	倒	dao3	to fall; to collapse; to lie horizontally; to fail; to go bankrupt; to overthrow; to change (trains or buses); to move around; to resell at a profit	2
倒	倒	dao4	to invert; to place upside down or frontside back; to pour out; to tip out; to dump; inverted; upside down; reversed; to go backward; contrary to what one might expect; but; yet	2
倒下	倒下	dao3 xia4	to collapse; to topple over	7-9
倒塌	倒塌	dao3 ta1	to collapse (of building); to topple over	7-9
倒数	倒數	dao4 shu3	to count backwards (from 10 down to 0); to count down; from the bottom (lines on a page); from the back (rows of seats)	7-9
倒数	倒數	dao4 shu4	inverse number; reciprocal (math.)	7-9
倒是	倒是	dao4 shi5	contrary to what one might expect; actually; contrariwise; why don't you	5
倒计时	倒計時	dao4 ji4 shi2	to count down; countdown	7-9
倒卖	倒賣	dao3 mai4	to resell at a profit; to speculate	7-9
倒车	倒車	dao3 che1	to change buses, trains etc	4
倒车	倒車	dao4 che1	to reverse (a vehicle); to drive backwards	4
倒闭	倒閉	dao3 bi4	to go bankrupt; to close down	4
倒霉	倒霉	dao3 mei2	to have bad luck; to be out of luck	7-9
倔	倔	jue2	used in 倔強|倔强[jue2 jiang4]	7-9
倔	倔	jue4	gruff; surly	7-9
倔强	倔強	jue2 jiang4	stubborn; obstinate; unbending	7-9
幸免	倖免	xing4 mian3	to avoid (an unpleasant fate)	7-9
幸存	倖存	xing4 cun2	to survive (a disaster)	7-9
倘若	倘若	tang3 ruo4	if; supposing; in case	7-9
候选人	候選人	hou4 xuan3 ren2	candidate; CL:名[ming2]	7-9
倚	倚	yi3	to lean on; to rely upon	7-9
借	借	jie4	to borrow; (used in combination with 給|给[gei3] or 出[chu1] etc) to lend; to make use of; to avail oneself of; (sometimes followed by 著|着[zhe5]) by; with	2
借助	借助	jie4 zhu4	to draw support from; with the help of	7-9
借口	借口	jie4 kou3	to use as an excuse; excuse; pretext	7-9
借条	借條	jie4 tiao2	receipt for a loan; IOU	7-9
借用	借用	jie4 yong4	to borrow sth for another use; to borrow an idea for one's own use	7-9
借鉴	借鑒	jie4 jian4	to draw on (others' experience); to learn from (how others do things); lesson to be learned (by observing others)	6
倡导	倡導	chang4 dao3	to advocate; to initiate; to propose; to be a proponent of (an idea or school of thought)	5
倡议	倡議	chang4 yi4	to suggest; to initiate; proposal; initiative	7-9
仿	倣	fang3	variant of 仿[fang3]	7-9
伦理	倫理	lun2 li3	ethics	7-9
值	值	zhi2	value; (to be) worth; to happen to; to be on duty	3
值得	值得	zhi2 de5	worth the money; to merit; to deserve; to be worth (doing sth)	3
值班	值班	zhi2 ban1	to work a shift; on duty	5
值钱	值錢	zhi2 qian2	valuable; costly; expensive	7-9
假	假	gei1	used in 假掰[gei1 bai1]	2
假	假	jia3	fake; false; artificial; to borrow; if; suppose	2
假	假	jia4	vacation	2
假使	假使	jia3 shi3	if; in case; suppose; given ...	7-9
假冒	假冒	jia3 mao4	to impersonate; to pose as (someone else); to counterfeit; to palm off (a fake as a genuine)	7-9
假如	假如	jia3 ru2	if	4
假定	假定	jia3 ding4	to assume; to suppose; supposed; so-called; assumption; hypothesis	7-9
假日	假日	jia4 ri4	a holiday; a day off	6
假期	假期	jia4 qi1	vacation	2
假装	假裝	jia3 zhuang1	to feign; to pretend	7-9
假设	假設	jia3 she4	to suppose; to presume; to assume; supposing that ...; if; hypothesis; conjecture	7-9
伟大	偉大	wei3 da4	huge; great; grand; worthy of the greatest admiration; important (contribution etc)	3
偏	偏	pian1	to lean; to slant; oblique; prejudiced; to deviate from average; to stray from the intended line; stubbornly; contrary to expectations	6
偏偏	偏偏	pian1 pian1	(indicating that sth turns out just the opposite of what one would wish) unfortunately; as it happened; (indicating that sth is the opposite of what would be normal or reasonable) stubbornly; contrarily; against reason; (indicating that sb or a group is singled out) precisely; only; of all people	7-9
偏僻	偏僻	pian1 pi4	remote; desolate; far from the city	7-9
偏向	偏向	pian1 xiang4	partial towards sth; to prefer; to incline; erroneous tendencies (Leftist or Revisionist deviation)	7-9
偏差	偏差	pian1 cha1	bias; deviation	7-9
偏方	偏方	pian1 fang1	folk remedy; home remedy	7-9
偏见	偏見	pian1 jian4	prejudice; bias	7-9
偏远	偏遠	pian1 yuan3	remote; far from civilization	7-9
做	做	zuo4	to make; to produce; to write; to compose; to do; to engage in; to hold (a party etc); (of a person) to be (an intermediary, a good student etc); to become (husband and wife, friends etc); (of a thing) to serve as; to be used for; to assume (an air or manner)	1
做到	做到	zuo4 dao4	to accomplish; to achieve	2
做梦	做夢	zuo4 meng4	to dream; to have a dream; (fig.) to indulge in wishful thinking	4
做客	做客	zuo4 ke4	to be a guest or visitor	3
做法	做法	zuo4 fa3	way of handling sth; method for making; work method; recipe; practice; CL:個|个[ge4]	2
做生意	做生意	zuo4 sheng1 yi4	to do business	7-9
做证	做證	zuo4 zheng4	variant of 作證|作证[zuo4 zheng4]	7-9
做饭	做飯	zuo4 fan4	to prepare a meal; to cook	2
停	停	ting2	to stop; to halt; to park (a car)	2
停下	停下	ting2 xia4	to stop	4
停放	停放	ting2 fang4	to park (a car etc); to moor (a boat etc); to leave sth (in a place)	7-9
停业	停業	ting2 ye4	to cease trading (temporarily or permanently); to close down	7-9
停止	停止	ting2 zhi3	to stop; to halt; to cease	3
停泊	停泊	ting2 bo2	to anchor; anchorage; mooring (of a ship)	7-9
停留	停留	ting2 liu2	to stay somewhere temporarily; to stop over	5
停车	停車	ting2 che1	to pull up (stop one's vehicle); to park; (of a machine) to stop working; to stall	2
停车位	停車位	ting2 che1 wei4	parking space; parking spot	7-9
停车场	停車場	ting2 che1 chang3	parking lot; car park	2
停电	停電	ting2 dian4	to have a power failure; power cut	7-9
停顿	停頓	ting2 dun4	to halt; to break off; pause (in speech)	7-9
健全	健全	jian4 quan2	robust; sound	5
健壮	健壯	jian4 zhuang4	robust; healthy; sturdy	7-9
健康	健康	jian4 kang1	health; healthy	2
健美	健美	jian4 mei3	healthy and beautiful; to do fitness exercises; abbr. for 健美運動|健美运动[jian4 mei3 yun4 dong4]	7-9
健身	健身	jian4 shen1	to exercise; to keep fit; to work out; physical exercise	4
逼	偪	bi1	variant of 逼[bi1]; to compel; to pressure	6
侧	側	ce4	the side; to incline towards; to lean; inclined; lateral; side	6
侧	側	zhai1	lean on one side	6
侧重	側重	ce4 zhong4	to place particular emphasis on	7-9
侧面	側面	ce4 mian4	lateral side; side; aspect; profile	7-9
侦察	偵察	zhen1 cha2	to investigate a crime; to scout; to reconnoiter; reconnaissance; detection; a scout	7-9
偶像	偶像	ou3 xiang4	idol	5
偶然	偶然	ou3 ran2	incidentally; occasional; occasionally; by chance; randomly	5
偶尔	偶爾	ou3 er3	occasionally; once in a while; sometimes	5
偷	偷	tou1	to steal; to pilfer; to snatch; thief; stealthily	5
偷偷	偷偷	tou1 tou1	stealthily; secretly; covertly; furtively; on the sly	5
偷懒	偷懶	tou1 lan3	to goof off; to be lazy	7-9
偷看	偷看	tou1 kan4	to peep; to peek; to steal a glance	7-9
偷窥	偷窺	tou1 kui1	to peep; to peek; to act as voyeur	7-9
咱	偺	zan2	variant of 咱[zan2]	2
伪装	偽裝	wei3 zhuang1	to pretend to be (asleep etc); to disguise oneself as; pretense; disguise; (military) to camouflage; camouflage	7-9
伪造	偽造	wei3 zao4	to forge; to fake; to counterfeit	7-9
傍晚	傍晚	bang4 wan3	in the evening; when night falls; towards evening; at night fall; at dusk	6
杰出	傑出	jie2 chu1	outstanding; distinguished; remarkable; prominent; illustrious	6
伞	傘	san3	umbrella; parasol; CL:把[ba3]	4
备受	備受	bei4 shou4	to receive a great deal of (respect, criticism, attention etc)	7-9
备用	備用	bei4 yong4	reserve; spare; alternate; backup	7-9
备课	備課	bei4 ke4	(of a teacher) to do one's lesson preparation	7-9
效仿	傚仿	xiao4 fang3	see 仿傚|仿效[fang3 xiao4]	7-9
家	傢	jia1	used in 傢伙|家伙[jia1 huo5] and 傢俱|家俱[jia1 ju4]	1
家伙	傢伙	jia1 huo5	variant of 家伙[jia1 huo5]	7-9
催	催	cui1	to urge; to press; to prompt; to rush sb; to hasten sth; to expedite	7-9
催促	催促	cui1 cu4	to urge	7-9
催眠	催眠	cui1 mian2	hypnosis	7-9
傲	傲	ao4	proud; arrogant; to despise; unyielding; to defy	7-9
傲慢	傲慢	ao4 man4	arrogant; haughty	7-9
传	傳	chuan2	to pass on; to spread; to transmit; to infect; to transfer; to circulate; to conduct (electricity)	7-9
传	傳	zhuan4	biography; historical narrative; commentaries; relay station	7-9
传人	傳人	chuan2 ren2	to teach; to impart; a disciple; descendant	7-9
传来	傳來	chuan2 lai2	(of a sound) to come through; to be heard; (of news) to arrive	3
传出	傳出	chuan2 chu1	to transmit outwards; to disseminate; efferent (nerve)	6
传奇	傳奇	chuan2 qi2	legendary; fantasy saga; romance; short stories of the Tang and Song Dynasty	7-9
传媒	傳媒	chuan2 mei2	media	6
传承	傳承	chuan2 cheng2	to pass on (to future generations); passed on (from former times); a continued tradition; an inheritance	7-9
传授	傳授	chuan2 shou4	to impart; to pass on; to teach	7-9
传播	傳播	chuan2 bo1	to disseminate; to propagate; to spread	3
传染	傳染	chuan2 ran3	to infect; contagious	7-9
传染病	傳染病	chuan2 ran3 bing4	infectious disease; contagious disease; communicable disease	7-9
传真	傳真	chuan2 zhen1	to fax; a fax; (literary) to portray vividly in painting	5
传统	傳統	chuan2 tong3	tradition; traditional	4
传闻	傳聞	chuan2 wen2	rumor	7-9
传言	傳言	chuan2 yan2	rumor; hearsay	6
传记	傳記	zhuan4 ji4	biography; CL:篇[pian1],部[bu4]	7-9
传说	傳說	chuan2 shuo1	legend; folk tale; to repeat from mouth to mouth; they say that...	3
传输	傳輸	chuan2 shu1	to transmit; transmission	6
传达	傳達	chuan2 da2	to pass on; to convey; to relay; to transmit; transmission	5
传递	傳遞	chuan2 di4	to transmit; to pass on to sb else; (math.) transitive	5
债	債	zhai4	debt; CL:筆|笔[bi3]	6
债务	債務	zhai4 wu4	debt; liability; amount due; indebtedness	7-9
伤	傷	shang1	to injure; injury; wound	3
伤亡	傷亡	shang1 wang2	casualties; injuries and deaths	6
伤势	傷勢	shang1 shi4	condition of an injury	7-9
伤口	傷口	shang1 kou3	wound; cut	6
伤员	傷員	shang1 yuan2	wounded person	6
伤害	傷害	shang1 hai4	to injure; to harm	4
伤心	傷心	shang1 xin1	to grieve; to be broken-hearted; to feel deeply hurt	3
伤感	傷感	shang1 gan3	sad; emotional; sentimental; pathos	7-9
伤残	傷殘	shang1 can2	disabled; maimed; crippled; (of objects) damaged	7-9
伤痕	傷痕	shang1 hen2	scar; bruise	7-9
伤脑筋	傷腦筋	shang1 nao3 jin1	to be a real headache; to find sth a real headache; to beat one's brains	7-9
傻	傻	sha3	foolish	5
傻瓜	傻瓜	sha3 gua1	idiot; fool	7-9
倾向	傾向	qing1 xiang4	trend; tendency; orientation	6
倾家荡产	傾家蕩產	qing1 jia1 dang4 chan3	to lose a family fortune (idiom)	7-9
倾斜	傾斜	qing1 xie2	to incline; to lean; to slant; to slope; to tilt	7-9
倾听	傾聽	qing1 ting1	to listen attentively	7-9
倾诉	傾訴	qing1 su4	to say everything (that is on one's mind)	7-9
倾销	傾銷	qing1 xiao1	to dump (goods, products)	7-9
仅	僅	jin3	barely; only; merely	3
仅仅	僅僅	jin3 jin3	barely; only; merely; only (this and nothing more)	3
仅次于	僅次於	jin3 ci4 yu2	second only to ...; ranking behind only ...	7-9
像样	像樣	xiang4 yang4	presentable; decent; up to par	7-9
僧人	僧人	seng1 ren2	monk	7-9
雇	僱	gu4	variant of 雇[gu4]	7-9
雇主	僱主	gu4 zhu3	variant of 雇主[gu4 zhu3]	7-9
雇佣	僱傭	gu4 yong1	to employ; to hire	7-9
僵	僵	jiang1	rigid; deadlock; stiff (corpse)	7-9
僵化	僵化	jiang1 hua4	to become rigid	7-9
僵局	僵局	jiang1 ju2	impasse; deadlock	7-9
价	價	jia4	price; value; (chemistry) valence	5
价	價	jie5	particle used between an adverb and a verb or adjective; (dialect) particle used after a negative adverb such as 不[bu4] or 別|别[bie2] without any other following element	5
价位	價位	jia4 wei4	price level	7-9
价值	價值	jia4 zhi2	value; worth; (ethical, cultural etc) values	3
价值观	價值觀	jia4 zhi2 guan1	value system; personal or cultural values	7-9
价格	價格	jia4 ge2	price	3
价钱	價錢	jia4 qian5	price	3
僻静	僻靜	pi4 jing4	lonely; secluded	7-9
仪器	儀器	yi2 qi4	instrument; apparatus; CL:臺|台[tai2]	6
仪式	儀式	yi2 shi4	ceremony	6
仪表	儀表	yi2 biao3	appearance; bearing; meter (i.e. measuring instrument)	7-9
俊	儁	jun4	variant of 俊[jun4]	7-9
亿	億	yi4	100 million	2
儒学	儒學	Ru2 xue2	Confucianism	7-9
儒家	儒家	Ru2 jia1	Confucian school, founded by Confucius 孔子[Kong3 zi3] (551-479 BC) and Mencius 孟子[Meng4 zi3] (c. 372-c. 289 BC)	7-9
拟	儗	ni3	doubtful; suspicious; variant of 擬|拟[ni3]; to emulate; to imitate	7-9
尽	儘	jin3	to the greatest extent; (when used before a noun of location) furthest or extreme; to be within the limits of; to give priority to	7-9
尽可能	儘可能	jin3 ke3 neng2	as far as possible; to the best of one's ability	5
尽快	儘快	jin3 kuai4	as quickly as possible; as soon as possible	4
尽早	儘早	jin3 zao3	as early as possible	7-9
尽管	儘管	jin3 guan3	despite; although; even though; in spite of; unhesitatingly; do not hesitate (to ask, complain etc); (go ahead and do it) without hesitating	5
尽量	儘量	jin3 liang4	as much as possible; to the greatest extent	3
偿还	償還	chang2 huan2	to repay; to reimburse	7-9
优	優	you1	excellent; superior	7-9
优先	優先	you1 xian1	to have priority; to take precedence	5
优势	優勢	you1 shi4	superiority; dominance; advantage	3
优化	優化	you1 hua4	to optimize; (corporate euphemism) to lay off staff	7-9
优惠	優惠	you1 hui4	privilege; favorable (terms); preferential (treatment); discount (price)	5
优异	優異	you1 yi4	exceptional; outstandingly good	7-9
优秀	優秀	you1 xiu4	outstanding; excellent	4
优美	優美	you1 mei3	graceful; fine; elegant	4
优良	優良	you1 liang2	fine; good; first-rate	4
优质	優質	you1 zhi4	excellent quality	6
优越	優越	you1 yue4	superior; superiority	7-9
优雅	優雅	you1 ya3	grace; graceful	7-9
优点	優點	you1 dian3	merit; benefit; strong point; advantage; CL:個|个[ge4],項|项[xiang4]	3
储备	儲備	chu3 bei4	to store up; reserves	7-9
储存	儲存	chu3 cun2	stockpile; to store; to stockpile; storage	6
储蓄	儲蓄	chu3 xu4	to save money (in a bank); savings	7-9
允许	允許	yun3 xu3	to permit; to allow	6
元	元	Yuan2	surname Yuan; Yuan dynasty (1279–1368)	1
元	元	yuan2	currency unit (esp. Chinese yuan); (bound form) first; original; primary; (bound form) basic; fundamental; (bound form) constituent; part; (prefix) meta-; (math.) argument; variable; era (of a reign); (Tw) (geology) eon	1
元宵节	元宵節	Yuan2 xiao1 jie2	Lantern Festival, the final event of the Spring Festival 春節|春节, on 15th of first month of the lunar calendar	7-9
元旦	元旦	Yuan2 dan4	New Year's Day	5
元素	元素	yuan2 su4	element (key component of sth); (chemistry) element; (math.) element (member of a set)	6
元老	元老	yuan2 lao3	senior figure; doyen; founding member; veteran	7-9
元首	元首	yuan2 shou3	head of state	7-9
兄弟	兄弟	xiong1 di4	brothers; younger brother; CL:個|个[ge4]; I, me (humble term used by men in public speech); brotherly; fraternal	4
充	充	chong1	sufficient; full; to fill; to serve as; to act as; to act falsely as; to pose as	7-9
充分	充分	chong1 fen4	ample; sufficient; adequate; full; fully; to the full	4
充实	充實	chong1 shi2	rich; full; substantial; to enrich; to augment; to substantiate (an argument)	7-9
充沛	充沛	chong1 pei4	abundant; plentiful	7-9
充满	充滿	chong1 man3	full of; brimming with; very full; permeated	3
充当	充當	chong1 dang1	to serve as; to act as; to play the role of	7-9
充足	充足	chong1 zu2	adequate; sufficient; abundant	5
充电	充電	chong1 dian4	to recharge (a battery); (fig.) to recharge one's batteries (through leisure); to update one's skills and knowledge	4
充电器	充電器	chong1 dian4 qi4	battery charger	4
兆头	兆頭	zhao4 tou5	omen; portent; sign	7-9
凶	兇	xiong1	terrible; fearful	6
凶恶	兇惡	xiong1 e4	fierce; ferocious; fiendish; frightening	7-9
凶手	兇手	xiong1 shou3	murderer; assassin	6
凶残	兇殘	xiong1 can2	savage; cruel; fierce	7-9
凶狠	兇狠	xiong1 hen3	variant of 凶狠[xiong1 hen3]	7-9
凶猛	兇猛	xiong1 meng3	fierce; violent; ferocious	7-9
先	先	xian1	beforehand; first; earlier; at first; originally; for the time being; for now; (prefix) my late (in referring to deceased relatives older than oneself)	1
先例	先例	xian1 li4	precedent	7-9
先前	先前	xian1 qian2	before; previously	5
先天	先天	xian1 tian1	embryonic period (contrasted with 後天|后天[hou4 tian1]); inborn; innate; natural	7-9
先后	先後	xian1 hou4	early or late; first and last; priority; in succession; one after another	5
先生	先生	xian1 sheng5	teacher; gentleman; sir; mister (Mr.); husband; (dialect) doctor; CL:位[wei4]	1
先进	先進	xian1 jin4	sophisticated; advanced (technology etc); meritorious; exemplary (deeds etc)	3
先锋	先鋒	xian1 feng1	vanguard; pioneer; avant-garde	6
光	光	guang1	light; ray (CL:道[dao4]); bright; shiny; only; merely; used up; finished; to leave (a part of the body) uncovered	3
光彩	光彩	guang1 cai3	luster; splendor; radiance; brilliance	7-9
光明	光明	guang1 ming2	light; radiance; (fig.) bright (prospects etc); openhearted	3
光明磊落	光明磊落	guang1 ming2 lei3 luo4	open and candid (idiom); straightforward and upright	7-9
光荣	光榮	guang1 rong2	honor and glory; glorious	5
光滑	光滑	guang1 hua2	glossy; sleek; smooth	7-9
光泽	光澤	Guang1 ze2	see 光澤縣|光泽县[Guang1 ze2 Xian4]	7-9
光泽	光澤	guang1 ze2	luster; gloss	7-9
光环	光環	guang1 huan2	ring of light; halo; (fig.) glory; splendor	7-9
光盘	光盤	guang1 pan2	compact disc (CD); DVD; CD-ROM; CL:片[pian4],張|张[zhang1]	4
光碟	光碟	guang1 die2	optical disc; compact disc; CD; CD-ROM; CL:片[pian4],張|张[zhang1]	7-9
光线	光線	guang1 xian4	light ray; CL:條|条[tiao2],道[dao4]; light; illumination; lighting (for a photograph)	5
光缆	光纜	guang1 lan3	optical cable	7-9
光临	光臨	guang1 lin2	(formal) to honor with one's presence; to attend	4
光芒	光芒	guang1 mang2	rays of light; brilliant rays; radiance	7-9
光辉	光輝	guang1 hui1	radiance; glory; brilliant; magnificent	6
光顾	光顧	guang1 gu4	to visit (as a customer)	7-9
克	克	Ke4	abbr. for 克羅地亞|克罗地亚[Ke4 luo2 di4 ya4], Croatia; (Tw) abbr. for 克羅埃西亞|克罗埃西亚[Ke4 luo2 ai1 xi1 ya4], Croatia	2
克	克	ke4	to be able to; to subdue; to restrain; to overcome; gram; Tibetan unit of land area, about 6 ares	2
克制	克制	ke4 zhi4	to restrain; to control; restraint; self-control	7-9
克服	克服	ke4 fu2	(try to) overcome (hardships etc); to conquer; to put up with; to endure	3
克隆	克隆	ke4 long2	(biology) (loanword) to clone; a clone; (fig.) to make an identical copy of (a website etc)	7-9
兑换	兌換	dui4 huan4	to convert; to exchange	7-9
兑现	兌現	dui4 xian4	(of a check etc) to cash; to honor a commitment	7-9
免	免	mian3	to excuse sb; to exempt; to remove or dismiss from office; to avoid; to avert; to escape; to be prohibited	7-9
免	免	wen4	old variant of 絻[wen4]	7-9
免不了	免不了	mian3 bu4 liao3	unavoidable; can't be avoided	7-9
免得	免得	mian3 de5	so as not to; so as to avoid	6
免疫	免疫	mian3 yi4	immunity (to disease)	7-9
免职	免職	mian3 zhi2	to relieve sb of his post; to sack; to demote; dismissal; sacking	7-9
免费	免費	mian3 fei4	free (of charge)	4
免除	免除	mian3 chu2	to prevent; to avoid; to excuse; to exempt; to relieve; (of a debt) to remit	7-9
兔	兎	tu4	variant of 兔[tu4]	5
儿女	兒女	er2 nu:3	children; sons and daughters; a young man and a young woman (in love)	5
儿子	兒子	er2 zi5	son	1
儿科	兒科	er2 ke1	pediatrics	6
儿童	兒童	er2 tong2	child	4
兔	兔	tu4	rabbit	5
兜	兜	dou1	pocket; bag; to wrap up or hold in a bag; to move in a circle; to canvas or solicit; to take responsibility for; to disclose in detail; combat armor (old)	7-9
兜儿	兜兒	dou1 r5	erhua variant of 兜[dou1]	7-9
兜售	兜售	dou1 shou4	to hawk; to peddle	7-9
兜	兠	dou1	old variant of 兜[dou1]	7-9
兢兢业业	兢兢業業	jing1 jing1 ye4 ye4	(idiom) conscientious; assiduous	7-9
入	入	ru4	to enter; to go into; to join; to become a member of; (bound form) to conform to (as in 入時|入时[ru4 shi2]); abbr. for 入聲|入声[ru4 sheng1]; (on product packaging, after {number n} + {classifier}) containing (n pieces) (from Japanese 入 "iri")	6
入侵	入侵	ru4 qin1	to invade	7-9
入口	入口	ru4 kou3	entrance; to import	2
入场	入場	ru4 chang3	to enter the venue for a meeting; to enter into an examination; to enter a stadium, arena etc	7-9
入场券	入場券	ru4 chang3 quan4	admission ticket; (fig.) qualification to enter a higher-level competition or field	7-9
入境	入境	ru4 jing4	to enter a country	7-9
入学	入學	ru4 xue2	to enter a school or college; to go to school for the first time as a child	6
入手	入手	ru4 shou3	to begin (with ...) (typically used in a structure such as 從|从[cong2] + {noun} + 入手[ru4 shou3]: "to begin with {noun}; to take {noun} as one's starting point"); to receive; to obtain; to buy	7-9
入选	入選	ru4 xuan3	to be included among those selected for	7-9
入门	入門	ru4 men2	entrance door; to enter a door; to learn the basics of a subject; introduction (to a subject); (attributive) entry-level	5
内	內	nei4	inside; inner; internal; within; interior	3
内向	內向	nei4 xiang4	reserved (personality); introverted; (economics etc) domestic-oriented	7-9
内在	內在	nei4 zai4	inner; internal; intrinsic; innate	5
内地	內地	Nei4 di4	mainland China (PRC excluding Hong Kong and Macau, but including islands such as Hainan); Japan (used in Taiwan during Japanese colonization)	6
内地	內地	nei4 di4	inland; interior; hinterland	6
内外	內外	nei4 wai4	inside and outside; domestic and foreign; approximately; about	6
内存	內存	nei4 cun2	internal storage; computer memory; random access memory (RAM)	7-9
内容	內容	nei4 rong2	content; substance; details; CL:項|项[xiang4]	3
内幕	內幕	nei4 mu4	inside story; non-public information; behind the scenes; internal	7-9
内心	內心	nei4 xin1	heart; innermost being; (math.) incenter	3
内涵	內涵	nei4 han2	meaningful content; implication; (semantics) connotation; inner qualities (of a person)	7-9
内科	內科	nei4 ke1	internal medicine; general medicine	4
内行	內行	nei4 hang2	expert; adept; experienced; an expert; a professional	7-9
内衣	內衣	nei4 yi1	undergarment; underwear; CL:件[jian4]	6
内部	內部	nei4 bu4	interior; inside (part, section); internal	4
内阁	內閣	nei4 ge2	(government) cabinet	7-9
内需	內需	nei4 xu1	domestic demand	7-9
全	全	Quan2	surname Quan	2
全	全	quan2	all; whole; entire; every; complete	2
全世界	全世界	quan2 shi4 jie4	worldwide; entire world	5
全力	全力	quan2 li4	with all one's strength; full strength; all-out (effort); fully (support)	6
全力以赴	全力以赴	quan2 li4 yi3 fu4	to do at all costs; to make an all-out effort	7-9
全国	全國	quan2 guo2	whole nation; nationwide; countrywide; national	2
全场	全場	quan2 chang3	everyone present; the whole audience; across-the-board; unanimously; whole duration (of a competition or match)	3
全家	全家	Quan2 jia1	FamilyMart (convenience store chain)	2
全家	全家	quan2 jia1	whole family	2
全局	全局	quan2 ju2	overall situation	7-9
全年	全年	quan2 nian2	the whole year; all year long	2
全心全意	全心全意	quan2 xin1 quan2 yi4	(idiom) heart and soul; wholeheartedly	7-9
全文	全文	quan2 wen2	entire text; full text	7-9
全新	全新	quan2 xin1	all new; completely new	6
全方位	全方位	quan2 fang1 wei4	all around; omnidirectional; complete; holistic; comprehensive	7-9
全球	全球	quan2 qiu2	the whole world; worldwide; global	3
全程	全程	quan2 cheng2	the whole distance; from beginning to end	7-9
全能	全能	quan2 neng2	omnipotent; all-round; strong in every area	7-9
全身	全身	quan2 shen1	the whole body; (typography) em	2
全部	全部	quan2 bu4	whole; all	2
全都	全都	quan2 dou1	all; without exception	5
全长	全長	quan2 chang2	overall length; span	7-9
全面	全面	quan2 mian4	all-around; comprehensive; total; overall	3
全体	全體	quan2 ti3	all; entire	2
两侧	兩側	liang3 ce4	two sides; both sides	6
两口子	兩口子	liang3 kou3 zi5	husband and wife	7-9
两岸	兩岸	liang3 an4	bilateral; both shores; both sides; both coasts; Taiwan and mainland	5
两手	兩手	liang3 shou3	one's two hands; two prongs (of a strategy); both aspects, eventualities etc; skills; expertise	6
两栖	兩棲	liang3 qi1	amphibious; dual-talented; able to work in two different lines	7-9
两边	兩邊	liang3 bian1	either side; both sides	4
八	八	ba1	eight	1
八卦	八卦	ba1 gua4	the eight divinatory trigrams of the Book of Changes 易經|易经[Yi4 jing1]; gossip; gossipy	7-9
公	公	gong1	public; collectively owned; common; international (e.g. high seas, metric system, calendar); make public; fair; just; Duke, highest of five orders of nobility 五等爵位[wu3 deng3 jue2 wei4]; honorable (gentlemen); father-in-law; male (animal)	6
公主	公主	gong1 zhu3	princess	6
公事	公事	gong1 shi4	work-related matters; documents	7-9
公交车	公交車	gong1 jiao1 che1	public transport vehicle; town bus; CL:輛|辆[liang4]	2
公布	公佈	gong1 bu4	variant of 公布[gong1 bu4]	3
公仆	公僕	gong1 pu2	public servant; CL:個|个[ge4],位[wei4]	7-9
公元	公元	gong1 yuan2	CE (Common Era); Christian Era; AD (Anno Domini)	4
公共	公共	gong1 gong4	public; common; communal	3
公共场所	公共場所	gong1 gong4 chang3 suo3	public place	7-9
公共汽车	公共汽車	gong1 gong4 qi4 che1	bus; CL:輛|辆[liang4],班[ban1]	2
公函	公函	gong1 han2	official letter	7-9
公务	公務	gong1 wu4	official business	7-9
公务员	公務員	gong1 wu4 yuan2	civil servant; public servant	3
公司	公司	gong1 si1	company; firm; corporation; CL:家[jia1]	2
公告	公告	gong1 gao4	post; announcement	5
公园	公園	gong1 yuan2	park (for public recreation); CL:座[zuo4]	2
公墓	公墓	gong1 mu4	public cemetery	7-9
公安	公安	Gong1 an1	see 公安縣|公安县[Gong1 an1 Xian4]	6
公安	公安	gong1 an1	(Ministry of) Public Security; public safety; public security	6
公安局	公安局	gong1 an1 ju2	public security bureau (government office similar in function to a police station)	7-9
公寓	公寓	gong1 yu4	apartment building; block of flats (may be a public housing block or a condominium etc) (CL:套[tao4])	7-9
公布	公布	gong1 bu4	to announce; to make public; to publish	3
公平	公平	gong1 ping2	fair; impartial	2
公式	公式	gong1 shi4	formula	5
公斤	公斤	gong1 jin1	kilogram (kg)	2
公款	公款	gong1 kuan3	public money	7-9
公正	公正	gong1 zheng4	just; fair; equitable	5
公民	公民	gong1 min2	citizen	3
公然	公然	gong1 ran2	openly; publicly; undisguised	7-9
公用	公用	gong1 yong4	public; for public use	7-9
公益	公益	gong1 yi4	public good; public welfare; public interest	7-9
公众	公眾	gong1 zhong4	public	6
公示	公示	gong1 shi4	to make known to the public (for information or to seek comments); public notification	7-9
公积金	公積金	gong1 ji1 jin1	official reserves; accumulated fund	7-9
公立	公立	gong1 li4	public (e.g. school, hospital)	7-9
公约	公約	gong1 yue1	convention (i.e. international agreement)	7-9
公职	公職	gong1 zhi2	civil service; public office; government job	7-9
公认	公認	gong1 ren4	publicly known (to be); accepted (as)	5
公证	公證	gong1 zheng4	notarization; notarized; acknowledgement	7-9
公费	公費	gong1 fei4	at public expense	7-9
公路	公路	gong1 lu4	highway; road; CL:條|条[tiao2]	2
公车	公車	gong1 che1	bus; abbr. for 公共汽車|公共汽车[gong1 gong4 qi4 che1]; car belonging to an organization and used by its members (government car, police car, company car etc); abbr. for 公務用車|公务用车[gong1 wu4 yong4 che1]	7-9
公道	公道	gong1 dao4	justice; fairness; public highway	7-9
公道	公道	gong1 dao5	fair; equitable	7-9
公里	公里	gong1 li3	kilometer	2
公开	公開	gong1 kai1	open; overt; public; to make public; to release	3
公开信	公開信	gong1 kai1 xin4	open letter	7-9
公关	公關	gong1 guan1	public relations	7-9
公鸡	公雞	gong1 ji1	cock; rooster	6
公顷	公頃	gong1 qing3	hectare	7-9
六	六	liu4	six; 6	1
六	六	lu4	used in place names	1
共	共	gong4	common; general; to share; together; total; altogether; abbr. for 共產黨|共产党[Gong4 chan3 dang3], Communist party	4
共享	共享	gong4 xiang3	to share; to enjoy together	5
共同	共同	gong4 tong2	common; joint; jointly; together; collaborative	3
共同体	共同體	gong4 tong2 ti3	community	7-9
共性	共性	gong4 xing4	overall character	7-9
共有	共有	gong4 you3	in total there are ...; to own jointly	3
共计	共計	gong4 ji4	to sum up to; to total	5
共识	共識	gong4 shi2	common understanding; consensus	7-9
共鸣	共鳴	gong4 ming2	(physics) to resonate; resonance; sympathetic response	7-9
兵	兵	bing1	soldiers; a force; an army; weapons; arms; military; warlike; CL:個|个[ge4]	4
其	其	qi2	his; her; its; their; that; such; it (refers to sth preceding it)	5
其中	其中	qi2 zhong1	among; in; included among these	2
其他	其他	qi2 ta1	other; (sth or sb) else; the rest	2
其实	其實	qi2 shi2	actually; in fact; really	3
其后	其後	qi2 hou4	next; later; after that	7-9
其次	其次	qi2 ci4	next; secondly	3
其间	其間	qi2 jian1	in between; within that interval; in the meantime	7-9
其余	其餘	qi2 yu2	the rest; the others; remaining; remainder; apart from them	4
具备	具備	ju4 bei4	to possess; to have; equipped with; able to fulfill (conditions or requirements)	4
具有	具有	ju4 you3	to have; to possess	3
具体	具體	ju4 ti3	concrete; specific; detailed	3
典型	典型	dian3 xing2	model; typical case; archetype; typical; representative	4
典礼	典禮	dian3 li3	ceremony; celebration	5
典范	典範	dian3 fan4	model; example; paragon	7-9
兼	兼	jian1	double; twice; simultaneous; holding two or more (official) posts at the same time	7-9
兼任	兼任	jian1 ren4	to hold a concurrent post; part-time; (in academia) adjunct	7-9
兼容	兼容	jian1 rong2	compatible	7-9
兼职	兼職	jian1 zhi2	to hold concurrent posts; concurrent job; moonlighting	7-9
兼顾	兼顧	jian1 gu4	to handle two or more responsibilities at the same time; to balance (career and family, or work and studies etc)	7-9
册	冊	ce4	book; booklet; classifier for books	5
再	再	zai4	again; once more; re-; further; beyond this point of time; (before an adjective) more; then (after sth, and not until then); no matter how ... (followed by an adjective or verb, and then (usually) 也[ye3] or 都[dou1] for emphasis); (used to introduce additional information, as in 再則|再则[zai4 ze2], 再就是[zai4 jiu4 shi4] etc); (literary) to reappear; to reoccur	1
再三	再三	zai4 san1	over and over again; again and again	4
再也	再也	zai4 ye3	(not) ever again; (not) any longer	5
再度	再度	zai4 du4	once more; once again; one more time	7-9
再次	再次	zai4 ci4	once more; once again	5
再现	再現	zai4 xian4	to recreate; to reconstruct (a historical relic)	7-9
再生	再生	zai4 sheng1	to be reborn; to regenerate; to be a second so-and-so (famous dead person); recycling; regeneration	6
再见	再見	zai4 jian4	goodbye; see you again later	1
再说	再說	zai4 shuo1	to say again; to put off a discussion until later; moreover; what's more; besides	6
冒	冐	mao4	old variant of 冒[mao4]	5
冒	冒	Mao4	surname Mao	5
冒	冒	mao4	to emit; to give off; to send out (or up, forth); to brave; to face; (bound form) reckless; to falsely adopt (sb's identity etc); to feign; (literary) to cover	5
冒充	冒充	mao4 chong1	to feign; to pretend to be; to pass oneself off as	7-9
冒昧	冒昧	mao4 mei4	bold; presumptuous; to take the liberty of	7-9
冒犯	冒犯	mao4 fan4	to offend	7-9
冒险	冒險	mao4 xian3	to take risks; to take chances; foray; adventure	7-9
冗长	冗長	rong3 chang2	long and tedious; redundant; superfluous; supernumerary; verbose (of writing)	7-9
冠军	冠軍	guan4 jun1	champion	5
最	冣	zui4	old variant of 最[zui4]	1
冤	冤	yuan1	injustice; grievance; wrong	7-9
冤枉	冤枉	yuan1 wang5	to accuse wrongly; to treat unjustly; injustice; wronged; not worthwhile	7-9
冬天	冬天	dong1 tian1	winter	2
冬季	冬季	dong1 ji4	winter	4
冰	冰	bing1	ice; CL:塊|块[kuai4]; to chill sth; (of an object or substance) to feel cold; (of a person) cold; unfriendly; (slang) methamphetamine	4
冰山	冰山	bing1 shan1	iceberg; ice-covered mountain; (fig.) a backer one cannot rely on for long; CL:座[zuo4]	7-9
冰棍儿	冰棍兒	bing1 gun4 r5	ice lolly; popsicle	7-9
冰箱	冰箱	bing1 xiang1	refrigerator; (old) icebox	4
冰雪	冰雪	bing1 xue3	ice and snow	4
冷	冷	Leng3	surname Leng	1
冷	冷	leng3	cold	1
冷冻	冷凍	leng3 dong4	to freeze (food etc); (of weather) freezing	7-9
冷战	冷戰	Leng3 zhan4	(US-Soviet) Cold War	7-9
冷战	冷戰	leng3 zhan4	cold war; (fig.) strained relationship; to be barely on speaking terms	7-9
冷战	冷戰	leng3 zhan5	(coll.) shiver; shudder	7-9
冷气	冷氣	leng3 qi4	cold air; air conditioning	6
冷水	冷水	leng3 shui3	cold water; unboiled water; fig. not yet ready (of plans)	6
冷淡	冷淡	leng3 dan4	cold; indifferent	7-9
冷漠	冷漠	leng3 mo4	cold and detached towards sb; lack of regard; indifference; neglect	7-9
冷笑	冷笑	leng3 xiao4	to sneer; to laugh grimly; grin of dissatisfaction (bitterness, helplessness, indignation etc); bitter, grim, sarcastic or angry smile	7-9
冷落	冷落	leng3 luo4	desolate; unfrequented; to treat sb coldly; to snub; to cold shoulder	7-9
冷酷	冷酷	leng3 ku4	unfeeling; callous	7-9
冷酷无情	冷酷無情	leng3 ku4 wu2 qing2	cold-hearted; unfeeling; callous	7-9
冷门	冷門	leng3 men2	a neglected branch (of arts, science, sports etc); fig. a complete unknown who wins a competition	7-9
冷静	冷靜	leng3 jing4	calm; cool-headed; dispassionate; (of a place) deserted; quiet	4
准	准	zhun3	to allow; to grant; in accordance with; in the light of	3
准许	准許	zhun3 xu3	to allow; to grant; to permit	7-9
净	凈	jing4	variant of 淨|净[jing4]	6
凌晨	凌晨	ling2 chen2	very early in the morning; in the wee hours	7-9
冻	凍	dong4	to freeze; to feel very cold; aspic or jelly	5
冻结	凍結	dong4 jie2	to freeze (water etc); (fig.) to freeze (assets, prices etc)	7-9
凝固	凝固	ning2 gu4	to freeze; to solidify; to congeal; fig. with rapt attention	7-9
凝聚	凝聚	ning2 ju4	to condense; to coagulate; coacervation (i.e. form tiny droplets); aggregation; coherent	7-9
几	几	ji1	small table	1
凡	凡	fan2	ordinary; commonplace; mundane; temporal; of the material world (as opposed to supernatural or immortal levels); every; all; whatever; altogether; gist; outline; note of Chinese musical scale	7-9
凡是	凡是	fan2 shi4	each and every; every; all; any	6
凡	凢	fan2	variant of 凡[fan2]	7-9
凯歌	凱歌	kai3 ge1	triumphal hymn; victory song; paean	7-9
凳子	凳子	deng4 zi5	stool; small seat	7-9
凭	凴	ping2	variant of 憑|凭[ping2]	5
凶	凶	xiong1	vicious; fierce; ominous; inauspicious; famine; variant of 兇|凶[xiong1]	6
凶恶	凶惡	xiong1 e4	variant of 兇惡|凶恶, fierce; ferocious; fiendish; frightening	7-9
凶残	凶殘	xiong1 can2	savage	7-9
凶狠	凶狠	xiong1 hen3	cruel; vicious; fierce and malicious; vengeful	7-9
凸	凸	tu1	to stick out; protruding; convex; male (connector etc); Taiwan pr. [tu2]	7-9
凸显	凸顯	tu1 xian3	to stand out clearly; to make prominent	7-9
凹	凹	ao1	concave; depressed; sunken; indented; female (connector etc)	7-9
凹	凹	wa1	variant of 窪|洼[wa1]; (used in names)	7-9
出	出	chu1	to go out; to come out; to arise; to occur; to produce; to yield; to go beyond; to exceed; (used after a verb to indicate an outward direction or a positive result); classifier for dramas, plays, operas etc	1
出主意	出主意	chu1 zhu3 yi5	to come up with ideas; to make suggestions; to offer advice	7-9
出事	出事	chu1 shi4	to have an accident; to meet with a mishap	6
出人意料	出人意料	chu1 ren2 yi4 liao4	unexpected (idiom); surprising	7-9
出任	出任	chu1 ren4	to take up a post; to start in a new job	7-9
出来	出來	chu1 lai2	to come out; to appear; to arise	1
出来	出來	chu5 lai5	(after a verb, indicates coming out, completion of an action, or ability to discern or detect)	1
出入	出入	chu1 ru4	to go out and come in; entrance and exit; expenditure and income; discrepancy; inconsistent	6
出具	出具	chu1 ju4	to issue (document, certificate etc); to provide	7-9
出动	出動	chu1 dong4	to start out on a trip; to dispatch troops	6
出去	出去	chu1 qu4	to go out	1
出口	出口	chu1 kou3	an exit; CL:個|个[ge4]; to speak; to export; (of a ship) to leave port	4
出口成章	出口成章	chu1 kou3 cheng2 zhang1	(idiom) (of one's speech) eloquent; articulate	7-9
出名	出名	chu1 ming2	well-known for sth; to become well known; to make one's mark; to lend one's name (to an event, endeavor etc)	6
出售	出售	chu1 shou4	to sell; to offer for sale; to put on the market	4
出国	出國	chu1 guo2	to go abroad; to leave the country	2
出土	出土	chu1 tu3	to dig up; to appear in an excavation; unearthed; to come up out of the ground	7-9
出场	出場	chu1 chang3	(of a performer) to come onto the stage to perform; (of an athlete) to enter the arena to compete; (fig.) to enter the scene (e.g. a new product); (of an examinee etc) to leave the venue	6
出境	出境	chu1 jing4	to leave a country or region; outbound (tourism)	7-9
出局	出局	chu1 ju2	(of a batter) to be put out (in baseball); to be dismissed (in cricket); (of a player or team) to be eliminated from a competition; (fig.) to be weeded out; to get the chop (in a competitive environment)	7-9
出山	出山	chu1 shan1	to leave the mountain (of a hermit); to come out of obscurity to a government job; to take a leading position	7-9
出差	出差	chu1 chai1	to go on an official or business trip	5
出席	出席	chu1 xi2	to attend; to participate; present	4
出厂	出廠	chu1 chang3	to leave the factory (of finished goods)	7-9
出息	出息	chu1 xi1	to yield interest, profit etc; to exhale (Buddhism)	7-9
出息	出息	chu1 xi5	future prospects; profit; to mature; to grow up	7-9
出手	出手	chu1 shou3	to dispose of; to spend (money); to undertake a task	7-9
出于	出於	chu1 yu2	due to; to stem from	5
出毛病	出毛病	chu1 mao2 bing4	a problem appears; to break down	7-9
出汗	出汗	chu1 han4	to perspire; to sweat	5
出洋相	出洋相	chu1 yang2 xiang4	to make a fool of oneself	7-9
出演	出演	chu1 yan3	to appear (in a show etc); an appearance (on stage etc)	7-9
出版	出版	chu1 ban3	to publish	5
出版社	出版社	chu1 ban3 she4	publishing house	7-9
出现	出現	chu1 xian4	to appear; to arise; to emerge; to show up	2
出生	出生	chu1 sheng1	to be born	2
出发	出發	chu1 fa1	to set off; to start (on a journey)	2
出发点	出發點	chu1 fa1 dian3	starting point; (fig.) basis; motive	7-9
出众	出眾	chu1 zhong4	to stand out; outstanding	7-9
出示	出示	chu1 shi4	to show; to take out and show to others; to display	7-9
出租	出租	chu1 zu1	to rent	2
出租车	出租車	chu1 zu1 che1	taxi; (Tw) rental car	2
出自	出自	chu1 zi4	to come from	7-9
出台	出臺	chu1 tai2	to officially launch (a policy, program etc); to appear on stage; to appear publicly; (of a bar girl) to leave with a client	6
出色	出色	chu1 se4	remarkable; outstanding	4
出血	出血	chu1 xue4	to bleed; bleeding; (fig.) to spend money in large amounts	7-9
出行	出行	chu1 xing2	to go out somewhere (relatively short trip); to set off on a journey (longer trip)	6
出访	出訪	chu1 fang3	to go and visit in an official capacity or for investigation	6
出资	出資	chu1 zi1	to fund; to put money into sth; to invest	7-9
出卖	出賣	chu1 mai4	to offer for sale; to sell; to sell out; to betray	7-9
出走	出走	chu1 zou3	to leave home; to go off; to run away	7-9
出路	出路	chu1 lu4	a way out (lit. and fig.); opportunity for advancement; a way forward; outlet (for one's products)	6
出身	出身	chu1 shen1	to be born of; to come from; family background; class origin	7-9
出游	出遊	chu1 you2	to go on a tour; to have an outing	7-9
出道	出道	chu1 dao4	to start one's career; (of an entertainer) to make one's debut	7-9
出丑	出醜	chu1 chou3	to make a fool of oneself	7-9
出门	出門	chu1 men2	to go out; to leave home; to go on a journey; away from home; (of a woman) to get married	2
出院	出院	chu1 yuan4	to leave hospital; to be discharged from hospital	2
出难题	出難題	chu1 nan2 ti2	to raise a tough question	7-9
出面	出面	chu1 mian4	to appear personally; to step in; to step forth; to show up	6
出头	出頭	chu1 tou2	to get out of a predicament; to stick out; to take the initiative; remaining odd fraction after a division; a little more than	7-9
出风头	出風頭	chu1 feng1 tou5	to push oneself forward; to seek fame; to be in the limelight; same as 出鋒頭|出锋头[chu1 feng1 tou5]	7-9
函授	函授	han2 shou4	to teach by correspondence	7-9
刀	刀	Dao1	surname Dao	3
刀	刀	dao1	knife; blade; single-edged sword; cutlass (CL:把[ba3]); (slang) (loanword) dollar; classifier for sets of one hundred sheets (of paper); classifier for knife cuts or stabs; (Internet slang) to bargain; to ask for a small discount (esp. on second-hand marketplaces)	3
刁难	刁難	diao1 nan4	to be hard on sb; to deliberately make things difficult; Taiwan pr. [diao1nan2]	7-9
分享	分享	fen1 xiang3	to share (let others have some of sth good)	5
分布	分佈	fen1 bu4	to scatter; to distribute; to be distributed (over an area etc); (statistical, geographic) distribution	4
分别	分別	fen1 bie2	to part; to leave each other; to distinguish; to tell apart; difference; distinction; in different ways; differently; separately; individually; respectively	3
分割	分割	fen1 ge1	to cut up; to break up	7-9
分化	分化	fen1 hua4	to split apart; differentiation	7-9
分外	分外	fen4 wai4	exceptionally; not one's responsibility or job	7-9
分寸	分寸	fen1 cun5	propriety; appropriate behavior; proper speech or action; within the norms	7-9
分工	分工	fen1 gong1	to divide up the work; division of labor	6
分成	分成	fen1 cheng2	to divide (into); to split a bonus; to break into; tenths; percentage allotment	5
分手	分手	fen1 shou3	to part company; to split up; to break up	4
分担	分擔	fen1 dan1	to share (a burden, a cost, a responsibility)	7-9
分支	分支	fen1 zhi1	branch (of company, river etc); to branch; to diverge; to ramify; to subdivide	7-9
分散	分散	fen1 san4	to scatter; to disperse; to distribute	4
分数	分數	fen1 shu4	(exam) grade; mark; score; fraction	2
分明	分明	fen1 ming2	clear; distinct; evidently; clearly	7-9
分析	分析	fen1 xi1	to analyze; analysis; CL:個|个[ge4]	5
分歧	分歧	fen1 qi2	divergent; difference (of opinion, position); disagreement; (math.) bifurcation	7-9
分泌	分泌	fen1 mi4	to secrete; secretion	7-9
分为	分為	fen1 wei2	to divide sth into (parts); to subdivide	4
分红	分紅	fen1 hong2	dividend; to award a bonus	7-9
分组	分組	fen1 zu3	to divide into groups; group (formed from a larger group); subgroup; (computer networking) packet	3
分裂	分裂	fen1 lie4	to split up; to divide; to break up; fission; schism	6
分解	分解	fen1 jie3	to resolve; to decompose; to break down	5
分赃	分贓	fen1 zang1	to share the booty; to divide ill-gotten gains	7-9
分辨	分辨	fen1 bian4	to distinguish; to differentiate; to resolve	7-9
分配	分配	fen1 pei4	to distribute; to assign; to allocate; to partition (a hard drive)	3
分量	分量	fen1 liang4	(vector) component	7-9
分量	分量	fen4 liang4	(food) portion size	7-9
分量	分量	fen4 liang5	quantity; weight; measure; (fig.) weight (importance, prestige, authority etc); (of written material) density	7-9
分钟	分鐘	fen1 zhong1	minute	2
分开	分開	fen1 kai1	to separate; to part	2
分离	分離	fen1 li2	to separate	5
分类	分類	fen1 lei4	to classify	5
切	切	qie1	to cut; to slice; to carve; (math.) tangential	4
切	切	qie4	definitely; absolutely (not); (scoffing or dismissive interjection) Yeah, right.; Tut!; to grind; (bound form) close to; (bound form) eager; to correspond to; (used to indicate that the fanqie 反切[fan3 qie4] system should be applied to the previous two characters)	4
切割	切割	qie1 ge1	to cut	7-9
切实	切實	qie4 shi2	feasible; realistic; practical; earnestly; conscientiously	6
切断	切斷	qie1 duan4	to cut off; to sever	7-9
切身	切身	qie4 shen1	direct; concerning oneself; personal	7-9
切除	切除	qie1 chu2	to excise; to cut out (a tumor)	7-9
刊物	刊物	kan1 wu4	publication	7-9
刊登	刊登	kan1 deng1	to carry a story; to publish (in a newspaper or magazine)	7-9
刑法	刑法	xing2 fa3	criminal law	7-9
划	划	hua2	to row; to paddle; profitable; worth (the effort); it pays (to do sth)	4
划算	划算	hua2 suan4	to calculate; to weigh (pros and cons); to view as profitable; worthwhile; value for money; cost-effective	7-9
划船	划船	hua2 chuan2	to row a boat; rowing; boating; small boat	3
列	列	lie4	to arrange; to line up; file; series; (in data tables) column; (Tw) row	4
列入	列入	lie4 ru4	to include on a list	4
列为	列為	lie4 wei2	to be classified as	4
列举	列舉	lie4 ju3	a list; to list; to enumerate	7-9
列车	列車	lie4 che1	(railway) train	4
初	初	chu1	(bound form) at first; initially; (bound form) first; early; (bound form) (in lunar calendar dates, before numerals 1–10) days 1 to 10 of a month, as in 初三[chu1 san1] "the third"	3
初中	初中	chu1 zhong1	junior high school (abbr. for 初級中學|初级中学[chu1 ji2 zhong1 xue2])	3
初期	初期	chu1 qi1	initial stage; beginning period	5
初次	初次	chu1 ci4	for the first time; first (meeting, attempt etc)	7-9
初步	初步	chu1 bu4	initial; preliminary; tentative	3
初等	初等	chu1 deng3	elementary (i.e. easy)	6
初级	初級	chu1 ji2	junior; primary	3
初衷	初衷	chu1 zhong1	original intention	7-9
判	判	pan4	(bound form) to differentiate; to distinguish; (bound form) clearly (different); to judge; to decide; to grade; (of a judge) to sentence	6
判定	判定	pan4 ding4	to judge; to decide; judgment; determination	7-9
判断	判斷	pan4 duan4	to judge; to determine; judgment	3
判决	判決	pan4 jue2	judgment (by a court of law); to pass judgment on; to sentence	7-9
判处	判處	pan4 chu3	to sentence; to condemn	7-9
别人	別人	bie2 ren5	other people; others; other person	1
别具匠心	別具匠心	bie2 ju4 jiang4 xin1	to show ingenuity; (of a design) clever; brilliantly conceived	7-9
别墅	別墅	bie2 shu4	villa; CL:幢[zhuang4],座[zuo4]	7-9
别提了	別提了	bie2 ti2 le5	say no more; don't bring it up; drop the subject	7-9
别的	別的	bie2 de5	else; other	1
别看	別看	bie2 kan4	don't be fooled by the fact that	7-9
别致	別緻	bie2 zhi4	unusual; unique	7-9
别致	別致	bie2 zhi4	variant of 別緻|别致[bie2 zhi4]	7-9
别说	別說	bie2 shuo1	to say nothing of; not to mention; let alone	7-9
劫	刦	jie2	variant of 劫[jie2]	7-9
劫	刧	jie2	variant of 劫[jie2]	7-9
刨	刨	bao4	carpenter's plane; to plane (woodwork); to shave off; to peel (with a potato peeler etc)	7-9
刨	刨	pao2	to dig; to excavate; (coll.) to exclude; not to count; to deduct; to subtract	7-9
利	利	Li4	surname Li	6
利	利	li4	sharp; favorable; advantage; benefit; profit; interest; to do good to; to benefit	6
利害	利害	li4 hai4	pros and cons; advantages and disadvantages; gains and losses	7-9
利害	利害	li4 hai5	variant of 厲害|厉害[li4 hai5]	7-9
利息	利息	li4 xi1	interest (on a loan); CL:筆|笔[bi3]	4
利润	利潤	li4 run4	profits	5
利率	利率	li4 lu:4	interest rate	7-9
利用	利用	li4 yong4	to exploit; to make use of; to use; to take advantage of; to utilize	3
利益	利益	li4 yi4	benefit; (in sb's) interest; CL:個|个[ge4]	4
利索	利索	li4 suo5	nimble	7-9
删	刪	shan1	to delete	7-9
删除	刪除	shan1 chu2	to delete; to cancel	7-9
刮	刮	gua1	to scrape; to blow; to shave; to plunder; to extort	6
到	到	dao4	to reach; to arrive; to leave for; to go to; to (a place); until (a time); up to (a point); (verb complement indicating arriving at a place or reaching a point); considerate; thoughtful; thorough	1
到位	到位	dao4 wei4	to get to the intended location; to be in place; to be in position; precise; well (done)	7-9
到来	到來	dao4 lai2	to arrive; arrival; advent	5
到底	到底	dao4 di3	finally; in the end; when all is said and done; after all; to the end; to the last	3
到期	到期	dao4 qi1	to fall due (loan etc); to expire (visa etc); to mature (investment bond etc)	6
到处	到處	dao4 chu4	everywhere	2
到达	到達	dao4 da2	to reach; to arrive	3
到头来	到頭來	dao4 tou2 lai2	in the end; finally; as a result	7-9
制	制	zhi4	system; to control; to regulate; variant of 製|制[zhi4]	7-9
制定	制定	zhi4 ding4	to draw up; to formulate	3
制度	制度	zhi4 du4	system (e.g. political, adminstrative etc); institution; CL:個|个[ge4]	3
制服	制服	zhi4 fu2	to subdue; to check; to bring under control; (in former times) what one is allowed to wear depending on social status; uniform (army, party, school etc); livery (for company employees); CL:套[tao4]	7-9
制止	制止	zhi4 zhi3	to curb; to put a stop to; to stop; to check; to limit	7-9
制约	制約	zhi4 yue1	to restrict; condition	5
制裁	制裁	zhi4 cai2	to punish; punishment; sanctions (incl. economic)	7-9
制订	制訂	zhi4 ding4	to work out; to formulate	4
刷	刷	shua1	a brush; to paint; to daub; to brush; to scrub; (fig.) to remove; to eliminate (from a contest); to fire (from a job); (onom.) swish; rustle; to swipe (a card); to scroll on (a phone); (gaming) to grind; to farm (for experience points, equipment, levels etc)	4
刷	刷	shua4	to select	4
刷子	刷子	shua1 zi5	brush; scrub; CL:把[ba3]	4
刷新	刷新	shua1 xin1	to renovate; to refurbish; to refresh (computer window); to write a new page (in history); to break (a record)	7-9
刷牙	刷牙	shua1 ya2	to brush one's teeth	4
券	券	quan4	bond (esp. document split in two, with each party holding one half); contract; deed (i.e. title deeds); ticket; voucher; certificate	6
刺	刺	ci1	(onom.) whoosh	4
刺	刺	ci4	thorn; sting; thrust; to prick; to pierce; to stab; to assassinate; to murder	4
刺激	刺激	ci4 ji1	to provoke; to irritate; to upset; to stimulate; to excite; irritant	4
刺绣	刺繡	ci4 xiu4	to embroider; embroidery	7-9
刺耳	刺耳	ci4 er3	ear-piercing	7-9
刺骨	刺骨	ci4 gu3	piercing; cutting; bone-chilling; penetrating (cold)	7-9
刻意	刻意	ke4 yi4	intentionally; deliberately; purposely; painstakingly; meticulously	7-9
刻舟求剑	刻舟求劍	ke4 zhou1 qiu2 jian4	lit. a notch on the side of a boat to locate a sword dropped overboard (idiom); fig. an action made pointless by changed circumstances	7-9
刻苦	刻苦	ke4 ku3	hardworking; assiduous	7-9
劫	刼	jie2	variant of 劫[jie2]	7-9
剃	剃	ti4	to shave	7-9
削	削	xiao1	to peel with a knife; to pare; to cut (a ball at tennis etc)	7-9
削	削	xue1	to pare; to reduce; to remove; Taiwan pr. [xue4]	7-9
削弱	削弱	xue1 ruo4	to weaken; to impair; to cripple	7-9
克	剋	Ke4	Ke (c. 2000 BC), seventh of the legendary Flame Emperors, 炎帝[Yan2 di4] descended from Shennong 神農|神农[Shen2 nong2] Farmer God	2
克	剋	ke4	variant of 克[ke4]; to subdue; to overthrow; to restrain	2
前	前	qian2	front; forward; ahead; first; top (followed by a number); future; ago; before; BC (e.g. 前293年); former; formerly	1
前不久	前不久	qian2 bu4 jiu3	not long ago; not long before	7-9
前仰后合	前仰後合	qian2 yang3 hou4 he2	to sway to and fro; to rock back and forth	7-9
前任	前任	qian2 ren4	predecessor; ex-; former; ex (spouse etc)	7-9
前来	前來	qian2 lai2	to come (formal); before; previously	6
前夕	前夕	qian2 xi1	eve; the day before	7-9
前天	前天	qian2 tian1	the day before yesterday	1
前年	前年	qian2 nian2	the year before last	2
前往	前往	qian2 wang3	to leave for; to proceed towards; to go to	3
前后	前後	qian2 hou4	around; from beginning to end; all around; front and rear	3
前所未有	前所未有	qian2 suo3 wei4 you3	(idiom) unprecedented	7-9
前提	前提	qian2 ti2	premise; precondition; prerequisite	5
前方	前方	qian2 fang1	ahead; the front	6
前景	前景	qian2 jing3	foreground; vista; (future) prospects; perspective	5
前期	前期	qian2 qi1	preceding period; early stage	7-9
前沿	前沿	qian2 yan2	(military) forward position; frontier; cutting-edge; forefront	7-9
前无古人	前無古人	qian2 wu2 gu3 ren2	(idiom) unprecedented; unheard of	7-9
前线	前線	qian2 xian4	front line; military front; workface; cutting edge	7-9
前者	前者	qian2 zhe3	the former (i.e. the one mentioned first)	7-9
前台	前臺	qian2 tai2	stage; proscenium; foreground in politics etc (sometimes derog.); front desk; reception desk; (computing) front-end; foreground	7-9
前赴后继	前赴後繼	qian2 fu4 hou4 ji4	to advance dauntlessly in wave upon wave (idiom)	7-9
前辈	前輩	qian2 bei4	senior; older generation; precursor	7-9
前途	前途	qian2 tu2	prospects; future outlook; journey	4
前进	前進	qian2 jin4	to go forward; to forge ahead; to advance; onward	3
前边	前邊	qian2 bian5	front; the front side; in front of	1
前面	前面	qian2 mian4	ahead; in front; preceding; above; also pr. [qian2 mian5]	3
前头	前頭	qian2 tou5	in front; at the head; ahead; above	4
刹车	剎車	sha1 che1	to brake (when driving); to stop; to switch off; to check (bad habits); a brake	7-9
创	剏	chuang4	variant of 創|创[chuang4]	7-9
剔除	剔除	ti1 chu2	to reject; to discard; to get rid of	7-9
创	剙	chuang4	variant of 創|创[chuang4]	7-9
刚	剛	gang1	(literary) hard; firm; strong; exactly; precisely; barely; only just; just; only a short while ago	2
刚刚	剛剛	gang1 gang5	just recently; just a moment ago	2
刚好	剛好	gang1 hao3	just; exactly; to happen to be	6
刚才	剛才	gang1 cai2	just now; a moment ago	2
刚毅	剛毅	gang1 yi4	resolute; steadfast; stalwart	7-9
刚才	剛纔	gang1 cai2	just now (variant of 剛才|刚才[gang1 cai2])	2
剥	剝	bao1	to peel; to skin; to shell; to shuck	7-9
剥	剝	bo1	to peel; to skin; to flay; to shuck	7-9
剥削	剝削	bo1 xue1	to exploit; exploitation	7-9
剥夺	剝奪	bo1 duo2	to deprive; to expropriate; to strip (sb of his property)	7-9
剩	剩	sheng4	to remain; to be left; to have as remainder	5
剩下	剩下	sheng4 xia4	to remain; to be left over	5
剩余	剩餘	sheng4 yu2	remainder; surplus	7-9
剪	剪	Jian3	surname Jian	5
剪	剪	jian3	(bound form) scissors or similar tool; to cut as with scissors; (bound form) to wipe out; to exterminate; to edit (video, audio etc)	5
剪刀	剪刀	jian3 dao1	scissors; CL:把[ba3]	5
剪子	剪子	jian3 zi5	clippers; scissors; shears; CL:把[ba3]	5
副作用	副作用	fu4 zuo4 yong4	side effect	7-9
割	割	ge1	to cut; to cut apart	7-9
创	創	chuang1	(bound form) a wound; to wound	7-9
创	創	chuang4	to initiate; to create; to achieve (sth for the first time)	7-9
创作	創作	chuang4 zuo4	to create; to produce; to write; a creative work; a creation	3
创伤	創傷	chuang1 shang1	wound; injury; trauma	7-9
创始人	創始人	chuang4 shi3 ren2	creator; founder; initiator	7-9
创建	創建	chuang4 jian4	to found; to establish	6
创意	創意	chuang4 yi4	creative; creativity	6
创新	創新	chuang4 xin1	to bring forth new ideas; to blaze new trails; innovation	3
创业	創業	chuang4 ye4	to begin an undertaking; to start an enterprise; entrepreneurship	3
创立	創立	chuang4 li4	to establish; to set up; to found	5
创办	創辦	chuang4 ban4	to establish; to found	6
创造	創造	chuang4 zao4	to create; to bring about; to produce; to set (a record)	3
铲	剷	chan3	to scrape the ground with a spade (to make it level or to remove weeds); to shovel	7-9
划	劃	hua2	to cut; to slash; to scratch (cut into the surface of sth); to strike (a match)	4
划	劃	hua4	to delimit; to transfer; to assign; to plan; to draw (a line); stroke of a Chinese character	4
划分	劃分	hua4 fen1	to divide up; to partition; to differentiate	5
划时代	劃時代	hua4 shi2 dai4	epoch-marking	7-9
剧	劇	ju4	theatrical work (play, opera, TV series etc); dramatic (change, increase etc); acute; severe	6
剧团	劇團	ju4 tuan2	theatrical troupe	7-9
剧场	劇場	ju4 chang3	theater; CL:座[zuo4]	3
剧情	劇情	ju4 qing2	story line; plot; drama (genre)	7-9
剧本	劇本	ju4 ben3	script; screenplay; scenario; libretto	5
剧烈	劇烈	ju4 lie4	violent; acute; severe; fierce	7-9
剧目	劇目	ju4 mu4	theatrical piece (play or opera); repertoire; list of plays or operas	7-9
剧组	劇組	ju4 zu3	cast and crew; performers and production team	7-9
剧院	劇院	ju4 yuan4	theater; CL:家[jia1],座[zuo4]	7-9
劈	劈	pi1	to hack; to chop; to split open; (of lightning) to strike	7-9
劈	劈	pi3	to split in two; to divide	7-9
剑	劍	jian4	double-edged sword; CL:口[kou3],把[ba3]; classifier for blows of a sword	6
剂	劑	ji4	(bound form) a compound made by mixing ingredients (esp. a medicinal or chemical product); (bound form) small piece of dough cut from a rolled log, used for making mantou (steamed buns) or dumplings; classifier for a dose of medicine	7-9
剑	劒	jian4	variant of 劍|剑[jian4]	6
力	力	Li4	surname Li	3
力	力	li4	power; force; strength; ability; strenuously	3
力不从心	力不從心	li4 bu4 cong2 xin1	(idiom) to lack the ability to do what one would wish	7-9
力度	力度	li4 du4	strength; vigor; efforts; (music) dynamics	7-9
力所能及	力所能及	li4 suo3 neng2 ji2	as far as one's capabilities extend (idiom); to the best of one's ability; within one's powers	7-9
力气	力氣	li4 qi5	physical strength	4
力求	力求	li4 qiu2	to make every effort to; striving to do one's best	7-9
力争	力爭	li4 zheng1	to work hard for; to do all one can; to contend strongly	7-9
力量	力量	li4 liang5	power; force; strength	3
功	功	gong1	meritorious deed or service; achievement; result; service; accomplishment; work (physics)	7-9
功力	功力	gong1 li4	merit; efficacy; competence; skill; power	7-9
功劳	功勞	gong1 lao2	contribution; meritorious service; credit	7-9
功夫	功夫	gong1 fu5	skill; art; kung fu; labor; effort	3
功底	功底	gong1 di3	training in the basic skills; knowledge of the fundamentals	7-9
功效	功效	gong1 xiao4	efficacy	7-9
功率	功率	gong1 lu:4	power (rate of doing work, measured in watts)	7-9
功能	功能	gong1 neng2	function; capability	3
功臣	功臣	gong1 chen2	meritorious official; person who renders exceptional service; hero; (fig.) sth that plays a vital role	7-9
功课	功課	gong1 ke4	homework; assignment; task; classwork; lesson; study; CL:門|门[men2]	3
加	加	Jia1	Canada (abbr. for 加拿大[Jia1 na2 da4]); surname Jia	2
加	加	jia1	to add; (math.) plus; to increase; to augment; (used before a disyllabic verb, often after an adverb like 不[bu4], 大[da4], 稍[shao1] etc, to indicate that the action applies to sth previously mentioned, as in 稍加改良[shao1 jia1 gai3 liang2] "make some minor improvements to (it)")	2
加上	加上	jia1 shang4	plus; to put in; to add; to add on; to add into; in addition; on top of that	5
加以	加以	jia1 yi3	(formal) to apply; to carry out; to take action to (do sth) (used before a disyllabic verb, indicating that the action is directed at sth previously mentioned, e.g. 加以說明|加以说明[jia1 yi3 shuo1 ming2]); to apply (restrictions etc); to give (support, consideration etc); (literary) moreover; in addition	5
加入	加入	jia1 ru4	to become a member; to join; to mix into; to participate in; to add in	4
加剧	加劇	jia1 ju4	to intensify	7-9
加工	加工	jia1 gong1	to process; processing; working (of machinery)	3
加强	加強	jia1 qiang2	to reinforce; to strengthen; to enhance	3
加快	加快	jia1 kuai4	to accelerate; to speed up; to hasten	3
加油	加油	jia1 you2	to add oil; to top up with gas; to refuel; to accelerate; to step on the gas; (fig.) to make an extra effort; to cheer sb on	2
加油站	加油站	jia1 you2 zhan4	gas station	4
加深	加深	jia1 shen1	to deepen	7-9
加热	加熱	jia1 re4	to heat	5
加班	加班	jia1 ban1	to work overtime	4
加盟	加盟	jia1 meng2	(of a nation) to join an alliance; (of an athlete) to join a sports team; (of an entrepreneur) to join a franchise; (of an actor) to join the cast of a movie; (of a recording artist) to sign with a label	6
加紧	加緊	jia1 jin3	to intensify; to speed up; to step up	7-9
加速	加速	jia1 su4	to accelerate; to speed up; to expedite	5
加重	加重	jia1 zhong4	to make heavier; to emphasize; (of an illness etc) to become more serious; to aggravate (a bad situation); to increase (a burden, punishment etc)	7-9
劣势	劣勢	lie4 shi4	inferior; disadvantaged	7-9
劣质	劣質	lie4 zhi4	shoddy; of poor quality	7-9
助威	助威	zhu4 wei1	to cheer for; to encourage; to boost the morale of	7-9
助手	助手	zhu4 shou3	assistant; helper	5
助理	助理	zhu4 li3	assistant	5
努力	努力	nu3 li4	to make an effort; to try hard; to strive; hard-working; conscientious	2
劫	劫	jie2	to rob; to plunder; to seize by force; to coerce; calamity; abbr. for kalpa 劫波[jie2 bo1]	7-9
劫持	劫持	jie2 chi2	to kidnap; to hijack; to abduct; to hold under duress	7-9
券	劵	quan4	variant of 券[quan4]	6
劲头	勁頭	jin4 tou2	enthusiasm; zeal; vigor; strength	7-9
勇往直前	勇往直前	yong3 wang3 zhi2 qian2	to advance bravely	7-9
勇敢	勇敢	yong3 gan3	brave; courageous	4
勇于	勇於	yong3 yu2	to dare to; to be brave enough to	7-9
勇气	勇氣	yong3 qi4	courage	4
勉强	勉強	mian3 qiang3	to do with difficulty; to force sb to do sth; reluctant; barely enough	7-9
勒	勒	le4	(literary) bridle; halter; headstall; to rein in; to compel; to force; (literary) to carve; to engrave; (literary) to command; to lead (an army etc); (physics) lux (abbr. for 勒克斯[le4 ke4 si1])	7-9
勒	勒	lei1	to strap tightly; to bind	7-9
动	動	dong4	(of sth) to move; to set in movement; to displace; to touch; to make use of; to stir (emotions); to alter; abbr. for 動詞|动词[dong4 ci2], verb	1
动不动	動不動	dong4 bu5 dong4	(typically followed by 就[jiu4]) apt to (lose one's temper, catch a cold etc); at the drop of a hat	7-9
动人	動人	dong4 ren2	touching; moving	3
动作	動作	dong4 zuo4	movement; motion; action; to act; to move	1
动力	動力	dong4 li4	motive power; (fig.) motivation; impetus	3
动向	動向	dong4 xiang4	trend; tendency	7-9
动员	動員	dong4 yuan2	to mobilize; mobilization; CL:次[ci4]	5
动工	動工	dong4 gong1	to start (a building project)	7-9
动弹	動彈	dong4 tan5	to budge	7-9
动感	動感	dong4 gan3	sense of movement (often in a static work of art); dynamic; vivid; lifelike	7-9
动态	動態	dong4 tai4	movement; motion; development; trend; dynamic (science)	5
动手	動手	dong4 shou3	to set about (a task); to raise a hand to hit sb; to touch; to handle (typically used in cautioning sb *not* to touch sth)	5
动摇	動搖	dong4 yao2	to sway; to waver; to rock; to rattle; to destabilize; to pose a challenge to	4
动机	動機	dong4 ji1	motive; motivation	5
动物	動物	dong4 wu4	animal; CL:隻|只[zhi1],群[qun2],個|个[ge4]	2
动物园	動物園	dong4 wu4 yuan2	zoo	2
动用	動用	dong4 yong4	to utilize; to put sth to use	7-9
动画	動畫	dong4 hua4	animation; cartoon	6
动画片	動畫片	dong4 hua4 pian4	animated film	4
动荡	動盪	dong4 dang4	variant of 動蕩|动荡[dong4 dang4]	7-9
动听	動聽	dong4 ting1	pleasant to listen to	7-9
动脉	動脈	dong4 mai4	artery	7-9
动荡	動蕩	dong4 dang4	unrest (social or political); turmoil; upheaval; commotion	7-9
动身	動身	dong4 shen1	to go on a journey; to leave	7-9
动静	動靜	dong4 jing4	(detectable) movement; (sign of) activity; movement and stillness	7-9
勘探	勘探	kan1 tan4	to explore; to survey; to prospect (for oil etc); prospecting	7-9
务实	務實	wu4 shi2	to deal with concrete matters; pragmatic	7-9
务必	務必	wu4 bi4	must; to need to; to be sure to	7-9
勋章	勛章	xun1 zhang1	medal; decoration	7-9
胜	勝	sheng4	victory; success; to beat; to defeat; to surpass; victorious; superior to; to get the better of; better than; surpassing; superb (of vista); beautiful (scenery); wonderful (view); (Taiwan pr. [sheng1]) able to bear; equal to (a task)	3
胜任	勝任	sheng4 ren4	qualified; competent (professionally); to be up to a task	7-9
胜出	勝出	sheng4 chu1	to come out on top; to win (in an election, contest etc); success; victory	7-9
胜利	勝利	sheng4 li4	victory; CL:個|个[ge4]	3
胜负	勝負	sheng4 fu4	victory or defeat; the outcome of a battle	5
劳动	勞動	lao2 dong4	work; toil; physical labor; CL:次[ci4]	5
劳动力	勞動力	lao2 dong4 li4	labor force; manpower	7-9
劳务	勞務	lao2 wu4	service (work done for money); services (as in "goods and services")	7-9
劳累	勞累	lao2 lei4	tired; exhausted; worn out; to toil	7-9
募捐	募捐	mu4 juan1	to solicit contributions; to collect donations	7-9
势不可当	勢不可當	shi4 bu4 ke3 dang1	impossible to resist (idiom); an irresistible force	7-9
势力	勢力	shi4 li5	power; influence; a force (military, political etc)	5
势必	勢必	shi4 bi4	to be bound to; undoubtedly will	7-9
势头	勢頭	shi4 tou2	power; momentum; tendency; impetus; situation; the look of things	7-9
勤劳	勤勞	qin2 lao2	hardworking; industrious; diligent	7-9
勤奋	勤奮	qin2 fen4	hardworking; diligent	5
勤工俭学	勤工儉學	qin2 gong1 jian3 xue2	to work part-time while studying; work-study program	7-9
勤快	勤快	qin2 kuai4	diligent; hardworking	7-9
励志	勵志	li4 zhi4	to pursue a goal with determination; inspirational; motivational	7-9
劝	勸	quan4	to advise; to urge; to try to persuade; to exhort; to console; to soothe	5
劝告	勸告	quan4 gao4	to advise; to urge; to exhort; exhortation; advice; CL:席[xi2]	7-9
劝说	勸說	quan4 shuo1	to persuade; persuasion; to advise	7-9
劝阻	勸阻	quan4 zu3	to advise against; to dissuade	7-9
勺	勺	shao2	spoon; ladle; CL:把[ba3]; abbr. for 公勺[gong1 shao2], centiliter (unit of volume)	6
勾	勾	Gou1	surname Gou	7-9
勾	勾	gou1	to attract; to arouse; to tick; to strike out; to delineate; to collude; variant of 鉤|钩[gou1], hook	7-9
勾	勾	gou4	used in 勾當|勾当[gou4 dang4]	7-9
勾画	勾畫	gou1 hua4	to sketch out; to delineate	7-9
勾结	勾結	gou1 jie2	to collude with; to collaborate with; to gang up with	7-9
勿	勿	wu4	do not	7-9
包	包	Bao1	surname Bao	1
包	包	bao1	to cover; to wrap; to hold; to include; to take charge of; to contract (to or for); package; wrapper; container; bag; to hold or embrace; bundle; packet; CL:個|个[ge4],隻|只[zhi1]	1
包含	包含	bao1 han2	to contain; to embody; to include	4
包围	包圍	bao1 wei2	to surround; to encircle; to hem in	5
包子	包子	bao1 zi5	baozi; bao (steamed stuffed bun)	1
包容	包容	bao1 rong2	to pardon; to forgive; to show tolerance; to contain; to hold; inclusive	7-9
包扎	包扎	bao1 za1	variant of 包紮|包扎[bao1 za1]	7-9
包括	包括	bao1 kuo4	to comprise; to include; to involve; to incorporate; to consist of	4
包扎	包紮	bao1 za1	to wrap up; to pack; to bind up (a wound)	7-9
包袱	包袱	bao1 fu5	wrapping cloth; a bundle wrapped in cloth; load; weight; burden; funny part; punchline	7-9
包装	包裝	bao1 zhuang1	to wrap; to package (goods etc); packaging; packing materials; (fig.) to present attractively; to craft an image; to package (sb or sth)	5
包裹	包裹	bao1 guo3	to wrap up; to bind up; bundle; parcel; package; CL:個|个[ge4]	4
匆匆	匆匆	cong1 cong1	hurriedly	7-9
匆忙	匆忙	cong1 mang2	hasty; hurried	7-9
化妆	化妝	hua4 zhuang1	to put on makeup	7-9
化石	化石	hua4 shi2	fossil	5
化纤	化纖	hua4 xian1	man-made fiber (abbr. for 化學纖維|化学纤维[hua4 xue2 xian1 wei2])	7-9
化肥	化肥	hua4 fei2	chemical fertilizer	7-9
化解	化解	hua4 jie3	to dissolve; to resolve (contradictions); to dispel (doubts); to iron out (difficulties); to defuse (conflicts); to neutralize (fears)	6
化身	化身	hua4 shen1	incarnation; reincarnation; embodiment (of abstract idea); personification	7-9
化险为夷	化險為夷	hua4 xian3 wei2 yi2	to turn peril into safety (idiom); to avert disaster	7-9
化验	化驗	hua4 yan4	chemical examination; to do a lab test	7-9
北	北	bei3	north; (classical) to be defeated	1
北京	北京	Bei3 jing1	Beijing municipality, capital of the People's Republic of China (short name 京[Jing1])	1
北方	北方	bei3 fang1	north; the northern part a country; China north of the Yellow River	2
北极	北極	bei3 ji2	the North Pole; the north magnetic pole	5
北边	北邊	bei3 bian1	north; north side; northern part; to the north of	1
北部	北部	bei3 bu4	northern part	3
汇	匯	hui4	to remit; to converge (of rivers); to exchange	4
汇合	匯合	hui4 he2	confluence; to converge; to join; to fuse; fusion	7-9
汇报	匯報	hui4 bao4	to report; to give an account of; to collect information and report back	4
汇款	匯款	hui4 kuan3	to remit money; remittance	5
汇率	匯率	hui4 lu:4	exchange rate	4
汇聚	匯聚	hui4 ju4	convergence; to come together	7-9
汇集	匯集	hui4 ji2	to collect; to compile; to converge; also written 彙集|汇集[hui4 ji2]	7-9
匹	匹	pi3	(bound form) matching; comparable to; (bound form) alone; single; one of a pair; classifier for horses, mules etc (Taiwan pr. [pi1]); classifier for cloth: bolt; horsepower	5
匹配	匹配	pi3 pei4	to mate or marry; to match; matching; compatible	7-9
匿名	匿名	ni4 ming2	anonymous	7-9
区	區	Ou1	surname Ou	3
区	區	qu1	area; region; district; small; distinguish; CL:個|个[ge4]	3
区分	區分	qu1 fen1	to differentiate; to draw a distinction; to divide into categories	6
区别	區別	qu1 bie2	difference; to distinguish; to discriminate; to make a distinction; CL:個|个[ge4]	3
区域	區域	qu1 yu4	area; region; district	5
十	十	shi2	ten; 10	1
十分	十分	shi2 fen1	very; completely; utterly; extremely; absolutely; hundred percent; to divide into ten equal parts	2
十字路口	十字路口	shi2 zi4 lu4 kou3	crossroads; intersection	7-9
十足	十足	shi2 zu2	ample; complete; hundred percent; a pure shade (of some color)	5
千	千	qian1	thousand	2
千克	千克	qian1 ke4	kilogram	2
千家万户	千家萬戶	qian1 jia1 wan4 hu4	every family (idiom)	7-9
千方百计	千方百計	qian1 fang1 bai3 ji4	lit. thousand ways, a hundred plans (idiom); by every possible means	7-9
千万	千萬	qian1 wan4	ten million; countless; many; one must by all means	3
千变万化	千變萬化	qian1 bian4 wan4 hua4	countless changes; constant permutation	7-9
千军万马	千軍萬馬	qian1 jun1 wan4 ma3	magnificent army with thousands of men and horses (idiom); impressive display of manpower; all the King's horses and all the King's men	7-9
千钧一发	千鈞一髮	qian1 jun1 yi1 fa4	lit. a thousand pounds hangs by a thread (idiom); fig. (at the) critical; perilous (moment)	7-9
升	升	sheng1	to ascend; to rise; to promote; to elevate; liter; unit of dry measure for grain (= one liter or one-tenth dou 斗[dou3])	3
升值	升值	sheng1 zhi2	to rise in value; to appreciate	6
升学	升學	sheng1 xue2	to enter the next grade school	6
升温	升溫	sheng1 wen1	to become hot; temperature rise; (fig.) to intensify; to hot up; to escalate; to get a boost	7-9
升级	升級	sheng1 ji2	to go up by one grade; to be promoted; to escalate (in intensity); (computing) to upgrade	6
升高	升高	sheng1 gao1	to raise; to ascend	5
午睡	午睡	wu3 shui4	to take a nap in the afternoon	2
午饭	午飯	wu3 fan4	lunch; CL:份[fen4],頓|顿[dun4],次[ci4],餐[can1]	1
午餐	午餐	wu3 can1	lunch; luncheon; CL:份[fen4],頓|顿[dun4],次[ci4]	2
半	半	ban4	half; semi-; incomplete; (after a number) and a half	1
半信半疑	半信半疑	ban4 xin4 ban4 yi2	(idiom) half believing, half doubting; not quite convinced; skeptical	7-9
半场	半場	ban4 chang3	half of a game or contest; half-court	7-9
半夜	半夜	ban4 ye4	midnight; in the middle of the night	2
半天	半天	ban4 tian1	half of the day; a long time; quite a while; midair; CL:個|个[ge4]	1
半岛	半島	ban4 dao3	peninsula	7-9
半年	半年	ban4 nian2	half a year	1
半数	半數	ban4 shu4	half the number; half	7-9
半决赛	半決賽	ban4 jue2 sai4	semifinals	6
半真半假	半真半假	ban4 zhen1 ban4 jia3	(idiom) half true and half false	7-9
半路	半路	ban4 lu4	halfway; midway; on the way	7-9
半途而废	半途而廢	ban4 tu2 er2 fei4	to give up halfway (idiom); leave sth unfinished	7-9
半边天	半邊天	ban4 bian1 tian1	half the sky; women of the new society; womenfolk	7-9
卑鄙	卑鄙	bei1 bi3	base; mean; contemptible; despicable	7-9
卓越	卓越	zhuo2 yue4	outstanding; surpassing; distinguished; splendid	7-9
协作	協作	xie2 zuo4	cooperation; coordination	7-9
协助	協助	xie2 zhu4	to provide assistance; to aid	6
协同	協同	xie2 tong2	to cooperate; in coordination with; coordinated; collaborate; collaboration; collaborative	7-9
协商	協商	xie2 shang1	to consult with; to talk things over; agreement	6
协定	協定	xie2 ding4	agreement; accord; to reach an agreement	7-9
协会	協會	xie2 hui4	an association; a society; CL:個|个[ge4],家[jia1]	6
协调	協調	xie2 tiao2	to coordinate; to harmonize; to fit together; to match (colors etc); harmonious; concerted	6
协议	協議	xie2 yi4	agreement; pact; protocol; CL:項|项[xiang4]	5
协议书	協議書	xie2 yi4 shu1	contract; protocol	5
南	南	Nan2	surname Nan	1
南	南	na1	used in 南無|南无[na1 mo2]; Taiwan pr. [na2]	1
南	南	nan2	south	1
南北	南北	nan2 bei3	north and south; north to south	5
南方	南方	nan2 fang1	south; southern direction; (in China) southern regions, often referring to areas south of the Yangtze River	2
南极	南極	nan2 ji2	the South Pole; the south magnetic pole	5
南瓜	南瓜	nan2 gua1	pumpkin	7-9
南边	南邊	nan2 bian5	south; south side; southern part; to the south of	1
南部	南部	nan2 bu4	southern part	3
博士	博士	bo2 shi4	doctor (as an academic degree); (old) person specialized in a skill or trade; (old) court academician	5
博客	博客	bo2 ke4	(loanword) a blog; a blogger	5
博物馆	博物館	bo2 wu4 guan3	museum	5
博览会	博覽會	bo2 lan3 hui4	an exposition; an international fair	5
占	占	zhan1	to observe; to divine	2
占	占	zhan4	to take possession of; to occupy; to take up	2
占卜	占卜	zhan1 bu3	to divine	7-9
卡	卡	ka3	to stop; to block; (computing) (coll.) slow; (loanword) card; CL:張|张[zhang1],片[pian4]; truck (from "car"); calorie (abbr. for 卡路里[ka3 lu4 li3]); cassette	7-9
卡	卡	qia3	to block; to be stuck; to be wedged; customs station; a clip; a fastener; a checkpost; Taiwan pr. [ka3]	7-9
卡子	卡子	qia3 zi5	clip; hair fastener; checkpoint	7-9
卡片	卡片	ka3 pian4	card	7-9
卡车	卡車	ka3 che1	truck; CL:輛|辆[liang4]	7-9
卡通	卡通	ka3 tong1	cartoon (loanword)	7-9
印	印	Yin4	surname Yin; abbr. for 印度[Yin4 du4], India	6
印	印	yin4	to print; to mark; to engrave; a seal; a print; a stamp; a mark; a trace; image	6
印刷	印刷	yin4 shua1	to print; printing	5
印刷术	印刷術	yin4 shua1 shu4	printing; printing technology	7-9
印章	印章	yin4 zhang1	seal; signet; chop; stamp; CL:方[fang1]	7-9
印证	印證	yin4 zheng4	to confirm; to corroborate; to verify; proof; evidence	7-9
印象	印象	yin4 xiang4	impression (sth that stays in one's mind); a memory	3
危及	危及	wei1 ji2	to endanger; to jeopardize; a danger (to life, national security etc)	7-9
危害	危害	wei1 hai4	to harm; to jeopardize; to endanger; harmful effect; damage	3
危急	危急	wei1 ji2	critical; desperate (situation)	7-9
危机	危機	wei1 ji1	crisis	6
危险	危險	wei1 xian3	danger; dangerous	3
即	即	ji2	namely; that is; i.e.; prompt; at once; at present; even if; prompted (by the occasion); to approach; to come into contact; to assume (office); to draw near	7-9
即使	即使	ji2 shi3	even if; even though	5
即便	即便	ji2 bian4	even if; even though; right away; immediately	7-9
即可	即可	ji2 ke3	equivalent to 就可以; can then (do sth); can immediately (do sth); (do sth) and that will suffice	7-9
即将	即將	ji2 jiang1	about to; on the point of; soon	4
卵	卵	luan3	egg; ovum; spawn; (coll.) testicles; (old) penis; (expletive) fucking	7-9
卷	卷	juan3	to roll up; (fig.) to sweep up; to engulf; to drag into (a situation); (slang) to compete to an unhealthy degree; hypercompetitive; a roll; classifier for small rolled-up things (wad of paper money, movie reel etc)	4
卷	卷	juan4	scroll; book; volume; chapter; examination paper; classifier for books, paintings: volume, scroll	4
卷子	卷子	juan3 zi5	steamed roll; spring roll	7-9
卷子	卷子	juan4 zi5	test paper; examination paper	7-9
卸	卸	xie4	to unload; to unhitch; to remove or strip; to get rid of	7-9
却	卻	que4	but; yet; however; while; to go back; to decline; to retreat; nevertheless; even though	4
却是	卻是	que4 shi4	nevertheless; actually; the fact is ...	6
厂	厂	han3	"cliff" radical in Chinese characters (Kangxi radical 27), occurring in 原, 历, 压 etc	3
厄运	厄運	e4 yun4	bad luck; misfortune; adversity	7-9
厚	厚	hou4	thick; deep or profound; kind; generous; rich or strong in flavor; to favor; to stress	4
厚度	厚度	hou4 du4	thickness	7-9
厚道	厚道	hou4 dao5	kind and honest; generous; sincere	7-9
原	原	Yuan2	surname Yuan; (Japanese surname) Hara	6
原	原	yuan2	former; original; primary; raw; level; cause; source	6
原来	原來	yuan2 lai2	original; former; originally; formerly; at first; so, actually, as it turns out	2
原先	原先	yuan2 xian1	originally; original; former	5
原则	原則	yuan2 ze2	principle; doctrine; CL:個|个[ge4]	4
原创	原創	yuan2 chuang4	to create (an original work); (of a work) original; original creation; original work	7-9
原告	原告	yuan2 gao4	complainant; plaintiff	6
原因	原因	yuan2 yin1	cause; origin; root cause; reason; CL:個|个[ge4]	2
原地	原地	yuan2 di4	(in) the original place; the place where one currently is; place of origin; local (product)	7-9
原型	原型	yuan2 xing2	model; prototype; archetype	7-9
原始	原始	yuan2 shi3	first; original; primitive; original (document etc)	5
原料	原料	yuan2 liao4	raw material	4
原有	原有	yuan2 you3	original; former	5
原本	原本	yuan2 ben3	originally; the original; original copy; original version	7-9
原材料	原材料	yuan2 cai2 liao4	raw and semifinished materials	7-9
原汁原味	原汁原味	yuan2 zhi1 yuan2 wei4	original; authentic	7-9
原理	原理	yuan2 li3	principle; theory	5
原装	原裝	yuan2 zhuang1	genuine; intact in original packaging (not locally assembled and packaged)	7-9
原谅	原諒	yuan2 liang4	to excuse; to forgive; to pardon	6
厌倦	厭倦	yan4 juan4	to be weary of; to be fed up with; to be bored with	7-9
厌烦	厭煩	yan4 fan2	bored; fed up with sth; sick of sth	7-9
厉害	厲害	li4 hai5	(used to describe sb or sth that makes a very strong impression, whether favorable or unfavorable) terrible; intense; severe; devastating; amazing; awesome; outstanding; (of a person) stern; strict; harsh; shrewd; tough; (of an animal) fierce; (of a resemblance) striking; (of liquor or chili pepper) strong; (of bacteria) virulent	5
去	去	qu4	to go; to go to (a place); (of a time etc) last; just passed; to send; to remove; to get rid of; to reduce; to be apart from in space or time; to die (euphemism); to play (a part); (when used either before or after a verb) to go in order to do sth; (after a verb of motion indicates movement away from the speaker); (used after certain verbs to indicate detachment or separation)	1
去世	去世	qu4 shi4	to pass away; to die	3
去向	去向	qu4 xiang4	direction in which sb or sth has gone; whereabouts	7-9
去年	去年	qu4 nian2	last year	1
去掉	去掉	qu4 diao4	to get rid of; to exclude; to eliminate; to remove; to delete; to strip out; to extract	6
去处	去處	qu4 chu4	place; destination	7-9
去除	去除	qu4 chu2	to remove; to dislodge	7-9
参加	參加	can1 jia1	to participate; to take part; to join	2
参展	參展	can1 zhan3	to exhibit at or take part in a trade show etc	6
参照	參照	can1 zhao4	to consult a reference; to refer to (another document)	7-9
参考	參考	can1 kao3	consultation; reference; to consult; to refer	4
参与	參與	can1 yu4	to participate (in sth)	4
参见	參見	can1 jian4	to refer to; see also; compare (cf.); to pay respect to	7-9
参观	參觀	can1 guan1	to visit (a place, e.g. museum or factory); to tour; to look around	2
参谋	參謀	can1 mou2	staff officer; to give advice	7-9
参赛	參賽	can1 sai4	to compete; to take part in a competition	6
参军	參軍	can1 jun1	to join the army; (official title in imperial China) military adviser; aide-de-camp	7-9
又	又	you4	(once) again; also; both... and...; and yet; (used for emphasis) anyway	2
叉	叉	cha1	fork; pitchfork; prong; pick; cross; intersect; "X"	5
叉	叉	cha2	to cross; be stuck	5
叉	叉	cha3	to diverge; to open (as legs)	5
叉	叉	cha4	used in 劈叉[pi3 cha4]; used in 分叉[fen1 cha4]	5
叉子	叉子	cha1 zi5	fork; CL:把[ba3]	5
及	及	ji2	and; to reach; up to; in time for	7-9
及其	及其	ji2 qi2	(conjunction linking two nouns) and its ...; and their ...; and his ...; and her ...	7-9
及早	及早	ji2 zao3	at the earliest possible time; as soon as possible	7-9
及时	及時	ji2 shi2	timely; at the right time; promptly; without delay	3
及格	及格	ji2 ge2	to pass an exam or a test; to meet a minimum standard	4
友人	友人	you3 ren2	friend	7-9
友善	友善	you3 shan4	friendly	7-9
友好	友好	You3 hao3	see 友好區|友好区[You3 hao3 Qu1]	2
友好	友好	you3 hao3	friendly; amicable; close friend	2
友情	友情	you3 qing2	friendly feelings; friendship	7-9
友谊	友誼	You3 yi4	see 友誼縣|友谊县[You3 yi4 Xian4]	5
友谊	友誼	you3 yi4	companionship; fellowship; friendship	5
双	双	shuang1	variant of 雙|双[shuang1]	3
反	反	fan3	contrary; in reverse; inside out or upside down; to reverse; to return; to oppose; opposite; against; anti-; to rebel; to use analogy; instead; abbr. for 反切[fan3 qie4] phonetic system	4
反倒	反倒	fan3 dao4	(coll.) but on the contrary; but instead	7-9
反问	反問	fan3 wen4	to ask (a question) in reply; to answer a question with a question; rhetorical question	6
反对	反對	fan3 dui4	to oppose; to be against; to object to	3
反差	反差	fan3 cha1	contrast; discrepancy	7-9
反常	反常	fan3 chang2	unusual; abnormal	7-9
反弹	反彈	fan3 tan2	to bounce; to bounce back; to boomerang; to ricochet; rebound (of stock market etc); bounce; backlash; negative repercussions	7-9
反复	反復	fan3 fu4	variant of 反覆|反复[fan3 fu4]	3
反思	反思	fan3 si1	to think back over sth; to review; to revisit; to rethink; reflection; reassessment	7-9
反感	反感	fan3 gan3	to be disgusted with; to dislike; bad reaction; antipathy	7-9
反应	反應	fan3 ying4	to react; to respond; reaction; response; reply; chemical reaction; CL:個|个[ge4]	3
反抗	反抗	fan3 kang4	to resist; to rebel	6
反击	反擊	fan3 ji1	to strike back; to beat back; to counterattack	7-9
反映	反映	fan3 ying4	to mirror; to reflect; mirror image; reflection; (fig.) to report; to make known; to render	4
反正	反正	fan3 zheng4	anyway; in any case; to come over from the enemy's side	3
反省	反省	fan3 xing3	to reflect upon oneself; to examine one's conscience; to question oneself; to search one's soul	7-9
反而	反而	fan3 er2	on the contrary; instead	4
反复	反覆	fan3 fu4	repeatedly; over and over; to upend; unstable; to come and go; (of an illness) to return	3
反过来	反過來	fan3 guo5 lai2	conversely; in reverse order; in an opposite direction	7-9
反面	反面	fan3 mian4	reverse side; backside; the other side (of a problem etc); negative; bad	7-9
反响	反響	fan3 xiang3	repercussions; reaction; echo	6
反馈	反饋	fan3 kui4	to send back information; feedback	7-9
反驳	反駁	fan3 bo2	to retort; to refute	7-9
叔叔	叔叔	shu1 shu5	father's younger brother; paternal uncle; form of address used by children for a male one generation older	4
取	取	qu3	to take; to get; to choose; to fetch	2
取代	取代	qu3 dai4	to replace; to supersede; to supplant; (chemistry) substitution	7-9
取胜	取勝	qu3 sheng4	to score a victory; to prevail over one's opponents	7-9
取得	取得	qu3 de2	to acquire; to get; to obtain	2
取暖	取暖	qu3 nuan3	to warm oneself (by a fire, heater etc)	7-9
取款	取款	qu3 kuan3	to withdraw money from a bank	6
取款机	取款機	qu3 kuan3 ji1	ATM	6
取决于	取決於	qu3 jue2 yu2	to hinge on; to be decided by; to depend on	7-9
取消	取消	qu3 xiao1	to cancel; to call off; to revoke; to rescind	3
取笑	取笑	qu3 xiao4	to tease; to make fun of	7-9
取经	取經	qu3 jing1	to journey to India on a quest for the Buddhist scriptures; to learn by studying another's experience	7-9
取缔	取締	qu3 di4	to suppress; to crack down on; to prohibit	7-9
取而代之	取而代之	qu3 er2 dai4 zhi1	(idiom) to replace; to supersede; to take its (or her etc) place	7-9
受	受	shou4	to receive; to accept; to suffer; subjected to; to bear; to stand; pleasant; (passive marker); (LGBT) bottom	3
受不了	受不了	shou4 bu4 liao3	unbearable; unable to endure; can't stand	4
受伤	受傷	shou4 shang1	to sustain injuries; wounded (in an accident etc); harmed	3
受到	受到	shou4 dao4	to receive (praise, an education, punishment etc); to be ...ed (praised, educated, punished etc)	2
受害	受害	shou4 hai4	to suffer damage, injury etc; damaged; injured; killed; robbed	7-9
受害人	受害人	shou4 hai4 ren2	victim	7-9
受灾	受災	shou4 zai1	disaster-stricken; to be hit by a natural calamity	5
受理	受理	shou4 li3	to accept to hear a case; to handle (a service)	7-9
受益	受益	shou4 yi4	to benefit from; profit	7-9
受苦	受苦	shou4 ku3	to suffer hardship	7-9
受贿	受賄	shou4 hui4	to accept a bribe	7-9
受过	受過	shou4 guo4	to take the blame (for sb else)	7-9
受骗	受騙	shou4 pian4	to be cheated; to be taken in; to be hoodwinked	7-9
受惊	受驚	shou4 jing1	startled	7-9
假	叚	jia3	variant of 假[jia3]; to borrow	2
叛逆	叛逆	pan4 ni4	to rebel; to revolt; a rebel	7-9
丛林	叢林	cong2 lin2	jungle; thicket; forest; Buddhist monastery	7-9
口	口	kou3	mouth; classifier for things with mouths (people, domestic animals, cannons, wells etc); classifier for bites or mouthfuls	1
口令	口令	kou3 ling4	oral command; a word of command (used in drilling troops or gymnasts); password (used by sentry)	7-9
口吃	口吃	kou3 chi1	to stammer; to stutter; Taiwan pr. [kou3ji2]	7-9
口味	口味	kou3 wei4	a person's preferences; tastes (in food); flavor	7-9
口哨	口哨	kou3 shao4	whistle	7-9
口子	口子	kou3 zi5	hole; opening; cut; gap; gash; my husband or wife; classifier for people (used for indicating the number of people in a family etc); precedent	7-9
口径	口徑	kou3 jing4	bore; caliber; diameter; aperture; (fig.) stance (on an issue); version (of events); account; narrative; line	7-9
口感	口感	kou3 gan3	mouthfeel; texture (of food)	7-9
口才	口才	kou3 cai2	eloquence	7-9
口气	口氣	kou3 qi4	tone of voice; the way one speaks; manner of expression; tone	7-9
口水	口水	kou3 shui3	saliva	7-9
口碑	口碑	kou3 bei1	public praise; public reputation; commonly held opinions; current idiom	7-9
口罩	口罩	kou3 zhao4	mask (surgical etc)	7-9
口腔	口腔	kou3 qiang1	oral cavity	7-9
口号	口號	kou3 hao4	slogan; catchphrase; CL:個|个[ge4]	5
口袋	口袋	kou3 dai4	pocket; bag; sack	4
口试	口試	kou3 shi4	oral examination; oral test	6
口语	口語	kou3 yu3	colloquial speech; spoken language; vernacular language; slander; gossip; CL:門|门[men2]	4
口音	口音	kou3 yin1	(linguistics) oral speech sounds	7-9
口音	口音	kou3 yin5	voice; accent	7-9
口头	口頭	kou3 tou2	oral; verbal	7-9
口香糖	口香糖	kou3 xiang1 tang2	chewing gum	7-9
古	古	Gu3	surname Gu	3
古	古	gu3	ancient; old; paleo-	3
古人	古人	gu3 ren2	people of ancient times; the ancients; extinct human species such as Homo erectus or Homo neanderthalensis; (literary) deceased person	7-9
古今中外	古今中外	gu3 jin1 zhong1 wai4	at all times and in all places (idiom)	7-9
古代	古代	gu3 dai4	ancient times	3
古典	古典	gu3 dian3	classical	6
古怪	古怪	gu3 guai4	strange; weird; eccentric; bizarre	7-9
古朴	古樸	gu3 pu3	simple and unadorned (of art, architecture etc)	7-9
古老	古老	gu3 lao3	ancient; old; age-old	5
古董	古董	gu3 dong3	curio; antique	7-9
古迹	古蹟	gu3 ji4	place of historic interest; historical site	7-9
句	句	gou1	variant of 勾[gou1]	2
句	句	ju4	sentence; clause; phrase; classifier for phrases or lines of verse	2
句子	句子	ju4 zi5	sentence; CL:個|个[ge4]	2
另	另	ling4	other; another; separate; separately	6
另一方面	另一方面	ling4 yi1 fang1 mian4	on the other hand; another aspect	3
另外	另外	ling4 wai4	additional; in addition; besides; separate; other; moreover; furthermore	3
只	只	zhi1	variant of 隻|只[zhi1]	3
只	只	zhi3	only; merely; just	3
只不过	只不過	zhi3 bu5 guo4	only; merely; nothing but; no more than; it's just that ...	5
只好	只好	zhi3 hao3	to have no other option but to ...; to have to; to be forced to	3
只得	只得	zhi3 de2	to have no alternative but to; to be obliged to	6
只是	只是	zhi3 shi4	merely; only; just; nothing but; simply; but; however	3
只有	只有	zhi3 you3	only have ...; there is only ...; (used in combination with 才[cai2]) it is only if ... (that one can ...) (as in 只有通過治療才能痊愈|只有通过治疗才能痊愈[zhi3 you3 tong1 guo4 zhi4 liao2 cai2 neng2 quan2 yu4] "the only way to cure it is with therapy"); it is only (someone) who ... (as in 只有男性才有此需要[zhi3 you3 nan2 xing4 cai2 you3 ci3 xu1 yao4] "only men would have such a requirement"); (used to express lack of alternatives) can only; have no choice but to (as in 只有屈服[zhi3 you3 qu1 fu2] "the only thing you can do is give in")	3
只管	只管	zhi3 guan3	solely engrossed in one thing; just (one thing, no need to worry about the rest); simply; by all means; please feel free; do not hesitate (to ask for sth)	6
只能	只能	zhi3 neng2	can only; obliged to do sth; to have no other choice	2
只要	只要	zhi3 yao4	so long as; provided; if	2
只见	只見	zhi3 jian4	to see (the same thing) over and over again; to see, to one's surprise, (sth happen suddenly)	5
只顾	只顧	zhi3 gu4	to focus solely on; to pay attention only to; to be preoccupied with	6
叫作	叫作	jiao4 zuo4	to call; to be called	2
叫好	叫好	jiao4 hao3	to applaud; to cheer	7-9
叫板	叫板	jiao4 ban3	to signal the musicians (in Chinese opera, by prolonging a spoken word before attacking a song); (coll.) to challenge	7-9
召开	召開	zhao4 kai1	to convene (a conference or meeting); to convoke; to call together	4
召集	召集	zhao4 ji2	to convene; to call together	7-9
叮嘱	叮囑	ding1 zhu3	to warn repeatedly; to urge; to exhort again and again	7-9
可	可	ke3	(prefix) can; may; able to; -able; to approve; to permit; to suit; (particle used for emphasis) certainly; very; but; however	5
可	可	ke4	used in 可汗[ke4 han2]	5
可不是	可不是	ke3 bu5 shi4	(coll.) exactly!; indeed; that's for sure	7-9
可乘之机	可乘之機	ke3 cheng2 zhi1 ji1	(idiom) an opportunity that someone (usually a villain or adversary) can exploit	7-9
可以	可以	ke3 yi3	can; may; possible; able to; not bad; pretty good	2
可信	可信	ke3 xin4	trustworthy	7-9
可口	可口	ke3 kou3	tasty; to taste good	7-9
可怕	可怕	ke3 pa4	awful; dreadful; fearful; formidable; frightful; scary; hideous; horrible; terrible; terribly	2
可耻	可恥	ke3 chi3	shameful; disgraceful; ignominious	7-9
可悲	可悲	ke3 bei1	lamentable	7-9
可惜	可惜	ke3 xi1	it is a pity; what a pity; unfortunately	5
可恶	可惡	ke3 wu4	repulsive; vile; hateful; abominable	7-9
可想而知	可想而知	ke3 xiang3 er2 zhi1	(idiom) (it) goes without saying; can well be imagined	7-9
可爱	可愛	ke3 ai4	adorable; cute; lovely	2
可怜	可憐	ke3 lian2	pitiful; pathetic; to have pity on	5
可是	可是	ke3 shi4	but; however; (used for emphasis) indeed	2
可乐	可樂	ke3 le4	amusing; entertaining; (loanword) cola	3
可歌可泣	可歌可泣	ke3 ge1 ke3 qi4	lit. you can sing or you can cry (idiom); fig. deeply moving; happy and sad; inspiring and tragic	7-9
可疑	可疑	ke3 yi2	suspicious; dubious	7-9
可笑	可笑	ke3 xiao4	funny; ridiculous	7-9
可能	可能	ke3 neng2	might (happen); possible; probable; possibility; probability; maybe; perhaps; CL:個|个[ge4]	2
可行	可行	ke3 xing2	feasible	7-9
可见	可見	ke3 jian4	it can clearly be seen (that this is the case); it is (thus) clear; clear; visible	4
可观	可觀	ke3 guan1	worth seeing; considerable; impressive; significant	7-9
可谓	可謂	ke3 wei4	it could even be said	7-9
可贵	可貴	ke3 gui4	to be treasured; praiseworthy	7-9
可靠	可靠	ke3 kao4	reliable	3
台	台	Tai2	Taiwan (abbr.); surname Tai	3
台	台	tai1	used in place names	3
台	台	tai2	(classical) you (in letters); variant of 臺|台[tai2]	3
台球	台球	tai2 qiu2	billiards	7-9
史无前例	史無前例	shi3 wu2 qian2 li4	(idiom) unprecedented in history	7-9
右	右	you4	(bound form) right; right-hand side; (bound form) (politics) right of center; (bound form) (old) west; (literary) the right side as the side of precedence	1
右边	右邊	you4 bian5	right side; right, to the right	1
司令	司令	si1 ling4	commanding officer	7-9
司机	司機	si1 ji1	chauffeur; driver	2
司法	司法	si1 fa3	judicial; (administration of) justice	7-9
司空见惯	司空見慣	si1 kong1 jian4 guan4	a common occurrence (idiom)	7-9
司长	司長	si1 zhang3	bureau chief	6
叼	叼	diao1	to hold with one's mouth (as a smoker with a cigarette or a dog with a bone)	7-9
吃	吃	chi1	to eat; to consume; to eat at (a cafeteria etc); to eradicate; to destroy; to absorb; to suffer (shock, injury, defeat etc)	1
吃不上	吃不上	chi1 bu5 shang4	unable to get anything to eat; to miss a meal	7-9
吃力	吃力	chi1 li4	to entail strenuous effort; to toil at a task; strenuous; laborious; strain	5
吃喝玩乐	吃喝玩樂	chi1 he1 wan2 le4	lit. to eat, drink, play and be merry (idiom); fig. to abandon oneself to a life of pleasure	7-9
吃苦	吃苦	chi1 ku3	to bear hardships	7-9
吃亏	吃虧	chi1 kui1	to suffer losses; to come to grief; to lose out; to get the worst of it; to be at a disadvantage; unfortunately	7-9
吃饭	吃飯	chi1 fan4	to have a meal; to eat; to make a living	1
吃惊	吃驚	chi1 jing1	to be startled; to be shocked; to be amazed	4
各	各	ge4	each; every	3
各位	各位	ge4 wei4	everybody; all (guests, colleagues etc); all of you	3
各个	各個	ge4 ge4	every; various; separately, one by one	4
各地	各地	ge4 di4	in all parts of (a country); various regions	3
各奔前程	各奔前程	ge4 ben4 qian2 cheng2	each goes his own way (idiom); each person has his own life to lead	7-9
各式各样	各式各樣	ge4 shi4 ge4 yang4	(of) all kinds and sorts; various	7-9
各种	各種	ge4 zhong3	every kind of; all kinds of; various	3
各自	各自	ge4 zi4	each; respective; apiece	3
合	合	ge3	100 ml; one-tenth of a peck; measure for dry grain equal to one-tenth of sheng 升 or liter, or one-hundredth dou 斗	3
合	合	he2	to close; to join; to fit; to be equal to; whole; together; round (in battle); conjunction (astronomy); 1st note of pentatonic scale; old variant of 盒[he2]	3
合并	合並	he2 bing4	variant of 合併|合并[he2 bing4]	5
合乎	合乎	he2 hu1	to accord with; to conform to	7-9
合伙	合伙	he2 huo3	to act jointly; to form a partnership	7-9
合作	合作	he2 zuo4	to cooperate; to collaborate; to work together	3
合作社	合作社	he2 zuo4 she4	cooperative; workers' or agricultural producers' cooperative etc	7-9
合并	合併	he2 bing4	to merge; to annex	5
合同	合同	he2 tong5	contract; agreement; CL:份[fen4]	4
合唱	合唱	he2 chang4	chorus; to chorus	7-9
合影	合影	he2 ying3	group photo; to take a group photo	7-9
合情合理	合情合理	he2 qing2 he2 li3	(idiom) reasonable; fair	7-9
合成	合成	he2 cheng2	to compose; to constitute; compound; synthesis; mixture; synthetic	5
合格	合格	he2 ge2	to meet the standard required; qualified; eligible (voter etc)	3
合法	合法	he2 fa3	lawful; legitimate; legal	3
合理	合理	he2 li3	rational; reasonable; sensible; fair	3
合约	合約	he2 yue1	contract; agreement; CL:份[fen4]	6
合计	合計	he2 ji4	to add up the total; to figure what sth amounts to; to consider	7-9
合资	合資	he2 zi1	joint venture	7-9
合适	合適	he2 shi4	suitable; fitting; appropriate	2
吉他	吉他	ji2 ta1	(loanword) guitar; CL:把[ba3]	7-9
吉利	吉利	Ji2 li4	Geely, Chinese car make	6
吉利	吉利	ji2 li4	auspicious; lucky; propitious	6
吉普	吉普	Ji2 pu3	Jeep (car brand)	7-9
吉祥	吉祥	ji2 xiang2	lucky; auspicious; propitious	6
吉祥物	吉祥物	ji2 xiang2 wu4	mascot	7-9
吊	吊	diao4	to suspend; to hang up; to hang a person	6
吊销	吊銷	diao4 xiao1	to suspend (an agreement); to revoke	7-9
同	同	tong2	like; same; similar; together; alike; with	6
同	同	tong4	used in 胡同[hu2 tong4]	6
同一	同一	tong2 yi1	identical; the same	6
同事	同事	tong2 shi4	colleague; co-worker	2
同人	同人	tong2 ren2	people from the same workplace or profession; co-worker; colleague; (fandom) fan creator or enthusiast involved in derivative works (e.g. fan fiction, fan art)	7-9
同伙	同伙	tong2 huo3	colleague; co-conspirator; accomplice	7-9
同伴	同伴	tong2 ban4	companion; comrade; fellow	7-9
同学	同學	tong2 xue2	to study at the same school; fellow student; classmate; CL:位[wei4],個|个[ge4]	1
同年	同年	tong2 nian2	the same year	7-9
同志	同志	tong2 zhi4	comrade; (slang) homosexual; CL:位[wei4]	7-9
同情	同情	tong2 qing2	to sympathize with; sympathy	4
同意	同意	tong2 yi4	to agree; to consent; to approve	3
同感	同感	tong2 gan3	(have the) same feeling; similar impression; common feeling	7-9
同时	同時	tong2 shi2	at the same time; simultaneously	2
同期	同期	tong2 qi1	the corresponding time period (in a different year etc); concurrent; synchronous	6
同样	同樣	tong2 yang4	same; equal; similar; similarly; also; too	2
同步	同步	tong2 bu4	synchronous; to synchronize; to keep step with	7-9
同盟	同盟	tong2 meng2	alliance	7-9
同等	同等	tong2 deng3	equal to; having the same social class or status	7-9
同胞	同胞	tong2 bao1	born of the same parents; sibling; fellow citizen; compatriot	6
同舟共济	同舟共濟	tong2 zhou1 gong4 ji4	cross a river in the same boat (idiom); fig. having common interests; obliged to collaborate towards common goals	7-9
同行	同行	tong2 hang2	person of the same profession; of the same trade, occupation or industry	6
同行	同行	tong2 xing2	to journey together	6
同类	同類	tong2 lei4	similar; same type; alike	7-9
名	名	ming2	name; noun (part of speech); place (e.g. among winners); famous; classifier for people	2
名人	名人	ming2 ren2	personage; celebrity	4
名利	名利	ming2 li4	fame and profit	7-9
名副其实	名副其實	ming2 fu4 qi2 shi2	not just in name only, but also in reality (idiom); aptly named; worthy of the name	7-9
名胜	名勝	ming2 sheng4	a place famous for its scenery or historical relics; scenic spot; CL:處|处[chu4]	6
名单	名單	ming2 dan1	list of names	2
名字	名字	ming2 zi5	name (of a person or thing); CL:個|个[ge4]	1
名气	名氣	ming2 qi5	reputation; fame	7-9
名片	名片	ming2 pian4	(business) card	4
名牌儿	名牌兒	ming2 pai2 r5	erhua form of 名牌[ming2 pai2]	4
名称	名稱	ming2 cheng1	name (of a thing); name (of an organization)	2
名义	名義	ming2 yi4	name; titular; nominal; in name; ostensible purpose	6
名声	名聲	ming2 sheng1	reputation	7-9
名著	名著	ming2 zhu4	masterpiece	7-9
名言	名言	ming2 yan2	saying; famous remark	7-9
名誉	名譽	ming2 yu4	fame; reputation; honor; honorary; emeritus (of retired professor)	6
名贵	名貴	ming2 gui4	famous and valuable; rare; precious	7-9
名额	名額	ming2 e2	quota; number of places; place (in an institution, a group etc)	6
后	后	Hou4	surname Hou	1
后	后	hou4	empress; queen; (archaic) monarch; ruler	1
吐	吐	tu3	to spit; to send out (silk from a silkworm, bolls from cotton flowers etc); to say; to pour out (one's grievances)	5
吐	吐	tu4	to vomit; to throw up	5
向	向	Xiang4	surname Xiang	2
向	向	xiang4	towards; to face; to turn towards; direction; to support; to side with; shortly before; formerly; always; all along; (suffix) suitable for ...; oriented to ...	2
向上	向上	xiang4 shang4	upward; up; to advance; to try to improve oneself; to make progress	5
向来	向來	xiang4 lai2	always (previously)	7-9
向前	向前	xiang4 qian2	forward; onward	5
向着	向著	xiang4 zhe5	towards; facing (sb or sth); (coll.) to side with; to favor	7-9
君子	君子	jun1 zi3	nobleman; person of noble character	7-9
吞	吞	tun1	to swallow; to take	6
否则	否則	fou3 ze2	otherwise; if not; or (else)	4
否定	否定	fou3 ding4	to negate; to deny; to reject; negative (answer); negation	3
否决	否決	fou3 jue2	to veto; to overrule	7-9
否认	否認	fou3 ren4	to declare to be untrue; to deny	3
吧	吧	ba1	bar (loanword) (serving drinks, or providing Internet access etc); to puff (on a pipe etc); (onom.) bang; abbr. for 貼吧|贴吧[tie1 ba1]	1
吧	吧	ba5	(modal particle indicating suggestion or surmise); ...right?; ...OK?; ...I presume.	1
吧	吧	bia1	(onom.) smack!	1
吩咐	吩咐	fen1 fu5	to tell; to instruct; to command	7-9
含	含	han2	to keep in the mouth; to contain	4
含有	含有	han2 you3	to contain; including	4
含糊	含糊	han2 hu5	ambiguous; vague; careless; perfunctory	7-9
含义	含義	han2 yi4	meaning (implicit in a phrase); implied meaning; hidden meaning; hint; connotation	4
含蓄	含蓄	han2 xu4	to contain; to hold; (of a person or style etc) reserved; restrained; (of words, writings) full of hidden meaning; implicit; veiled (criticism)	7-9
含量	含量	han2 liang4	content; quantity contained	4
听	听	yin3	smile (archaic)	1
吵	吵	chao3	to quarrel; to make a noise; noisy; to disturb by making a noise	3
吵嘴	吵嘴	chao3 zui3	to quarrel	7-9
吵架	吵架	chao3 jia4	to quarrel; to have a row; quarrel; CL:頓|顿[dun4]	3
呐喊	吶喊	na4 han3	shout; rallying cry; cheering; to shout	7-9
吸	吸	xi1	to breathe; to suck in; to absorb; to inhale	4
吸取	吸取	xi1 qu3	to absorb; to draw (a lesson, insight etc); to assimilate	7-9
吸引	吸引	xi1 yin3	to attract; to appeal to; to fascinate	4
吸收	吸收	xi1 shou1	to absorb; to assimilate; to ingest; to recruit	4
吸毒	吸毒	xi1 du2	to take drugs	6
吸烟	吸煙	xi1 yan1	to smoke	4
吸管	吸管	xi1 guan3	(drinking) straw; pipette; eyedropper; snorkel; CL:支[zhi1]	4
吸纳	吸納	xi1 na4	to take in; to absorb; to admit; to accept	7-9
吹	吹	chui1	to blow; to play a wind instrument; to blast; to puff; to boast; to brag; to end in failure; to fall through	2
吹了	吹了	chui1 le5	failed; busted; to have not succeeded; to have died; to have parted company; to have chilled (of a relationship)	7-9
吹捧	吹捧	chui1 peng3	to flatter; to laud sb's accomplishments; adulation	7-9
吹牛	吹牛	chui1 niu2	to talk big; to brag; to shoot off one's mouth; (dialect) to chat idly	7-9
吻	吻	wen3	kiss; to kiss; mouth	7-9
吻合	吻合	wen3 he2	to be a good fit; to be identical with; to adjust oneself to; to fit in	7-9
吼	吼	hou3	to roar; to howl; to shriek; roar or howl of an animal; bellow of rage	7-9
呀	呀	ya1	ah (used to express surprise); (onom.) creaking	4
呀	呀	ya5	(particle equivalent to 啊 after a vowel, expressing surprise or doubt)	4
呆	呆	dai1	foolish; stupid; expressionless; blank; variant of 待[dai1]	5
呈现	呈現	cheng2 xian4	to appear; to emerge; to present (a certain appearance); to demonstrate	7-9
告	告	gao4	(bound form) to say; to tell; to announce; to report; to denounce; to file a lawsuit; to sue	7-9
告别	告別	gao4 bie2	to leave; to part from; to bid farewell to; to say goodbye to	3
告状	告狀	gao4 zhuang4	to tell on sb; to complain (to a teacher, a superior etc); to bring a lawsuit	7-9
告知	告知	gao4 zhi1	to inform; to notify	7-9
告示	告示	gao4 shi5	announcement	7-9
告诉	告訴	gao4 su4	to press charges; to file a complaint	1
告诉	告訴	gao4 su5	to tell; to inform; to let know	1
告诫	告誡	gao4 jie4	to warn; to admonish	7-9
告辞	告辭	gao4 ci2	to say goodbye; to take one's leave	7-9
呢	呢	ne5	(sentence-final particle) used in questions to link back to prior discourse or context ("what about...?", "and...?"); (sentence-final particle) indicating that a state or situation still holds; (discourse particle) used to mark a slight pause or emphasis in speech	1
呢	呢	ni2	dense wool fabric (used for coats and jackets)	1
周	周	Zhou1	surname Zhou; Zhou Dynasty (1046–256 BC)	2
周	周	zhou1	to make a circuit; to circle; circle; circumference; lap; cycle; complete; all; all over; thorough; to help financially	2
周到	周到	zhou1 dao4	thoughtful; considerate; attentive; thorough; also pr. [zhou1 dao5]	7-9
周围	周圍	zhou1 wei2	environs; surroundings; periphery	3
周密	周密	zhou1 mi4	careful; thorough; meticulous	7-9
周旋	周旋	zhou1 xuan2	to mix with others; to socialize; to deal with; to contend	7-9
周边	周邊	zhou1 bian1	periphery; rim; perimeter; surroundings; (computing) (attributive) peripheral; merch (abbr. for 周邊商品|周边商品[zhou1 bian1 shang1 pin3])	7-9
味儿	味兒	wei4 r5	taste	4
味精	味精	wei4 jing1	monosodium glutamate (MSG)	7-9
味道	味道	wei4 dao5	flavor; taste; (fig.) feeling (of ...); sense (of ...); hint (of ...); (fig.) interest; delight; (dialect) smell; odor	2
呵护	呵護	he1 hu4	to bless; to cherish; to take good care of; to conserve	7-9
呼吸	呼吸	hu1 xi1	to breathe	4
呼唤	呼喚	hu1 huan4	to call out (a name etc); to shout	7-9
呼应	呼應	hu1 ying4	to conform (with); to echo; to correlate well; (linguistics) agreement	7-9
呼救	呼救	hu1 jiu4	to call for help	7-9
呼吁	呼籲	hu1 yu4	to call on (sb to do sth); to appeal (to); an appeal	7-9
呼声	呼聲	hu1 sheng1	a shout; fig. opinion or demand, esp. expressed by a group	7-9
呼风唤雨	呼風喚雨	hu1 feng1 huan4 yu3	to call the wind and summon the rain (idiom); to exercise magical powers; fig. to stir up troubles	7-9
命令	命令	ming4 ling4	order; command; CL:道[dao4],個|个[ge4]	5
命名	命名	ming4 ming2	to give a name to; to dub; to christen; to designate; named after; naming	7-9
命运	命運	ming4 yun4	fate; destiny	3
命题	命題	ming4 ti2	proposition (logic, math.); to assign an essay topic	7-9
和	咊	he2	old variant of 和[he2]	1
和	和	He2	surname He	1
和	和	he2	(joining two nouns) and; together with; with (Taiwan pr. [han4]); (math.) sum; to make peace; (sports) to draw; to tie; (bound form) harmonious; (bound form) Japan; Japanese	1
和	和	he4	to compose a poem in reply (to sb's poem) using the same rhyme sequence; to join in the singing; to chime in with others	1
和	和	hu2	to complete a set in mahjong or playing cards	1
和	和	huo2	to combine a powdery substance (flour, plaster etc) with water; Taiwan pr. [huo4]	1
和	和	huo4	to mix (ingredients) together; to blend; classifier for rinses of clothes; classifier for boilings of medicinal herbs	1
和尚	和尚	he2 shang5	Buddhist monk	7-9
和平	和平	he2 ping2	peace; peaceful	3
和平共处	和平共處	he2 ping2 gong4 chu3	peaceful coexistence of nations, societies etc	7-9
和气	和氣	he2 qi5	friendly; polite; amiable	7-9
和睦	和睦	he2 mu4	peaceful relations; harmonious	7-9
和蔼	和藹	he2 ai3	kindly; nice; amiable	7-9
和解	和解	he2 jie3	to settle (a dispute out of court); to reconcile; settlement; conciliation; to become reconciled	7-9
和谐	和諧	he2 xie2	harmonious; harmony; (euphemism) to censor	6
咖啡	咖啡	ka1 fei1	(loanword) coffee; CL:杯[bei1]	3
咧嘴	咧嘴	lie3 zui3	to grin	7-9
咨询	咨詢	zi1 xun2	variant of 諮詢|咨询[zi1 xun2]	6
咬	咬	yao3	to bite; to nip	5
咱	咱	za2	see 咱[zan2]	2
咱	咱	zan2	I or me; we (including both the speaker and the person spoken to)	2
咱们	咱們	zan2 men5	we or us (including both the speaker and the person(s) spoken to); (dialect) I or me; (dialect) (in a coaxing or familiar way) you; also pr. [za2 men5]	2
笑	咲	xiao4	old variant of 笑[xiao4]	1
咳	咳	hai1	sound of sighing; (interjection expressing surprise, sorrow, regret, disappointment etc) oh; damn; wow	5
咳	咳	ke2	cough	5
咳嗽	咳嗽	ke2 sou5	to cough; CL:陣|阵[zhen4]	7-9
咸	咸	Xian2	surname Xian	4
咸	咸	xian2	all; everyone; each; widespread; harmonious	4
咽	咽	yan1	throat; pharynx; narrow pass	7-9
咽	咽	yan4	variant of 嚥|咽[yan4]	7-9
咽	咽	ye4	to choke (in crying)	7-9
咽喉	咽喉	yan1 hou2	throat	7-9
哀求	哀求	ai1 qiu2	to entreat; to implore; to plead	7-9
品	品	pin3	(bound form) article; commodity; product; goods; (bound form) grade; rank; kind; type; variety; character; disposition; nature; temperament; to taste sth; to sample; to criticize; to comment; to judge; to size up; fret (on a guitar or lute)	5
品位	品位	pin3 wei4	rank; grade; quality; (aesthetic) taste	7-9
品尝	品嘗	pin3 chang2	variant of 品嚐|品尝[pin3 chang2]	7-9
品尝	品嚐	pin3 chang2	to have a taste of; to sample	7-9
品德	品德	pin3 de2	moral character	7-9
品牌	品牌	pin3 pai2	brand; brand name	6
品种	品種	pin3 zhong3	breed; variety; CL:個|个[ge4]	5
品行	品行	pin3 xing2	behavior; moral conduct	7-9
品质	品質	pin3 zhi4	character; intrinsic quality (of a person); quality (of a product or service, or as in "quality of life", "air quality" etc)	4
哄	哄	hong1	roar of laughter (onom.); hubbub; to roar (as a crowd)	7-9
哄	哄	hong3	to deceive; to coax; to amuse (a child)	7-9
哄堂大笑	哄堂大笑	hong1 tang2 da4 xiao4	the whole room roaring with laughter (idiom)	7-9
哆嗦	哆嗦	duo1 suo5	to tremble; to shiver	7-9
哇	哇	wa1	Wow!; sound of a child's crying; sound of vomiting	6
哇	哇	wa5	replaces 啊[a5] when following the vowel "u" or "ao"	6
哈哈	哈哈	ha1 ha1	(onom.) laughing out loud	3
哎	哎	ai1	hey!; (interjection used to attract attention or to express surprise or disapprobation)	7-9
哎呀	哎呀	ai1 ya1	interjection of wonder, shock or admiration	7-9
员工	員工	yuan2 gong1	staff; personnel; employee	3
哦	哦	e2	to chant	7-9
哦	哦	o2	oh (interjection indicating doubt or surprise)	7-9
哦	哦	o4	oh (interjection indicating that one has just learned sth)	7-9
哦	哦	o5	sentence-final particle that conveys informality, warmth, friendliness or intimacy; may also indicate that one is stating a fact that the other person is not aware of	7-9
哪	哪	na3	how; which	4
哪	哪	na5	(emphatic sentence-final particle, used instead of 啊[a5] after a word ending in "n")	4
哪	哪	ne2	used in 哪吒[Ne2 zha1]; Taiwan pr. [nuo2]	4
哪	哪	nei3	which? (interrogative, followed by classifier or numeral-classifier)	4
哪些	哪些	na3 xie1	which ones?; who?; what?	1
哪儿	哪兒	na3 r5	where?; wherever; anywhere; somewhere; (used in rhetorical questions) how can ...?; how could ...?	1
哪怕	哪怕	na3 pa4	even; even if; even though; no matter how	4
哪知道	哪知道	na3 zhi1 dao4	who would have thought that ...?	7-9
哪里	哪裏	na3 li3	where?; somewhere; anywhere; wherever; nowhere (negative answer to question); humble expression denying compliment; also written 哪裡|哪里	1
哪里	哪裡	na3 li3	where?; somewhere; anywhere; wherever; nowhere (negative answer to question); humble expression denying compliment	1
哭	哭	ku1	to cry; to weep	2
哭泣	哭泣	ku1 qi4	to weep	7-9
哭笑不得	哭笑不得	ku1 xiao4 bu4 de2	lit. not to know whether to laugh or cry (idiom); both funny and extremely embarrassing; between laughter and tears	7-9
哲学	哲學	zhe2 xue2	philosophy	6
哺育	哺育	bu3 yu4	to feed; (fig.) to nurture; to foster	7-9
哼	哼	heng1	to groan; to snort; to hum; to croon; humph!	7-9
哼	哼	hng5	interjection expressing dissatisfaction or suspicion	7-9
唉	唉	ai1	interjection or grunt of agreement or recognition (e.g. yes, it's me!); to sigh	7-9
唉	唉	ai4	alas; oh dear	7-9
售价	售價	shou4 jia4	selling price	7-9
售票	售票	shou4 piao4	to sell tickets	7-9
售货员	售貨員	shou4 huo4 yuan2	sales clerk; sales associate; retail salesperson	4
唯	唯	wei2	only; alone; -ism (in Chinese, a prefix, often combined with a suffix such as 主義|主义[zhu3 yi4] or 論|论[lun4], e.g. 唯理論|唯理论[wei2 li3 lun4], rationalism)	7-9
唯	唯	wei3	yes	7-9
唯一	唯一	wei2 yi1	only; sole	5
唯独	唯獨	wei2 du2	only; just (i.e. it is only that...); all except; unique	7-9
唱	唱	chang4	to sing; to call loudly; to chant	1
唱歌	唱歌	chang4 ge1	to sing a song	1
唱片	唱片	chang4 pian4	gramophone record; LP; music CD; musical album; CL:張|张[zhang1]	4
念	唸	nian4	variant of 念[nian4], to read aloud	3
唾液	唾液	tuo4 ye4	saliva	7-9
啃	啃	ken3	to gnaw; to nibble; to bite	7-9
商人	商人	shang1 ren2	merchant; businessman	2
商务	商務	shang1 wu4	commercial affairs; commercial; commerce; business	4
商品	商品	shang1 pin3	commodity; goods; merchandise; CL:件[jian4]	3
商城	商城	Shang1 cheng2	see 商城縣|商城县[Shang1 cheng2 Xian4]	6
商城	商城	shang1 cheng2	shopping center; department store	6
商场	商場	shang1 chang3	shopping mall; shopping center; department store; emporium; CL:家[jia1]; the business world	1
商店	商店	shang1 dian4	store; shop; CL:家[jia1]	1
商业	商業	shang1 ye4	business; trade; commerce	3
商标	商標	shang1 biao1	trademark; logo	5
商讨	商討	shang1 tao3	to discuss; to deliberate	7-9
商贩	商販	shang1 fan4	trader; peddler	7-9
商贾	商賈	shang1 gu3	merchant	7-9
商量	商量	shang1 liang5	to consult; to talk over; to discuss	2
啊	啊	a1	interjection of surprise; Ah!; Oh!	4
啊	啊	a2	interjection expressing doubt or requiring answer; Eh?; what?	4
啊	啊	a3	interjection of surprise or doubt; Eh?; My!; what's up?	4
啊	啊	a4	interjection or grunt of agreement; uhm; Ah, OK; expression of recognition; Oh, it's you!	4
啊	啊	a5	modal particle ending sentence, showing affirmation, approval, or consent	4
问	問	wen4	to ask; to inquire	1
问世	問世	wen4 shi4	to be published; to come out	7-9
问候	問候	wen4 hou4	to give one's respects; to send a greeting; (fig.) (coll.) to make offensive reference to (somebody dear to the person to whom one is speaking)	4
问卷	問卷	wen4 juan4	questionnaire; CL:份[fen4]	7-9
问路	問路	wen4 lu4	to ask for directions; to ask the way (to some place)	2
问题	問題	wen4 ti2	question; problem; issue; topic; CL:個|个[ge4]	2
哑	啞	ya1	(onom.) sound of cawing; sound of infant learning to talk; variant of 呀[ya1]	7-9
哑	啞	ya3	mute; dumb; incapable of speech; (of a voice) hoarse; husky; (bound form) (of a bullet, bomb etc) dud	7-9
启事	啟事	qi3 shi4	announcement (written, on billboard, letter, newspaper or website); to post information; a notice	5
启动	啟動	qi3 dong4	to start (a machine); (fig.) to set in motion; to launch (an operation); to activate (a plan)	5
启发	啟發	qi3 fa1	to enlighten; to explain (a text etc); to stimulate (a mental attitude); enlightenment; revelation; motivation	5
启蒙	啟矇	qi3 meng2	variant of 啟蒙|启蒙[qi3 meng2]; to instruct the young	7-9
启示	啟示	qi3 shi4	to reveal; to enlighten; enlightenment; revelation; illumination; moral (of a story etc); lesson	7-9
启蒙	啟蒙	qi3 meng2	to instruct the young; to initiate; to awake sb from ignorance; to free sb from prejudice or superstition; primer; enlightened; the Enlightenment; Western learning from the late Qing dynasty	7-9
启迪	啟迪	qi3 di2	to edify; enlightenment	7-9
啤酒	啤酒	pi2 jiu3	beer (loanword); CL:杯[bei1],瓶[ping2],罐[guan4],桶[tong3],缸[gang1]	3
啦	啦	la1	(onom.) sound of singing, cheering etc; (phonetic); (dialect) to chat	6
啦	啦	la5	sentence-final particle, contraction of 了啊, indicating exclamation; particle placed after each item in a list of examples	6
啦啦队	啦啦隊	la1 la1 dui4	cheerleading squad	7-9
善	善	shan4	good (virtuous); benevolent; well-disposed; good at sth; to improve or perfect	7-9
善意	善意	shan4 yi4	goodwill; benevolence; kindness	7-9
善于	善於	shan4 yu2	to be good at; to be adept at	4
善良	善良	shan4 liang2	good and honest; kindhearted	4
喇叭	喇叭	la3 ba5	horn (automobile etc); loudspeaker; brass wind instrument; trumpet; suona 鎖吶|锁呐[suo3 na4]	7-9
喉咙	喉嚨	hou2 long2	the throat	7-9
喊	喊	han3	to yell; to shout; to call out for (a person)	2
咱	喒	zan2	variant of 咱[zan2]	2
喘	喘	chuan3	to gasp; to pant; asthma	7-9
喘息	喘息	chuan3 xi1	to gasp for breath; to take a breather	7-9
唤起	喚起	huan4 qi3	to waken (to action); to rouse (the masses); to evoke (attention, recollection etc)	7-9
喜事	喜事	xi3 shi4	happy occasion; wedding	7-9
喜出望外	喜出望外	xi3 chu1 wang4 wai4	to be pleased beyond one's expectations (idiom); overjoyed at the turn of events	7-9
喜剧	喜劇	xi3 ju4	a comedy; CL:部[bu4],齣|出[chu1]	5
喜好	喜好	xi3 hao4	to like; fond of; to prefer; to love; one's tastes; preference	7-9
喜怒哀乐	喜怒哀樂	xi3 nu4 ai1 le4	lit. happiness, anger, sorrow, and joy (idiom); fig. emotions	7-9
喜悦	喜悅	xi3 yue4	happy; joyous	7-9
喜爱	喜愛	xi3 ai4	to like; to love; to be fond of; favorite	4
喜庆	喜慶	xi3 qing4	jubilation; festive	7-9
喜欢	喜歡	xi3 huan5	to like; to be fond of	1
喜洋洋	喜洋洋	xi3 yang2 yang2	radiant with joy	7-9
喜糖	喜糖	xi3 tang2	sweet given on a happy occasion (esp. wedding)	7-9
喜酒	喜酒	xi3 jiu3	wedding feast; liquor drunk at a wedding feast	7-9
喝	喝	he1	to drink; variant of 嗬[he1]	1
喝	喝	he4	to shout	1
喝彩	喝彩	he4 cai3	to acclaim; to cheer	7-9
喧哗	喧嘩	xuan1 hua2	hubbub; clamor; to make a racket	7-9
喧闹	喧鬧	xuan1 nao4	to make a noise; noisy	7-9
丧失	喪失	sang4 shi1	to lose; to forfeit	6
丧生	喪生	sang4 sheng1	to die; to lose one's life	7-9
吃	喫	chi1	variant of 吃[chi1]	1
乔装	喬裝	qiao2 zhuang1	to pretend; to feign; to disguise oneself	7-9
单	單	Shan4	surname Shan	4
单	單	chan2	used in 單于|单于[chan2 yu2]	4
单	單	dan1	bill; list; form; single; only; sole; odd number; CL:個|个[ge4]	4
单一	單一	dan1 yi1	single; only; sole	5
单位	單位	dan1 wei4	unit (of measure); unit (group of people as a whole); work unit (place of employment, esp. in the PRC prior to economic reform); CL:個|个[ge4]	2
单元	單元	dan1 yuan2	unit (forming an entity); element; (in a residential building) entrance or staircase	3
单打	單打	dan1 da3	singles (in sports); CL:場|场[chang3]	6
单方面	單方面	dan1 fang1 mian4	unilateral	7-9
单独	單獨	dan1 du2	alone; by oneself; on one's own	4
单纯	單純	dan1 chun2	simple; pure; unsophisticated; merely; purely	4
单薄	單薄	dan1 bo2	weak; frail; thin; flimsy	7-9
单调	單調	dan1 diao4	monotonous	4
单身	單身	dan1 shen1	unmarried; single; alone	7-9
单边	單邊	dan1 bian1	unilateral	7-9
嗅觉	嗅覺	xiu4 jue2	sense of smell	7-9
呛	嗆	qiang1	to choke (because of swallowing the wrong way)	7-9
呛	嗆	qiang4	to irritate the nose; to choke (of smoke, smell etc); pungent; (coll.) (Tw) to shout at sb; to scold; to speak out against sb	7-9
吗	嗎	ma2	(coll.) what?	1
吗	嗎	ma3	used in 嗎啡|吗啡[ma3 fei1]	1
吗	嗎	ma5	(question particle for "yes-no" questions)	1
嗓子	嗓子	sang3 zi5	throat; voice; CL:把[ba3]	7-9
呜咽	嗚咽	wu1 ye4	to sob; to whimper	7-9
嗜好	嗜好	shi4 hao4	hobby; indulgence; habit; addiction	7-9
叹气	嘆氣	tan4 qi4	to sigh; to heave a sigh	6
嘉年华	嘉年華	jia1 nian2 hua2	(loanword) carnival	7-9
嘉宾	嘉賓	jia1 bin1	esteemed guest; honored guest; guest (on a show)	6
呕吐	嘔吐	ou3 tu4	to vomit	7-9
尝	嘗	chang2	to taste; to try (food); to experience; (literary) ever; once	5
尝试	嘗試	chang2 shi4	to try (to see what it's like or whether one can do it)	5
嘛	嘛	ma2	used in 唵嘛呢叭咪吽[an3 ma2 ni2 ba1 mi1 hong1]; (Tw) (coll.) what?	6
嘛	嘛	ma5	modal particle indicating that sth is obvious; particle indicating a pause for emphasis	6
哗然	嘩然	hua2 ran2	in uproar; commotion; causing a storm of protest; tumultuous	7-9
哗变	嘩變	hua2 bian4	mutiny; rebellion	7-9
唠叨	嘮叨	lao2 dao5	to prattle; to chatter away; to nag; garrulous; nagging	7-9
嘲弄	嘲弄	chao2 nong4	to tease; to poke fun at; to make fun of	7-9
嘲笑	嘲笑	chao2 xiao4	to jeer at; to deride; to ridicule; mockery; derision	7-9
嘴	嘴	zui3	mouth; beak; nozzle; spout (of teapot etc); CL:張|张[zhang1],個|个[ge4]	2
嘴唇	嘴唇	zui3 chun2	lip; CL:片[pian4]	7-9
嘴巴	嘴巴	zui3 ba5	mouth (CL:張|张[zhang1]); slap in the face	4
嘿	嘿	hei1	hey	7-9
恶心	噁心	e3 xin1	variant of 惡心|恶心[e3 xin1]	4
器官	器官	qi4 guan1	(physiology) organ; apparatus	4
器材	器材	qi4 cai2	equipment; material	7-9
器械	器械	qi4 xie4	apparatus; instrument; equipment; weapon	7-9
噪声	噪聲	zao4 sheng1	noise	7-9
噪音	噪音	zao4 yin1	rumble; noise; static (in a signal)	7-9
喷	噴	pen1	to spout; to spurt; to spray; to puff; (slang) to criticize scathingly (esp. online)	5
喷	噴	pen4	(of a smell) strong; peak season (of a crop); (classifier for the ordinal number of a crop, in the context of multiple harvests)	5
喷泉	噴泉	pen1 quan2	fountain	7-9
吨	噸	dun1	ton (loanword); Taiwan pr. [dun4]	5
当	噹	dang1	(onom.) dong; ding dong (bell)	6
吓	嚇	he4	to scare; to intimidate; to threaten; (interjection showing disapproval) tut-tut; (interjection showing astonishment)	5
吓	嚇	xia4	to frighten; to scare	5
吓人	嚇人	xia4 ren2	to scare; scary; frightening	7-9
吓唬	嚇唬	xia4 hu5	to scare; to frighten	7-9
尝	嚐	chang2	to taste; to experience (variant of 嘗|尝[chang2])	5
咽	嚥	yan4	to swallow	7-9
向	嚮	xiang4	to tend toward; to guide; variant of 向[xiang4]	2
向导	嚮導	xiang4 dao3	guide	5
向往	嚮往	xiang4 wang3	to yearn for; to look forward to	7-9
严	嚴	Yan2	surname Yan	4
严	嚴	yan2	tight (closely sealed); stern; strict; rigorous; severe; father	4
严厉	嚴厲	yan2 li4	severe; strict	5
严密	嚴密	yan2 mi4	tight; strict; closely controlled; rigorous and thorough	7-9
严峻	嚴峻	yan2 jun4	grim; severe; rigorous	7-9
严格	嚴格	yan2 ge2	strict; stringent; tight; rigorous	4
严禁	嚴禁	yan2 jin4	to strictly prohibit	7-9
严肃	嚴肅	yan2 su4	(of an atmosphere etc) solemn; grave; serious; (of a manner etc) earnest; severe; exacting; to strictly enforce	5
严谨	嚴謹	yan2 jin3	rigorous; strict; careful; (of writing) well organized; meticulous	7-9
严重	嚴重	yan2 zhong4	grave; serious; severe; critical	4
嚷	嚷	rang3	to shout; to bellow; to make a big deal of sth; to make a fuss about sth	7-9
嚼	嚼	jiao2	to chew; also pr. [jue2]	7-9
嚼	嚼	jiao4	used in 倒嚼[dao3 jiao4]	7-9
嘱咐	囑咐	zhu3 fu5	to urge; to exhort	7-9
因	囙	yin1	old variant of 因[yin1]	6
囚犯	囚犯	qiu2 fan4	prisoner; convict	7-9
四	四	si4	four; 4	1
四合院	四合院	si4 he2 yuan4	courtyard house with a fully enclosed courtyard (type of Chinese residence)	7-9
四周	四周	si4 zhou1	all around	5
四季	四季	si4 ji4	four seasons, namely: spring 春[chun1], summer 夏[xia4], autumn 秋[qiu1] and winter 冬[dong1]	7-9
四处	四處	si4 chu4	all over the place; everywhere and all directions	6
四面八方	四面八方	si4 mian4 ba1 fang1	(idiom) all directions; all around	7-9
回来	回來	hui2 lai5	to return; to come back	1
回信	回信	hui2 xin4	to reply; to write back; letter written in reply; CL:封[feng1]	5
回到	回到	hui2 dao4	to return to	1
回升	回升	hui2 sheng1	to rise again after a fall; to pick up; rally (stock market etc)	7-9
回去	回去	hui2 qu5	to return; to go back	1
回味	回味	hui2 wei4	to call to mind and ponder over; aftertaste	7-9
回国	回國	hui2 guo2	to return to one's home country	2
回报	回報	hui2 bao4	(in) return; reciprocation; payback; retaliation; to report back; to reciprocate	5
回家	回家	hui2 jia1	to return home	1
回复	回復	hui2 fu4	to recover; to revert; to return to (good health, normal condition etc); variant of 回覆[hui2 fu4]	4
回想	回想	hui2 xiang3	to recall; to recollect; to think back	7-9
回忆	回憶	hui2 yi4	to recall; memories; CL:個|个[ge4]	5
回忆录	回憶錄	hui2 yi4 lu4	memoir	7-9
回应	回應	hui2 ying4	to respond; response	6
回扣	回扣	hui2 kou4	brokerage; a commission paid to a middleman; euphemism for a bribe; a kickback	7-9
回收	回收	hui2 shou1	to recycle; to reclaim; to retrieve; to recover; to recall (a defective product)	5
回归	回歸	hui2 gui1	to return to; to retreat; regression (statistics)	7-9
回答	回答	hui2 da2	to reply; to answer; reply; answer	1
回落	回落	hui2 luo4	to fall back; to return to low level after a rise (in water level, price etc)	7-9
回避	回避	hui2 bi4	variant of 迴避|回避[hui2 bi4]	5
回头	回頭	hui2 tou2	to turn round; to turn one's head; later; by and by	5
回顾	回顧	hui2 gu4	to look back; to review	5
回馈	回饋	hui2 kui4	to repay a favor; to give back; feedback	7-9
回首	回首	hui2 shou3	to turn around; to look back; (fig.) to recall the past	7-9
因	因	yin1	cause; reason; because	6
因人而异	因人而異	yin1 ren2 er2 yi4	varying from person to person (idiom); different for each individual	7-9
因此	因此	yin1 ci3	thus; consequently; as a result	3
因为	因為	yin1 wei4	because; owing to; on account of	2
因素	因素	yin1 su4	element; factor; CL:個|个[ge4]	6
因而	因而	yin1 er2	therefore; as a result; thus; and as a result, ...	5
困	困	kun4	to trap; to surround; hard-pressed; stranded; destitute	3
困境	困境	kun4 jing4	predicament; plight	7-9
困惑	困惑	kun4 huo4	bewildered; perplexed; confused; difficult problem; perplexity	7-9
困扰	困擾	kun4 rao3	to perplex; to disturb; to cause complications	5
困难	困難	kun4 nan5	difficult; challenging; straitened circumstances; difficult situation	3
固执	固執	gu4 zhi2	obstinate; stubborn; to fixate on; to cling to	7-9
固定	固定	gu4 ding4	to fix; to fasten; to set rigidly in place; fixed; set; regular	4
固然	固然	gu4 ran2	admittedly (it's true that...)	7-9
圈	圈	juan1	to confine; to lock up; to pen in	7-9
圈	圈	juan4	livestock enclosure; pen; fold; sty	7-9
圈	圈	quan1	circle; ring; loop; (fig.) social circle; niche group; community; fandom; classifier for loops, orbits, laps; to surround; to encircle; to circle (sth); to mark with a circle	7-9
圈套	圈套	quan1 tao4	trap; snare; trick	7-9
圈子	圈子	quan1 zi5	circle; ring; (social) circle	7-9
国	國	Guo2	surname Guo	1
国	國	guo2	country; nation; state; (bound form) national	1
国内	國內	guo2 nei4	domestic; internal (to a country); civil	3
国土	國土	guo2 tu3	country's territory; national land	7-9
国外	國外	guo2 wai4	abroad; external (affairs); overseas; foreign	1
国学	國學	guo2 xue2	Chinese national culture; studies of ancient Chinese civilization; the Imperial College (history)	7-9
国家	國家	guo2 jia1	country; nation; state	1
国宝	國寶	guo2 bao3	national treasure	7-9
国徽	國徽	Guo2 hui1	the national emblem of the PRC (a red circle containing the five stars of the PRC flag over Tiananmen 天安門|天安门[Tian1 an1 men2])	7-9
国徽	國徽	guo2 hui1	national emblem; national coat of arms	7-9
国情	國情	guo2 qing2	the characteristics and circumstances particular to a country; current state of a country	7-9
国庆	國慶	Guo2 qing4	National Day	3
国旗	國旗	guo2 qi2	flag (of a country); CL:面[mian4]	6
国会	國會	Guo2 hui4	Parliament (UK); Congress (US); Diet (Japan); Legislative Yuan (Taiwan)	6
国有	國有	guo2 you3	nationalized; public; government owned; state-owned	7-9
国歌	國歌	guo2 ge1	national anthem	6
国民	國民	guo2 min2	nationals; citizens; people of a nation	5
国王	國王	guo2 wang2	king	6
国产	國產	guo2 chan3	domestically produced	6
国画	國畫	guo2 hua4	traditional Chinese painting	7-9
国籍	國籍	guo2 ji2	nationality	5
国防	國防	guo2 fang2	national defense	7-9
国际	國際	guo2 ji4	international	2
围	圍	Wei2	surname Wei	3
围	圍	wei2	to encircle; to surround; all around; to wear by wrapping around (scarf, shawl)	3
围巾	圍巾	wei2 jin1	scarf; shawl; CL:條|条[tiao2]	4
围墙	圍牆	wei2 qiang2	perimeter wall; fence; CL:道[dao4]	7-9
围绕	圍繞	wei2 rao4	to revolve around; to center on (an issue)	5
园	園	Yuan2	surname Yuan	6
园	園	yuan2	land used for growing plants; site used for public recreation; abbr. for a place ending in 園|园, such as a botanical garden 植物園|植物园, kindergarten 幼兒園|幼儿园 etc	6
园地	園地	yuan2 di4	garden area	6
园林	園林	yuan2 lin2	gardens; park; landscape garden	5
圆	圓	yuan2	circle; round; circular; spherical; (of the moon) full; unit of Chinese currency (yuan); tactful; to make consistent and whole (the narrative of a dream or a lie)	4
圆形	圓形	yuan2 xing2	round; circular	7-9
圆满	圓滿	yuan2 man3	satisfactory; consummate; perfect	4
圆珠笔	圓珠筆	yuan2 zhu1 bi3	ballpoint pen; CL:支[zhi1],枝[zhi1]	6
图	圖	tu2	diagram; picture; drawing; chart; map; CL:張|张[zhang1]; to plan; to scheme; to attempt; to pursue; to seek	3
图像	圖像	tu2 xiang4	image; picture; graphic	7-9
图形	圖形	tu2 xing2	picture; figure; diagram; graph; depiction; graphical	7-9
图书	圖書	tu2 shu1	books (in a library or bookstore); CL:本[ben3],冊|册[ce4],部[bu4]	6
图书馆	圖書館	tu2 shu1 guan3	library; CL:家[jia1],個|个[ge4]	1
图案	圖案	tu2 an4	design; pattern	4
图片	圖片	tu2 pian4	picture; photograph; CL:張|张[zhang1]	2
图画	圖畫	tu2 hua4	drawing; picture	3
图纸	圖紙	tu2 zhi3	blueprint; drawing; design plans; graph paper	7-9
图表	圖表	tu2 biao3	chart; diagram	7-9
团	團	tuan2	round; lump; ball; to roll into a ball; to gather; regiment; group; society; classifier for a lump or a soft mass: wad (of paper), ball (of wool), cloud (of smoke)	3
团伙	團伙	tuan2 huo3	(criminal) gang; gang member; accomplice; crony	7-9
团员	團員	tuan2 yuan2	member; group member	7-9
团圆	團圓	tuan2 yuan2	to have a reunion	7-9
团结	團結	tuan2 jie2	to unite; unity; solidarity; united	3
团聚	團聚	tuan2 ju4	to reunite; to have a reunion	7-9
团长	團長	tuan2 zhang3	regimental command; head of a delegation; group buy organizer; group-buying coordinator	5
团队	團隊	tuan2 dui4	team	6
团体	團體	tuan2 ti3	group; organization; team; CL:個|个[ge4]	3
土匪	土匪	tu3 fei3	bandit	7-9
土地	土地	tu3 di4	land; soil; territory; CL:片[pian4],塊|块[kuai4]	4
土地	土地	tu3 di5	local god; genius loci	4
土壤	土壤	tu3 rang3	soil	7-9
土生土长	土生土長	tu3 sheng1 tu3 zhang3	(idiom) (of people) born and raised in the locality; (of art forms, political parties, enterprises, products etc) developed locally from the outset; wholly indigenous	7-9
土豆	土豆	tu3 dou4	potato; (Tw) peanut (CL:顆|颗[ke1])	5
在	在	zai4	to exist; to be alive; (of sb or sth) to be (located) at; (used before a verb to indicate an action in progress)	1
在乎	在乎	zai4 hu5	to rest with; to lie in; to be due to (a certain attribute); (often used in the negative) to care about	4
在内	在內	zai4 nei4	(included) in it; among them	5
在场	在場	zai4 chang3	to be present; to be on the scene	5
在家	在家	zai4 jia1	to be at home; (at a workplace) to be in (as opposed to being away on official business 出差[chu1 chai1]); (Buddhism etc) to remain a layman (as opposed to becoming a monk or a nun 出家[chu1 jia1])	1
在意	在意	zai4 yi4	to care about; to mind	7-9
在于	在於	zai4 yu2	to rest with; to lie in; to be due to (a certain attribute); (of a matter) to be determined by; to be up to (sb)	4
在线	在線	zai4 xian4	online; connected to the Internet; (fig.) (coll.) (of a person) mentally focused; engaged; (of skills, performance etc) sharp; on point; functioning at a high level	7-9
在职	在職	zai4 zhi2	to be employed; to be in post; on-the-job	7-9
地	地	de5	-ly; structural particle: used before a verb or adjective, linking it to preceding modifying adverbial adjunct	1
地	地	di4	earth; ground; field; place; land; CL:片[pian4]	1
地上	地上	di4 shang5	on the ground; on the floor	1
地下	地下	di4 xia4	underground; subterranean; covert	4
地下室	地下室	di4 xia4 shi4	basement; cellar	6
地下水	地下水	di4 xia4 shui3	groundwater	7-9
地位	地位	di4 wei4	position; status; place; CL:個|个[ge4]	4
地区	地區	di4 qu1	region; area (informal or geographical term); prefecture (in China's administrative system)	3
地名	地名	di4 ming2	place name; toponym	6
地图	地圖	di4 tu2	map; CL:張|张[zhang1],本[ben3]	1
地址	地址	di4 zhi3	address; CL:個|个[ge4]	4
地域	地域	di4 yu4	area; district; region	7-9
地带	地帶	di4 dai4	zone; CL:個|个[ge4]	5
地形	地形	di4 xing2	topography; terrain; landform	5
地方	地方	di4 fang1	region; regional (away from the central administration); local	4
地方	地方	di4 fang5	place; location; area; space; territory; aspect; part; CL:處|处[chu4]	4
地板	地板	di4 ban3	floor	6
地步	地步	di4 bu4	stage; degree (to which a situation has evolved); a (usu. bad) situation; leeway	7-9
地段	地段	di4 duan4	section; district	7-9
地毯	地毯	di4 tan3	carpet; rug	7-9
地狱	地獄	di4 yu4	hell; underworld; (Buddhism) Naraka; (coll.) (of humor, jokes, content etc) extremely dark or morally transgressive	7-9
地球	地球	di4 qiu2	the earth	2
地理	地理	di4 li3	geography	7-9
地质	地質	di4 zhi4	geology	7-9
地道	地道	di4 dao4	tunnel; causeway	7-9
地道	地道	di4 dao5	authentic; genuine; proper	7-9
地铁	地鐵	di4 tie3	underground railway; subway; subway train	2
地铁站	地鐵站	di4 tie3 zhan4	subway station	2
地震	地震	di4 zhen4	earthquake	5
地面	地面	di4 mian4	floor; ground; surface	4
地点	地點	di4 dian3	place; site; location; venue; CL:個|个[ge4]	1
均匀	均勻	jun1 yun2	even; well-distributed; homogeneous; well-proportioned (figure, body etc)	7-9
均衡	均衡	jun1 heng2	equal; balanced; harmony; equilibrium	7-9
坐	坐	Zuo4	surname Zuo	1
坐	坐	zuo4	to sit; to take a seat; to take (a bus, airplane etc); to bear fruit; variant of 座[zuo4]	1
坐下	坐下	zuo4 xia5	to sit down	1
坐落	坐落	zuo4 luo4	to be situated; to be located (of a building)	7-9
坑	坑	keng1	pit; hollow; depression; (mining) pit; shaft; tunnel; (literary) to bury alive; (coll.) to cheat; to scam; to screw over	7-9
坡	坡	po1	slope; CL:個|个[ge4]; sloping; slanted	6
坦克	坦克	tan3 ke4	(loanword) tank (military vehicle); (derog.) (slang) overweight woman	7-9
坦然	坦然	tan3 ran2	calm; undisturbed	7-9
坦率	坦率	tan3 shuai4	frank; candid; straightforward	7-9
坦白	坦白	tan3 bai2	honest; forthcoming; to confess	7-9
坦诚	坦誠	tan3 cheng2	candid; frank; plain dealing	7-9
附	坿	fu4	variant of 附[fu4]	7-9
垂	垂	chui2	to hang (down); droop; dangle; bend down; hand down; bequeath; nearly; almost; to approach	7-9
垂头丧气	垂頭喪氣	chui2 tou2 sang4 qi4	hanging one's head dispiritedly (idiom); dejected; crestfallen	7-9
垃圾	垃圾	la1 ji1	trash; refuse; garbage; (coll.) of poor quality; Taiwan pr. [le4 se4]	4
型	型	xing2	mold; type; style; model	4
型号	型號	xing2 hao4	model (particular version of a manufactured article); type (product specification in terms of color, size etc)	4
垮	垮	kua3	to collapse (lit. or fig.)	7-9
坝	垻	ba4	(used in place names) plain; flatland; (dialect) sandbar; shoal	7-9
埋	埋	mai2	to bury	6
埋	埋	man2	used in 埋怨[man2 yuan4]	6
埋伏	埋伏	mai2 fu2	to ambush; to lie in wait for; to lie low; ambush	7-9
埋怨	埋怨	man2 yuan4	to complain; to grumble (about); to reproach; to blame	7-9
埋没	埋沒	mai2 mo4	to engulf; to bury; to overlook; to stifle; to neglect; to fall into oblivion	7-9
埋藏	埋藏	mai2 cang2	to bury; to hide by burying; hidden	7-9
城	城	cheng2	city walls; city; town; CL:座[zuo4],道[dao4],個|个[ge4]	3
城区	城區	Cheng2 Qu1	Cheng District or Chengqu, a district of Shanwei City 汕尾市[Shan4 wei3 Shi4], Guangdong; Cheng District or Chengqu, a district of Yangquan City 陽泉市|阳泉市[Yang2 quan2 Shi4], Shanxi; Cheng District or Chengqu, a district of Jincheng City 晉城市|晋城市[Jin4 cheng2 Shi4], Shanxi	6
城区	城區	cheng2 qu1	city district; urban area	6
城市	城市	cheng2 shi4	city; town; CL:座[zuo4]	3
城墙	城牆	cheng2 qiang2	city wall	7-9
城乡	城鄉	cheng2 xiang1	city and countryside	6
城镇	城鎮	cheng2 zhen4	town; cities and towns	6
野	埜	ye3	old variant of 野[ye3]	6
执意	執意	zhi2 yi4	to be determined to; to insist on	7-9
执法	執法	zhi2 fa3	to enforce a law; law enforcement	7-9
执照	執照	zhi2 zhao4	license; permit	7-9
执着	執著	zhi2 zhuo2	dedicated; devoted; persistent; to persist in; to cling to; (Buddhism) attachment	7-9
执行	執行	zhi2 xing2	to implement; to carry out; to execute; to run	5
培育	培育	pei2 yu4	to train; to breed	4
培训	培訓	pei2 xun4	to cultivate; to train; to groom; training	4
培训班	培訓班	pei2 xun4 ban1	training class	4
培养	培養	pei2 yang3	to cultivate; to breed; to foster; to nurture; to educate; to groom (for a position); education; fostering; culture (biology)	4
基因	基因	ji1 yin1	gene (loanword)	7-9
基地	基地	Ji1 di4	al-Qaeda	5
基地	基地	ji1 di4	base (of operations, industrial, military, research etc)	5
基层	基層	ji1 ceng2	basic level; grassroots unit; basement layer	7-9
基于	基於	ji1 yu2	because of; on the basis of; in view of; on account of	7-9
基本	基本	ji1 ben3	basic; fundamental; main; elementary	3
基本上	基本上	ji1 ben3 shang5	basically; on the whole	3
基本功	基本功	ji1 ben3 gong1	basic skills; fundamentals	7-9
基准	基準	ji1 zhun3	(surveying) datum; standard; criterion; benchmark	7-9
基督教	基督教	Ji1 du1 jiao4	Christianity; Christian	6
基础	基礎	ji1 chu3	base; foundation; basis; basic; fundamental	3
基金	基金	ji1 jin1	fund	5
堂	堂	tang2	(main) hall; large room for a specific purpose; CL:間|间[jian1]; relationship between cousins etc on the paternal side of a family; of the same clan; classifier for classes, lectures etc; classifier for sets of furniture	7-9
坚信	堅信	jian1 xin4	to believe firmly; without any doubt	7-9
坚固	堅固	jian1 gu4	firm; firmly; hard; stable	4
坚守	堅守	jian1 shou3	to hold fast to; to stick to	7-9
坚定	堅定	jian1 ding4	firm; steady; staunch; resolute	5
坚实	堅實	jian1 shi2	firm and substantial; solid	7-9
坚强	堅強	jian1 qiang2	staunch; strong	3
坚持	堅持	jian1 chi2	to persevere with; to persist in; to insist on	3
坚持不懈	堅持不懈	jian1 chi2 bu4 xie4	(idiom) to persevere unremittingly; to keep going until the end	7-9
坚决	堅決	jian1 jue2	firm; resolute; determined	3
坚硬	堅硬	jian1 ying4	hard; solid	7-9
坚韧	堅韌	jian1 ren4	tough and durable; tenacious	7-9
堆	堆	dui1	to pile up; to heap up; a mass; pile; heap; stack; large amount	5
堆砌	堆砌	dui1 qi4	lit. to pile up (bricks); to pack; fig. to pad out (writing with fancy phrases); ornate rhetoric	7-9
堡垒	堡壘	bao3 lei3	fort	7-9
堤	堤	di1	dike; Taiwan pr. [ti2]	7-9
堤坝	堤壩	di1 ba4	dam; dike	7-9
堪称	堪稱	kan1 cheng1	can be rated as; can be said to be	7-9
报亭	報亭	bao4 ting2	kiosk; newsstand	7-9
报仇	報仇	bao4 chou2	to take revenge; to avenge	7-9
报刊	報刊	bao4 kan1	newspapers and periodicals; the press	6
报到	報到	bao4 dao4	to report for duty; to check in; to register	3
报名	報名	bao4 ming2	to sign up; to enter one's name; to apply; to register; to enroll; to enlist	2
报告	報告	bao4 gao4	to inform; to report; to make known; report; speech; talk; lecture; CL:篇[pian1],份[fen4],個|个[ge4],通[tong4]	3
报废	報廢	bao4 fei4	to scrap; to dispose of (sth worn-out or damaged)	7-9
报复	報復	bao4 fu4	to make reprisals; to retaliate; revenge; retaliation	7-9
报社	報社	bao4 she4	newspaper (i.e. a company); CL:家[jia1]	7-9
报答	報答	bao4 da2	to repay; to requite	5
报纸	報紙	bao4 zhi3	newspaper; newsprint; CL:份[fen4],期[qi1],張|张[zhang1]	2
报考	報考	bao4 kao3	to enter oneself for an examination	6
报警	報警	bao4 jing3	to sound an alarm; to report sth to the police	5
报道	報道	bao4 dao4	to report (news); report; CL:篇[pian1],份[fen4]	3
报酬	報酬	bao4 chou5	reward; remuneration	7-9
报销	報銷	bao4 xiao1	to submit an expense account; to apply for reimbursement; to write off; to wipe out	7-9
场	場	chang2	threshing floor; classifier for events and happenings: spell, episode, bout	2
场	場	chang3	large place used for a specific purpose; stage; scene (of a play); classifier for sporting or recreational activities; classifier for number of exams	2
场合	場合	chang3 he2	situation; occasion; context; setting; location; venue	3
场地	場地	chang3 di4	space; site; place; sports pitch	6
场所	場所	chang3 suo3	location; place	3
场景	場景	chang3 jing3	scene; scenario; situation; setting	6
场面	場面	chang3 mian4	scene; spectacle; occasion; situation	5
场馆	場館	chang3 guan3	sporting venue; arena	6
堵	堵	du3	to block up (a road, pipe etc); to stop up (a hole); (fig.) (of a person) choked up with anxiety or stress; wall (literary); (classifier for walls)	4
堵塞	堵塞	du3 se4	to clog up; blockage	7-9
堵车	堵車	du3 che1	traffic jam; (of traffic) to get congested	4
块	塊	kuai4	lump; chunk; piece; classifier for pieces of cloth, cake, soap etc; (coll.) classifier for money and currency units	1
塌	塌	ta1	to collapse; to droop; to settle down	7-9
塑料	塑料	su4 liao4	plastic; plastics (general term for synthetic polymer materials)	4
塑料袋	塑料袋	su4 liao4 dai4	plastic bag	4
塑造	塑造	su4 zao4	to model; to mold; (fig.) to create (a character, a market, an image etc); (fig.) (literature) to portray (in words)	7-9
塔	塔	ta3	pagoda (abbr. for 塔婆[ta3 po2], a loanword from Sanskrit stūpa); tower; pylon (CL:座[zuo4]); (loanword) (pastry) tart	6
涂	塗	tu2	to apply (paint etc); to smear; to daub; to blot out; to scribble; to scrawl; (literary) mud; street	7-9
塞	塞	sai1	to plug; to stop up; to stuff in; (bound form) a stopper; a cork	6
塞	塞	sai4	(bound form) strategic stronghold	6
塞	塞	se4	(bound form) to block; to obstruct	6
葬	塟	zang4	old variant of 葬[zang4]	7-9
填	填	tian2	to fill or stuff; (of a form etc) to fill in	4
填充	填充	tian2 chong1	to fill up; to stuff; to fill in a blank space	7-9
填写	填寫	tian2 xie3	to fill in a form; to write data in a box (on a questionnaire or web form)	7-9
填空	填空	tian2 kong4	to fill a job vacancy; to fill in a blank (e.g. on a form, questionnaire or exam paper)	4
填补	填補	tian2 bu3	to fill a gap; to fill in a blank (on a form); to overcome a deficiency	7-9
场	塲	chang2	variant of 場|场[chang2]	2
场	塲	chang3	variant of 場|场[chang3]	2
砖	塼	zhuan1	variant of 甎|砖[zhuan1]	7-9
境内	境內	jing4 nei4	within the borders; internal (to a country, province, city etc); domestic	7-9
境地	境地	jing4 di4	circumstances	7-9
境外	境外	jing4 wai4	outside (a country's) borders	7-9
境界	境界	jing4 jie4	boundary; state; realm	7-9
境遇	境遇	jing4 yu4	circumstance	7-9
垫	墊	dian4	pad; cushion; mat; to pad out; to fill a gap; to pay for sb; to advance (money)	7-9
垫子	墊子	dian4 zi5	cushion; mat; pad	7-9
垫底	墊底	dian4 di3	to put sth on the bottom; to eat sth to tide oneself over until mealtime; to lay the foundation; to come last in the rankings	7-9
墓	墓	mu4	grave; tomb; mausoleum	6
墓地	墓地	mu4 di4	cemetery; graveyard	7-9
墓碑	墓碑	mu4 bei1	gravestone; tombstone	7-9
塔	墖	ta3	old variant of 塔[ta3]	6
坠	墜	zhui4	to fall; to drop; to weigh down	7-9
增	增	zeng1	(bound form) to increase; to augment; to add to	5
增值	增值	zeng1 zhi2	to appreciate (financially); to increase in value; value-added (accountancy)	6
增加	增加	zeng1 jia1	to raise; to increase	3
增多	增多	zeng1 duo1	to increase; to grow in number	5
增大	增大	zeng1 da4	to enlarge; to amplify; to magnify	5
增强	增強	zeng1 qiang2	to increase; to strengthen	5
增收	增收	zeng1 shou1	to increase revenue; to increase income by (x amount); to levy (a surcharge, tax increase etc); (of a school) to have an increased student intake	7-9
增添	增添	zeng1 tian1	to add; to increase	7-9
增产	增產	zeng1 chan3	to increase production	5
增进	增進	zeng1 jin4	to promote; to enhance; to further; to advance (a cause etc)	6
增长	增長	zeng1 zhang3	to grow; to increase	3
墨	墨	Mo4	surname Mo; abbr. for 墨西哥[Mo4 xi1 ge1], Mexico	7-9
墨	墨	mo4	ink stick; China ink; CL:塊|块[kuai4]; corporal punishment consisting of tattooing characters on the victim's forehead	7-9
墨水	墨水	mo4 shui3	ink; CL:瓶[ping2]	6
堕落	墮落	duo4 luo4	to degrade; to degenerate; to become depraved; corrupt; a fall from grace	7-9
坟	墳	fen2	grave; tomb; CL:座[zuo4]; embankment; mound; ancient book	7-9
坟墓	墳墓	fen2 mu4	grave; tomb	7-9
墙	墻	qiang2	variant of 牆|墙[qiang2]	2
壁画	壁畫	bi4 hua4	mural (painting); fresco	7-9
坛	壇	tan2	altar; platform; rostrum; (bound form) (sporting, literary etc) circles; world	7-9
压	壓	ya1	to press; to push down; to keep under (control); pressure	3
压	壓	ya4	used in 壓根兒|压根儿[ya4 gen1 r5]; used in 壓馬路|压马路[ya4 ma3 lu4]; used in 壓板|压板[ya4 ban3]	3
压倒	壓倒	ya1 dao3	to overwhelm; to overpower; overwhelming	7-9
压制	壓制	ya1 zhi4	to suppress; to inhibit; to stifle	7-9
压力	壓力	ya1 li4	pressure	3
压抑	壓抑	ya1 yi4	to constrain or repress emotions; oppressive; stifling; depressing; repression	7-9
压缩	壓縮	ya1 suo1	to compress; compression	7-9
压迫	壓迫	ya1 po4	to oppress; to repress; to constrict; oppression; stress (physics)	6
坏	壞	huai4	bad; spoiled; broken; to break down; (suffix) to the utmost	1
坏事	壞事	huai4 shi4	bad thing; misdeed; to ruin things	7-9
坏人	壞人	huai4 ren2	bad person; villain	2
坏处	壞處	huai4 chu5	harm; troubles; CL:個|个[ge4]	2
垄断	壟斷	long3 duan4	to monopolize	7-9
坝	壩	ba4	dam; dike; embankment; CL:條|条[tiao2]	7-9
士兵	士兵	shi4 bing1	soldier; CL:個|个[ge4]	4
士气	士氣	shi4 qi4	morale	7-9
壮	壯	Zhuang4	Zhuang ethnic group, the largest ethnic minority in China	7-9
壮	壯	zhuang4	to strengthen; strong; robust	7-9
壮大	壯大	zhuang4 da4	to strengthen; to build up; to grow strong and large	7-9
壮实	壯實	zhuang4 shi5	robust; sturdy	7-9
壮胆	壯膽	zhuang4 dan3	to get one’s courage up; to embolden	7-9
壮观	壯觀	zhuang4 guan1	spectacular; magnificent sight	6
壮丽	壯麗	zhuang4 li4	magnificence; magnificent; majestic; glorious	7-9
壶	壺	hu2	pot; classifier for bottled liquid	6
寿司	壽司	shou4 si1	sushi	5
寿命	壽命	shou4 ming4	life span; life expectancy; lifetime (of a machine)	7-9
夏令营	夏令營	xia4 ling4 ying2	summer camp	7-9
夏天	夏天	xia4 tian1	summer; CL:個|个[ge4]	2
夏季	夏季	xia4 ji4	summer	4
外	外	wai4	outside; in addition; foreign; external	1
外交	外交	wai4 jiao1	diplomacy; diplomatic; foreign affairs; CL:個|个[ge4]	3
外交官	外交官	wai4 jiao1 guan1	diplomat	4
外企	外企	wai4 qi3	foreign enterprise; company established in mainland China with direct investment from foreign entities or from investors in Taiwan, Macao or Hong Kong; abbr. for 外資企業|外资企业	7-9
外来	外來	wai4 lai2	external; foreign; outside	6
外公	外公	wai4 gong1	(coll.) mother's father; maternal grandfather	7-9
外出	外出	wai4 chu1	to go out; to go away (on a trip etc)	6
外汇	外匯	wai4 hui4	foreign (currency) exchange	4
外国	外國	wai4 guo2	foreign country	1
外地	外地	wai4 di4	parts of the country other than where one is	2
外套	外套	wai4 tao4	outer garment; jacket; coat; CL:件[jian4]	4
外婆	外婆	wai4 po2	(coll.) mother's mother; maternal grandmother	7-9
外币	外幣	wai4 bi4	foreign currency	6
外形	外形	wai4 xing2	figure; shape; external form; contour	7-9
外援	外援	wai4 yuan2	foreign aid; external aid; (sports) foreign player; player recruited from overseas	7-9
外文	外文	wai4 wen2	foreign language (written)	3
外星人	外星人	wai4 xing1 ren2	space alien; extraterrestrial	7-9
外界	外界	wai4 jie4	the outside world; external	5
外科	外科	wai4 ke1	surgery (branch of medicine)	6
外籍	外籍	wai4 ji2	foreign (i.e. of foreign nationality)	7-9
外号	外號	wai4 hao4	nickname	7-9
外行	外行	wai4 hang2	layman; amateur	7-9
外衣	外衣	wai4 yi1	outer clothing; semblance; appearance	6
外表	外表	wai4 biao3	external; outside; outward appearance	7-9
外观	外觀	wai4 guan1	outward appearance	6
外语	外語	wai4 yu3	foreign language; CL:門|门[men2]	1
外貌	外貌	wai4 mao4	profile; appearance	7-9
外贸	外貿	wai4 mao4	foreign trade	7-9
外资	外資	wai4 zi1	foreign investment; foreign capital	6
外卖	外賣	wai4 mai4	(of a restaurant) to provide a takeout or home delivery meal; takeout (business); takeout (meal)	2
外边	外邊	wai4 bian5	outside; outer surface; abroad; place other than one's home	1
外部	外部	wai4 bu4	the outside; (attributive) external; exterior; surface	6
外面	外面	wai4 mian4	outside (also pr. [wai4 mian5] for this sense); surface; exterior; external appearance	3
外头	外頭	wai4 tou5	outside; outdoors	6
多久	多久	duo1 jiu3	(of time) how long?; (not) a long time	2
多元	多元	duo1 yuan2	poly-; multi-; multielement; multivariant; multivariate (math.)	7-9
多功能	多功能	duo1 gong1 neng2	multifunctional; multifunction	7-9
多劳多得	多勞多得	duo1 lao2 duo1 de2	work more and get more	7-9
多半	多半	duo1 ban4	most; mostly; most likely	6
多媒体	多媒體	duo1 mei2 ti3	multimedia	6
多少	多少	duo1 shao3	number; amount; somewhat	1
多少	多少	duo1 shao5	how much?; how many?; (phone number, student ID etc) what number?	1
多年	多年	duo1 nian2	many years; for many years; longstanding	4
多年来	多年來	duo1 nian2 lai2	for the past many years	7-9
多心	多心	duo1 xin1	oversensitive; suspicious	7-9
多数	多數	duo1 shu4	majority; most	2
多方面	多方面	duo1 fang1 mian4	many-sided; in many aspects	6
多样	多樣	duo1 yang4	diverse; diversity; manifold	4
多次	多次	duo1 ci4	many times; repeatedly	4
多种	多種	duo1 zhong3	many kinds of; multiple; diverse; multi-	4
多亏	多虧	duo1 kui1	thanks to; luckily	7-9
多边	多邊	duo1 bian1	multilateral	7-9
多云	多雲	duo1 yun2	(meteorology) cloudy	2
多余	多餘	duo1 yu2	superfluous; unnecessary; surplus	7-9
多么	多麼	duo1 me5	how (wonderful etc); what (a great idea etc); however (difficult it may be etc); (in interrogative sentences) how (much etc); to what extent	2
夜	夜	ye4	night	2
夜以继日	夜以繼日	ye4 yi3 ji4 ri4	night and day (idiom); continuous strenuous effort	7-9
夜市	夜市	ye4 shi4	night market	7-9
夜晚	夜晚	ye4 wan3	night; CL:個|个[ge4]	7-9
夜校	夜校	ye4 xiao4	evening school; night school	7-9
夜班	夜班	ye4 ban1	night shift	7-9
夜总会	夜總會	ye4 zong3 hui4	nightclub; nightspot	7-9
夜里	夜裡	ye4 li5	during the night; at night; nighttime	2
夜间	夜間	ye4 jian1	nighttime; evening or night (e.g. classes)	5
够	夠	gou4	enough (sufficient); enough (too much); (coll.) (before adj.) really; (coll.) to reach by stretching out	2
够呛	夠嗆	gou4 qiang4	unbearable; terrible; enough; unlikely	7-9
梦	夢	meng4	dream (CL:場|场[chang2]); (bound form) to dream	4
梦幻	夢幻	meng4 huan4	dream; illusion; reverie	7-9
梦想	夢想	meng4 xiang3	(fig.) to dream of; dream	4
梦见	夢見	meng4 jian4	to dream about (sth or sb); to see in a dream	4
伙	夥	huo3	companion; partner; group; classifier for groups of people; to combine; together	4
大	大	da4	big; large; great; older (than another person); eldest (as in 大姐[da4 jie3]); greatly; freely; fully; (dialect) father; (dialect) uncle (father's brother)	1
大	大	dai4	see 大夫[dai4 fu5]	1
大事	大事	da4 shi4	major event; major political event (war or change of regime); major social event (wedding or funeral); (do sth) in a big way; CL:件[jian4],樁|桩[zhuang1]	5
大人	大人	da4 ren5	adult; grownup; title of respect toward superiors	2
大伙儿	大伙兒	da4 huo3 r5	erhua variant of 大伙[da4 huo3]	5
大使	大使	da4 shi3	ambassador; envoy; CL:名[ming2],位[wei4]	6
大使馆	大使館	da4 shi3 guan3	embassy; CL:座[zuo4],個|个[ge4]	3
大公无私	大公無私	da4 gong1 wu2 si1	selfless; impartial	7-9
大力	大力	da4 li4	energetically; vigorously	6
大包大揽	大包大攬	da4 bao1 da4 lan3	to take complete charge (idiom)	7-9
大吃一惊	大吃一驚	da4 chi1 yi1 jing1	(idiom) astounded; flabbergasted; taken aback	7-9
大同小异	大同小異	da4 tong2 xiao3 yi4	virtually the same; differing only on small points	7-9
大名鼎鼎	大名鼎鼎	da4 ming2 ding3 ding3	grand reputation; renowned; famous	7-9
大哥	大哥	da4 ge1	eldest brother; big brother (polite address for a man of about the same age as oneself); gang leader; boss	4
大地	大地	da4 di4	earth; mother earth	7-9
大型	大型	da4 xing2	large; large-scale	4
大多	大多	da4 duo1	for the most part; many; most; the greater part; mostly	4
大多数	大多數	da4 duo1 shu4	(great) majority	2
大大	大大	da4 da4	greatly; enormously; (dialect) dad; uncle	2
大大咧咧	大大咧咧	da4 da4 lie1 lie1	(idiom) carefree; offhand; casual	7-9
大夫	大夫	da4 fu1	senior official (in imperial China)	3
大夫	大夫	dai4 fu5	doctor; physician	3
大姐	大姐	da4 jie3	big sister; elder sister; older sister (also polite term of address for a girl or woman slightly older than the speaker)	4
大妈	大媽	da4 ma1	father's elder brother's wife; aunt (affectionate term for an elderly woman)	4
大学	大學	Da4 xue2	the Great Learning, one of the Four Books 四書|四书[Si4 shu1] in Confucianism	1
大学	大學	da4 xue2	university; college; CL:所[suo3]	1
大学生	大學生	da4 xue2 sheng1	university student; college student	1
大宗	大宗	da4 zong1	large amount; staple; influential family of long standing	7-9
大家	大家	da4 jia1	everyone; influential family; great expert	2
大家庭	大家庭	da4 jia1 ting2	extended family; big family; harmonious group	7-9
大小	大小	da4 xiao3	large and small; size; adults and children; consideration of seniority; at any rate	2
大局	大局	da4 ju2	overall situation; the big picture	7-9
大巴	大巴	da4 ba1	(coll.) large bus; coach; (abbr. for 大型巴士)	4
大师	大師	da4 shi1	great master; master	6
大幅度	大幅度	da4 fu2 du4	substantially; by a wide margin	7-9
大厦	大廈	da4 sha4	(used in the names of grand buildings such as 百老匯大廈|百老汇大厦 Broadway Mansions (in Shanghai) or 帝國大廈|帝国大厦 Empire State Building etc)	7-9
大厅	大廳	da4 ting1	hall; concourse; public lounge; (hotel) lobby	5
大意	大意	da4 yi4	general idea; main idea	7-9
大意	大意	da4 yi5	careless	7-9
大批	大批	da4 pi1	large quantities of	6
大数据	大數據	da4 shu4 ju4	big data (computing)	7-9
大方	大方	Da4 fang1	see 大方縣|大方县[Da4 fang1 Xian4]	4
大方	大方	da4 fang1	expert; scholar; mother earth; a type of green tea	4
大方	大方	da4 fang5	generous; magnanimous; stylish; in good taste; easy-mannered; natural and relaxed	4
大于	大於	da4 yu2	greater than; bigger than; more than	5
大会	大會	da4 hui4	general assembly; general meeting; convention; CL:個|个[ge4],屆|届[jie4]	4
大有可为	大有可為	da4 you3 ke3 wei2	with great prospects for the future (idiom); well worth doing	7-9
大棚	大棚	da4 peng2	greenhouse; polytunnel	7-9
大概	大概	da4 gai4	roughly; probably; rough; approximate; about; general idea	3
大楼	大樓	da4 lou2	building (a relatively large, multistory one); CL:幢[zhuang4],座[zuo4]	4
大模大样	大模大樣	da4 mu2 da4 yang4	boldly; ostentatiously; poised; self-assured; Taiwan pr. [da4 mo2 da4 yang4]	7-9
大款	大款	da4 kuan3	very wealthy person	7-9
大气	大氣	da4 qi4	atmosphere (surrounding the earth); imposing; impressive; stylish	7-9
大海	大海	da4 hai3	sea; ocean	2
大熊猫	大熊貓	da4 xiong2 mao1	giant panda (Ailuropoda melanoleuca)	5
大爷	大爺	da4 ye2	arrogant idler; self-centered show-off	4
大爷	大爺	da4 ye5	(coll.) father's older brother; uncle; term of respect for older man	4
大片	大片	da4 pian4	wide expanse; large area; vast stretch; extending widely; blockbuster movie	7-9
大奖赛	大獎賽	da4 jiang3 sai4	grand prix	5
大众	大眾	Da4 zhong4	Volkswagen (automobile manufacturer)	4
大众	大眾	da4 zhong4	the masses; the great bulk of the population; popular (of music, science etc)	4
大笔	大筆	da4 bi3	(formal) (honorific) your writing; your handwriting; pen; calligraphy brush; a large sum of (money)	7-9
大米	大米	da4 mi3	(husked) rice	6
大约	大約	da4 yue1	approximately; probably	3
大纲	大綱	da4 gang1	synopsis; outline; program; leading principles	5
大声	大聲	da4 sheng1	loud voice; in a loud voice; loudly	2
大肆	大肆	da4 si4	wantonly; without restraint (of enemy or malefactor); unbridled	7-9
大腕儿	大腕兒	da4 wan4 r5	erhua variant of 大腕[da4 wan4]	7-9
大脑	大腦	da4 nao3	brain; cerebrum	5
大胆	大膽	da4 dan3	brazen; audacious; outrageous; bold; daring; fearless	5
大臣	大臣	da4 chen2	chancellor (of a monarchy); cabinet minister	7-9
大自然	大自然	da4 zi4 ran2	nature (the natural world)	2
大致	大致	da4 zhi4	more or less; roughly; approximately	5
大街	大街	da4 jie1	street; main street; CL:條|条[tiao2]	6
大街小巷	大街小巷	da4 jie1 xiao3 xiang4	great streets and small alleys (idiom); everywhere in the city	7-9
大衣	大衣	da4 yi1	overcoat; topcoat; cloak; CL:件[jian4]	2
大规模	大規模	da4 gui1 mo2	large scale; extensive; wide scale; broad scale	4
大象	大象	da4 xiang4	elephant; CL:頭|头[tou2]	5
大赛	大賽	da4 sai4	grand contest	6
大道	大道	da4 dao4	main street; avenue	6
大选	大選	da4 xuan3	general election	7-9
大部分	大部分	da4 bu4 fen5	the greater part; the majority; most; Taiwan pr. [da4bu4fen4]	2
大都	大都	Da4 du1	Dadu, capital of China during the Yuan Dynasty (1280-1368), modern day Beijing	5
大都	大都	da4 dou1	for the most part; on the whole; also pr. [da4 du1]	5
大都	大都	da4 du1	for the most part; on the whole; metropolitan	5
大量	大量	da4 liang4	great amount; large quantity; bulk; numerous; generous; magnanimous	2
大门	大門	Da4 men2	the Doors, US rock band	2
大门	大門	da4 men2	entrance; door; gate; large and influential family	2
大陆	大陸	Da4 lu4	mainland China (reference to the PRC)	4
大陆	大陸	da4 lu4	continent; mainland; CL:塊|块[kuai4]	4
大队	大隊	da4 dui4	group; a large body of; production brigade; military group	7-9
大雁	大雁	da4 yan4	wild goose; CL:隻|只[zhi1]	7-9
大面积	大面積	da4 mian4 ji1	large area; (fig.) (of a problem) (occurring) on a massive scale	7-9
大惊小怪	大驚小怪	da4 jing1 xiao3 guai4	to make a fuss about nothing (idiom)	7-9
大体	大體	da4 ti3	in general; more or less; in rough terms; basically; on the whole; overall situation; the big picture; cadaver for dissection in training medical students	7-9
大体上	大體上	da4 ti3 shang4	overall; in general terms	7-9
天	天	tian1	day; sky; heaven	1
天上	天上	tian1 shang4	the sky; the heavens	2
天下	天下	tian1 xia4	land under heaven; the whole world; the whole of China; realm; rule	6
天主教	天主教	Tian1 zhu3 jiao4	Catholicism	7-9
天使	天使	tian1 shi3	angel	7-9
天分	天分	tian1 fen4	natural gift; talent	7-9
天地	天地	tian1 di4	heaven and earth; world; scope; field of activity	7-9
天堂	天堂	tian1 tang2	paradise; heaven	6
天平	天平	tian1 ping2	scales (to weigh things)	7-9
天性	天性	tian1 xing4	nature; innate tendency	7-9
天才	天才	tian1 cai2	talent; gift; genius; talented; gifted	5
天文	天文	tian1 wen2	astronomy	5
天桥	天橋	Tian1 qiao2	Tianqiao district of Jinan city 濟南市|济南市[Ji3 nan2 shi4], Shandong; Tianqiao district in Beijing, formerly a center of folk culture	7-9
天桥	天橋	tian1 qiao2	overhead walkway; pedestrian bridge	7-9
天气	天氣	tian1 qi4	weather	1
天然	天然	tian1 ran2	natural	6
天然气	天然氣	tian1 ran2 qi4	natural gas	5
天生	天生	tian1 sheng1	nature; disposition; innate; natural	7-9
天真	天真	tian1 zhen1	naive; innocent; artless	4
天空	天空	tian1 kong1	sky	3
天经地义	天經地義	tian1 jing1 di4 yi4	lit. heaven's law and earth's principle (idiom); fig. right and proper; right and unalterable; a matter of course	7-9
天线	天線	tian1 xian4	antenna; aerial; (fig.) connection to higher authorities; channel to influential people	7-9
天赋	天賦	tian1 fu4	gift; innate skill	7-9
天长地久	天長地久	tian1 chang2 di4 jiu3	enduring while the world lasts (idiom); eternal	7-9
天鹅	天鵝	tian1 e2	swan	7-9
太	太	tai4	highest; greatest; too (much); very; extremely	1
太太	太太	tai4 tai5	married woman; Mrs.; Madam; wife; CL:個|个[ge4],位[wei4]	2
太平	太平	Tai4 ping2	see 太平區|太平区[Tai4 ping2 Qu1]	7-9
太平	太平	tai4 ping2	peace and security	7-9
太极	太極	Tai4 ji2	the Absolute or Supreme Ultimate, the source of all things according to some interpretations of Chinese mythology	7-9
太极拳	太極拳	tai4 ji2 quan2	shadowboxing or Taiji, T'aichi or T'aichichuan; traditional form of physical exercise or relaxation; a martial art	7-9
太空	太空	tai4 kong1	outer space	5
太阳	太陽	tai4 yang5	sun; sunlight; sunshine; temple (on the side of the human head) (abbr. for 太陽穴|太阳穴[tai4 yang2 xue2])	2
太阳能	太陽能	tai4 yang2 neng2	solar energy	6
夫人	夫人	fu1 ren5	lady; madam; Mrs.; CL:位[wei4]	4
夫妻	夫妻	fu1 qi1	husband and wife; married couple	4
夫妇	夫婦	fu1 fu4	a (married) couple; husband and wife; CL:對|对[dui4]	4
失传	失傳	shi1 chuan2	(of skills etc) to die out; lost; extinct	7-9
失利	失利	shi1 li4	to lose; to suffer defeat	7-9
失去	失去	shi1 qu4	to lose	3
失恋	失戀	shi1 lian4	to lose one's love; to break up (in a romantic relationship); to feel jilted	7-9
失控	失控	shi1 kong4	to go out of control	7-9
失效	失效	shi1 xiao4	to fail; to lose effectiveness	7-9
失败	失敗	shi1 bai4	to be defeated; to lose; to fail (e.g. experiments); failure; defeat; CL:次[ci4]	4
失明	失明	shi1 ming2	to lose one's eyesight; to become blind; blindness	7-9
失望	失望	shi1 wang4	disappointed; to lose hope; to despair	4
失业	失業	shi1 ye4	unemployment; to lose one's job	4
失业率	失業率	shi1 ye4 lu:4	unemployment rate	7-9
失眠	失眠	shi1 mian2	to suffer from insomnia	7-9
失落	失落	shi1 luo4	to lose (sth); to drop (sth); to feel a sense of loss; frustrated; disappointment; loss	7-9
失误	失誤	shi1 wu4	lapse; mistake; to make a mistake; fault; service fault (in volleyball, tennis etc)	5
失踪	失蹤	shi1 zong1	to be missing; to disappear; unaccounted for	7-9
失灵	失靈	shi1 ling2	out of order (of machine); not working properly; a failing (of a system)	7-9
夸	夸	kua1	used in transliteration	7-9
夸夸其谈	夸夸其談	kua1 kua1 qi2 tan2	variant of 誇誇其談|夸夸其谈[kua1 kua1 qi2 tan2]	7-9
夹	夾	ga1	used in 夾肢窩|夹肢窝[ga1 zhi5 wo1]	5
夹	夾	jia1	to press from either side; to place in between; to sandwich; to carry sth under armpit; wedged between; between; to intersperse; to mix; to mingle; clip; folder; Taiwan pr. [jia2]	5
夹	夾	jia2	double-layered (quilt); lined (garment)	5
夹	夾	jia4	Taiwan pr. used in 夾生|夹生[jia1 sheng1] and 夾竹桃|夹竹桃[jia1 zhu2 tao2]	5
奇妙	奇妙	qi2 miao4	wonderful; marvelous; intriguing; mysterious; strange	6
奇怪	奇怪	qi2 guai4	strange; odd; to marvel; to be baffled	3
奇特	奇特	qi2 te4	peculiar; unusual; queer	7-9
奇花异草	奇花異草	qi2 hua1 yi4 cao3	(idiom) rare or exotic flowers and plants	7-9
奇迹	奇跡	qi2 ji4	variant of 奇蹟|奇迹[qi2 ji4]	7-9
奇迹	奇蹟	qi2 ji4	miracle; wonder; marvel	7-9
奉献	奉獻	feng4 xian4	to offer respectfully; to consecrate; to dedicate; to devote	6
奏	奏	zou4	to play music; to achieve; to present a memorial to the emperor (old)	6
奏效	奏效	zou4 xiao4	to show results; to be effective	7-9
契机	契機	qi4 ji1	opportunity; turning point	7-9
契约	契約	qi4 yue1	agreement; contract	7-9
奔	奔	ben1	to hurry; to rush; to run quickly; to elope	7-9
奔	奔	ben4	to go to; to head for; towards; Taiwan pr. [ben1]	7-9
奔波	奔波	ben1 bo1	to rush about; to be constantly on the move	7-9
奔赴	奔赴	ben1 fu4	to rush to; to hurry to	7-9
奔跑	奔跑	ben1 pao3	to run	6
套	套	tao4	to cover; to encase; cover; sheath; to overlap; to interleave; to model after; to copy; formula; harness; loop of rope; (fig.) to fish for; to obtain slyly; classifier for sets, collections; bend (of a river or mountain range, in place names); tau (Greek letter Ττ)	2
套餐	套餐	tao4 can1	set meal; (fig.) product or service package (e.g. for a cell phone subscription)	4
奠定	奠定	dian4 ding4	to establish; to fix; to settle	7-9
奢侈	奢侈	she1 chi3	luxurious; extravagant	7-9
奢望	奢望	she1 wang4	an extravagant hope; to have excessive expectations	7-9
奥秘	奧祕	ao4 mi4	secret; mystery	7-9
奥运会	奧運會	Ao4 yun4 hui4	Olympic Games; the Olympics (abbr. for 奧林匹克運動會|奥林匹克运动会[Ao4 lin2 pi3 ke4 Yun4 dong4 hui4])	7-9
夺	奪	duo2	to seize; to take away forcibly; to wrest control of; to compete or strive for; to force one's way through; to leave out; to lose	6
夺冠	奪冠	duo2 guan4	to seize the crown; fig. to win a championship; to win gold medal	7-9
夺取	奪取	duo2 qu3	to seize; to capture; to wrest control of	6
夺魁	奪魁	duo2 kui2	to win the championship; to take first place	7-9
奋力	奮力	fen4 li4	to do everything one can; to spare no effort; to strive	7-9
奋勇	奮勇	fen4 yong3	dauntless; to summon up courage and determination; using extreme force of will	7-9
奋斗	奮鬥	fen4 dou4	to strive; to struggle	4
女	女	nu:3	female; woman; daughter	1
女	女	ru3	old variant of 汝[ru3]	1
女人	女人	nu:3 ren2	woman	1
女人	女人	nu:3 ren5	wife	1
女儿	女兒	nu:3 er2	daughter	1
女士	女士	nu:3 shi4	lady; madam; CL:個|个[ge4],位[wei4]; Miss; Ms	4
女婿	女婿	nu:3 xu5	daughter's husband; son-in-law	7-9
女子	女子	nu:3 zi3	woman; female	3
女孩儿	女孩兒	nu:3 hai2 r5	erhua form of 女孩[nu : 3 hai2]	1
女性	女性	nu:3 xing4	woman; the female sex	5
女朋友	女朋友	nu:3 peng2 you5	girlfriend	1
女生	女生	nu:3 sheng1	schoolgirl; female student; girl	1
奴隶	奴隸	nu2 li4	slave	7-9
奶	奶	nai3	breast; milk; to breastfeed	1
奶奶	奶奶	nai3 nai5	(informal) grandma (paternal grandmother); (respectful) mistress of the house; CL:位[wei4]; (coll.) boobies; breasts	1
奶牛	奶牛	nai3 niu2	milk cow; dairy cow	6
奶粉	奶粉	nai3 fen3	powdered milk	6
奶茶	奶茶	nai3 cha2	milk tea	3
奸诈	奸詐	jian1 zha4	treachery; devious; a rogue	7-9
她	她	ta1	she	1
她们	她們	ta1 men5	they; them (females)	1
好	好	hao3	good; appropriate; proper; all right!; (before a verb) easy to; (before a verb) good to; (before an adjective for exclamatory effect) so; (verb complement indicating completion); (of two people) close; on intimate terms; (after a personal pronoun) hello	4
好	好	hao4	to be fond of; to have a tendency to; to be prone to	4
好久	好久	hao3 jiu3	(coll.) for a long time	2
好事	好事	hao3 shi4	good action, deed, thing or work (also sarcastic, "a fine thing indeed"); charity; happy occasion; Daoist or Buddhist ceremony for the souls of the dead	2
好事	好事	hao4 shi4	to be meddlesome	2
好人	好人	hao3 ren2	good person; healthy person; person who tries not to offend anyone, even at the expense of principle	2
好似	好似	hao3 si4	to seem; to be like	6
好像	好像	hao3 xiang4	as if; to seem like	2
好友	好友	hao3 you3	close friend; pal; (social networking website) friend; CL:個|个[ge4]	4
好吃	好吃	hao3 chi1	tasty; delicious	1
好吃	好吃	hao4 chi1	to be fond of eating; to be gluttonous	1
好在	好在	hao3 zai4	luckily; fortunately	7-9
好坏	好壞	hao3 huai4	good or bad; good and bad; standard; quality; (coll.) very bad	7-9
好多	好多	hao3 duo1	many; quite a lot; much better	2
好奇	好奇	hao4 qi2	inquisitive; curious; inquisitiveness; curiosity	3
好奇心	好奇心	hao4 qi2 xin1	interest in sth; curiosity; inquisitive	7-9
好好	好好	hao3 hao3	well; carefully; nicely; properly	3
好学	好學	hao3 xue2	easy to learn	6
好学	好學	hao4 xue2	eager to study; studious; erudite	6
好客	好客	hao4 ke4	hospitality; to treat guests well; to enjoy having guests; hospitable; friendly	7-9
好家伙	好家伙	hao3 jia1 huo5	my God!; oh boy!; man!	7-9
好心	好心	hao3 xin1	kindness; good intentions	7-9
好心人	好心人	hao3 xin1 ren2	kindhearted person; good Samaritan	7-9
好意	好意	hao3 yi4	good intention; kindness	7-9
好感	好感	hao3 gan3	good opinion; favorable impression	7-9
好歹	好歹	hao3 dai3	good and bad; most unfortunate occurrence; in any case; whatever	7-9
好比	好比	hao3 bi3	to be just like; can be compared to	7-9
好玩儿	好玩兒	hao3 wan2 r5	erhua variant of 好玩[hao3 wan2]	1
好看	好看	hao3 kan4	good-looking; nice-looking; (of a movie, book, TV show etc) good; in an embarrassing situation	1
好笑	好笑	hao3 xiao4	laughable; funny; ridiculous	7-9
好听	好聽	hao3 ting1	pleasant to hear	1
好处	好處	hao3 chu3	easy to get along with	2
好处	好處	hao3 chu5	benefit; advantage; merit; gain; profit; also pr. [hao3chu4]	2
好评	好評	hao3 ping2	favorable criticism; positive evaluation	7-9
好说	好說	hao3 shuo1	easy to deal with; not a problem; (polite answer) you flatter me	7-9
好转	好轉	hao3 zhuan3	to improve; to take a turn for the better; improvement	6
好运	好運	hao3 yun4	good luck	5
如	如	ru2	as; as if; such as	6
如一	如一	ru2 yi1	consistent; the same; unvarying	6
如下	如下	ru2 xia4	as follows	5
如今	如今	ru2 jin1	nowadays; now	4
如何	如何	ru2 he2	how; what way; what	3
如同	如同	ru2 tong2	like; as	5
如实	如實	ru2 shi2	as things really are; realistic	7-9
如意	如意	ru2 yi4	as one wants; according to one's wishes; ruyi scepter, a symbol of power and good fortune	7-9
如果	如果	ru2 guo3	if; in case; in the event that	2
如果说	如果說	ru2 guo3 shuo1	if; if one were to say	7-9
如此	如此	ru2 ci3	like this; so; such	5
如醉如痴	如醉如癡	ru2 zui4 ru2 chi1	see 如癡如醉|如痴如醉[ru2 chi1 ru2 zui4]	7-9
如愿以偿	如願以償	ru2 yuan4 yi3 chang2	to have one's wish fulfilled	7-9
妄想	妄想	wang4 xiang3	to attempt vainly; a vain attempt; delusion	7-9
妒忌	妒忌	du4 ji4	to be jealous of (sb's achievements etc); to be envious; envy	7-9
妖怪	妖怪	yao1 guai4	monster; devil	7-9
妙	妙	miao4	clever; wonderful	6
妥	妥	tuo3	suitable; adequate; ready; settled	7-9
妥协	妥協	tuo3 xie2	to compromise; to reach terms; a compromise	7-9
妥善	妥善	tuo3 shan4	appropriate; proper	7-9
妥当	妥當	tuo3 dang5	appropriate; proper; ready	7-9
妨害	妨害	fang2 hai4	to jeopardize; to be harmful to; to undermine	7-9
妨碍	妨礙	fang2 ai4	to hinder; to obstruct	7-9
你	妳	ni3	you (Note: In Taiwan, 妳 is used to address females, but in mainland China, it is not commonly used. Instead, 你 is used to address both males and females.)	1
奶	妳	nai3	variant of 嬭|奶[nai3]	1
妻子	妻子	qi1 zi3	wife and children	4
妻子	妻子	qi1 zi5	wife	4
始终	始終	shi3 zhong1	from beginning to end; all along	3
姐妹	姐妹	jie3 mei4	sisters; siblings; sister (school, city etc)	4
姑姑	姑姑	gu1 gu5	paternal aunt; CL:個|个[ge4]	6
姑娘	姑娘	gu1 niang5	girl; young woman; young lady; daughter; paternal aunt (old); CL:個|个[ge4]	3
姓	姓	xing4	family name; surname; to be surnamed ...	2
姓名	姓名	xing4 ming2	surname and given name; full name	2
姓氏	姓氏	xing4 shi4	family name	7-9
委员	委員	wei3 yuan2	committee member	7-9
委员会	委員會	wei3 yuan2 hui4	committee; commission	7-9
委婉	委婉	wei3 wan3	tactful; euphemistic; (of voice etc) suave; soft	7-9
委屈	委屈	wei3 qu5	to feel wronged; to cause sb to feel wronged; grievance	7-9
委托	委託	wei3 tuo1	to entrust; to trust; to commission	5
姜	姜	Jiang1	surname Jiang	7-9
姜	姜	jiang1	variant of 薑|姜[jiang1]	7-9
姥姥	姥姥	lao3 lao5	(coll.) mother's mother; maternal grandmother	7-9
姥爷	姥爺	lao3 ye5	(coll.) mother's father; maternal grandfather	7-9
姨	姨	yi2	mother's sister; aunt	7-9
姿势	姿勢	zi1 shi4	posture; position	7-9
姿态	姿態	zi1 tai4	attitude; posture; stance	7-9
威信	威信	Wei1 xin4	see 威信縣|威信县[Wei1 xin4 Xian4]	7-9
威信	威信	wei1 xin4	prestige; reputation; trust; credit with the people	7-9
威力	威力	wei1 li4	might; formidable power	7-9
威慑	威懾	wei1 she4	to deter	7-9
威胁	威脅	wei1 xie2	to threaten; to menace	6
威风	威風	wei1 feng1	awe-inspiring bearing; authority; power; imposing; impressive; majestic	7-9
娃娃	娃娃	wa2 wa5	baby; small child; doll	6
娘	娘	niang2	mother; young lady; (coll.) effeminate	7-9
娱乐	娛樂	yu2 le4	to entertain; to amuse; entertainment; recreation; amusement; hobby; fun; joy	6
娶	娶	qu3	to take a wife; to marry (a woman)	7-9
婚姻	婚姻	hun1 yin1	marriage; matrimony; CL:樁|桩[zhuang1],次[ci4]	7-9
婚礼	婚禮	hun1 li3	wedding ceremony; wedding; CL:場|场[chang3]	4
婚纱	婚紗	hun1 sha1	wedding dress	7-9
妇女	婦女	fu4 nu:3	woman	6
媒体	媒體	mei2 ti3	media, esp. news media	3
媲美	媲美	pi4 mei3	to match; is comparable with	7-9
媳妇	媳婦	xi2 fu4	daughter-in-law; wife of a younger brother or relative of the younger generation	7-9
媳妇	媳婦	xi2 fu5	(dialect) wife; (dialect) young married woman	7-9
嫁	嫁	jia4	(of a woman) to marry; to marry off a daughter; to shift (blame etc)	7-9
嫁妆	嫁妝	jia4 zhuang5	dowry	7-9
嫂子	嫂子	sao3 zi5	(coll.) older brother's wife; sister-in-law	7-9
嫉妒	嫉妒	ji2 du4	to be jealous of; to envy	7-9
嫌	嫌	xian2	to dislike; suspicion; resentment; enmity; abbr. for 嫌犯[xian2 fan4], criminal suspect	6
嫌弃	嫌棄	xian2 qi4	to regard with disdain; to shun	7-9
嫌疑	嫌疑	xian2 yi2	suspicion; to have suspicions	7-9
嫦娥	嫦娥	Chang2 e2	Chang'e, the lady in the moon (Chinese mythology); one of the Chang'e series of PRC lunar spacecraft	7-9
嫩	嫩	nen4	young and tender; (of food) tender; lightly cooked; (of color) light; (of a person) inexperienced; unskilled	7-9
嫩	嫰	nen4	old variant of 嫩[nen4]	7-9
嬉笑	嬉笑	xi1 xiao4	to be laughing and playing; to giggle	7-9
娇惯	嬌慣	jiao1 guan4	to pamper; to coddle; to spoil	7-9
娇气	嬌氣	jiao1 qi4	delicate; squeamish; finicky	7-9
奶	嬭	nai3	mother; variant of 奶[nai3]	1
婴儿	嬰兒	ying1 er2	infant; baby; CL:個|个[ge4]; lead (Pb)	7-9
懒	嬾	lan3	variant of 懶|懒[lan3]	6
娘	孃	niang2	variant of 娘[niang2]	7-9
子女	子女	zi3 nu:3	children; sons and daughters	3
子孙	子孫	zi3 sun1	offspring; posterity	7-9
子弟	子弟	zi3 di4	child; the younger generation	7-9
子弹	子彈	zi3 dan4	bullet; CL:粒[li4],顆|颗[ke1],發|发[fa1]	5
孕妇	孕婦	yun4 fu4	pregnant woman	7-9
孕育	孕育	yun4 yu4	to be pregnant; to produce offspring; to nurture (a development, school of thought, artwork etc); fig. replete with (culture etc)	7-9
字	字	zi4	letter; symbol; character; word; CL:個|个[ge4]; courtesy or style name traditionally given to males aged 20 in dynastic China	1
字典	字典	zi4 dian3	Chinese character dictionary (containing entries for single characters, contrasted with a 詞典|词典[ci2 dian3], which has entries for words of one or more characters); (coll.) dictionary; CL:本[ben3]	2
字幕	字幕	zi4 mu4	subtitles; captions (of a movie etc)	7-9
字母	字母	zi4 mu3	letter (of the alphabet); CL:個|个[ge4]	4
字眼	字眼	zi4 yan3	wording	7-9
字迹	字跡	zi4 ji4	handwriting	7-9
字体	字體	zi4 ti3	calligraphic style; typeface; font	7-9
存	存	cun2	to exist; to deposit; to store; to keep; to survive	3
存在	存在	cun2 zai4	to exist; to be; existence	3
存心	存心	cun2 xin1	deliberately	7-9
存折	存摺	cun2 zhe2	passbook; bankbook	7-9
存放	存放	cun2 fang4	to deposit; to store; to leave in sb's care	7-9
存款	存款	cun2 kuan3	to deposit money (in a bank etc); bank savings; bank deposit	5
孝敬	孝敬	xiao4 jing4	to show filial respect; to give presents (to one's elders or superiors); to support one's aged parents	7-9
孝顺	孝順	xiao4 shun4	filial; dutiful; devoted to one's parents (and grandparents etc); to show filial piety towards (an older family member); filial piety	7-9
季	季	Ji4	surname Ji	4
季	季	ji4	season; the last month of a season; fourth or youngest amongst brothers; classifier for seasonal crop yields	4
季度	季度	ji4 du4	quarter of a year; season (sports)	4
季节	季節	ji4 jie2	time; season; period; CL:個|个[ge4]	4
孤儿	孤兒	gu1 er2	orphan	6
孤单	孤單	gu1 dan1	lone; lonely; loneliness	7-9
孤独	孤獨	gu1 du2	lonely; solitary	6
孤立	孤立	gu1 li4	to isolate; isolated; unrelated; irrelevant	7-9
孤陋寡闻	孤陋寡聞	gu1 lou4 gua3 wen2	ignorant and inexperienced; ill-informed and narrow-minded	7-9
孤零零	孤零零	gu1 ling2 ling2	lone; isolated and without help; all alone; solitary	7-9
孩子	孩子	hai2 zi5	child	1
孙女	孫女	sun1 nu:3	son's daughter; granddaughter	4
孙子	孫子	Sun1 zi3	Sun Tzu, also known as Sun Wu 孫武|孙武[Sun1 Wu3] (c. 500 BC, dates of birth and death uncertain), general, strategist and philosopher of the Spring and Autumn Period (700-475 BC), believed to be the author of the “Art of War” 孫子兵法|孙子兵法[Sun1 zi3 Bing1 fa3], one of the Seven Military Classics of ancient China 武經七書|武经七书[Wu3 jing1 Qi1 shu1]	4
孙子	孫子	sun1 zi5	grandson; son's son	4
孵化	孵化	fu1 hua4	breeding; to incubate; innovation (esp. in commerce and marketing)	7-9
学	學	xue2	to learn; to study; to imitate; science; -ology	1
学位	學位	xue2 wei4	academic degree; place in school	5
学分	學分	xue2 fen1	course credit	4
学员	學員	xue2 yuan2	student; member of an institution of learning; officer cadet	6
学问	學問	xue2 wen4	learning; knowledge; scholarship; a body of specialized knowledge (CL:門|门[men2]); (fig.) any activity that demands expertise, skill or experience (e.g. gathering forensic evidence, selecting clothing, managing relationships)	4
学堂	學堂	xue2 tang2	college; school (old)	7-9
学士	學士	xue2 shi4	bachelor's degree; person holding a university degree	7-9
学子	學子	xue2 zi3	(literary) student; scholar	7-9
学年	學年	xue2 nian2	academic year	4
学时	學時	xue2 shi2	class hour; period	4
学会	學會	xue2 hui4	to learn; to master; institute; learned society; (scholarly) association	6
学期	學期	xue2 qi1	term; semester; CL:個|个[ge4]	2
学校	學校	xue2 xiao4	school; CL:所[suo3]	1
学业	學業	xue2 ye4	studies; schoolwork	7-9
学历	學歷	xue2 li4	educational background; academic qualifications	7-9
学生	學生	xue2 sheng5	student; schoolchild	1
学科	學科	xue2 ke1	subject; branch of learning; course; academic discipline	5
学习	學習	xue2 xi2	to learn; to study	1
学者	學者	xue2 zhe3	scholar	5
学艺	學藝	xue2 yi4	to learn a skill or art	7-9
学术	學術	xue2 shu4	learning; science; academic; CL:個|个[ge4]	4
学说	學說	xue2 shuo1	theory; doctrine	7-9
学费	學費	xue2 fei4	tuition fee; tuition; CL:個|个[ge4]	3
学院	學院	xue2 yuan4	college; educational institute; school; faculty; CL:所[suo3]	1
孪生	孿生	luan2 sheng1	(adj.) twin	7-9
它	它	ta1	it	2
它们	它們	ta1 men5	they; them	2
宇宙	宇宙	yu3 zhou4	universe; cosmos; space	7-9
宇航员	宇航員	yu3 hang2 yuan2	astronaut	6
守	守	shou3	to guard; to defend; to keep watch; to abide by the law; to observe (rules or ritual); nearby; adjoining	4
守候	守候	shou3 hou4	to wait for; to expect; to keep watch; to watch over; to nurse	7-9
守株待兔	守株待兔	shou3 zhu1 dai4 tu4	lit. to guard a tree-stump, waiting for rabbits (idiom); to wait idly for opportunities; to trust to chance rather than show initiative	7-9
守护	守護	shou3 hu4	to guard; to protect	7-9
安	安	An1	surname An	4
安	安	an1	(bound form) calm; peaceful; to calm; to set at ease; safe; secure; in good health; content; satisfied (as in 安於|安于[an1 yu2]); to place (sb) in a suitable position (job); to install; to fix; to fit; to bring (a charge against sb); to harbor (certain intentions); ampere (abbr. for 安培[an1 pei2])	4
安全	安全	an1 quan2	safe; secure; safety; security	2
安定	安定	an1 ding4	stable; calm; settled; to stabilize; Valium; diazepam	7-9
安宁	安寧	An1 ning2	see 安寧區|安宁区[An1 ning2 Qu1]; see 安寧市|安宁市[An1 ning2 Shi4]	7-9
安宁	安寧	an1 ning2	peaceful; tranquil; calm; composed; free from worry	7-9
安心	安心	an1 xin1	at ease; to feel relieved; to set one's mind at rest; to keep one's mind on sth	7-9
安慰	安慰	an1 wei4	to comfort; to console	5
安排	安排	an1 pai2	to arrange; to plan; to set up; arrangements; plans	3
安抚	安撫	an1 fu3	to placate; to pacify; to appease	7-9
安检	安檢	an1 jian3	security check (abbr. for 安全檢查|安全检查[an1 quan2 jian3 cha2]); to do a security check	6
安眠药	安眠藥	an1 mian2 yao4	sleeping pill; CL:粒[li4]	7-9
安稳	安穩	an1 wen3	steady; stable; sedate; calm; (of sleep) sound; (of a transition) smooth	7-9
安置	安置	an1 zhi4	to find a place for; to help settle down; to arrange for; to get into bed; placement	4
安装	安裝	an1 zhuang1	to install; to erect; to fix; to mount; installation	3
安逸	安逸	an1 yi4	easy and comfortable; easy	7-9
安静	安靜	an1 jing4	quiet; peaceful; calm	2
完	完	wan2	to finish; to be over; whole; complete; entire	2
完了	完了	wan2 le5	to be finished; to be done for; ruined; gone to the dogs; oh no	5
完备	完備	wan2 bei4	faultless; complete; perfect; to leave nothing to be desired	7-9
完全	完全	wan2 quan2	complete; whole; totally; entirely	2
完善	完善	wan2 shan4	(of systems, facilities etc) comprehensive; well-developed; excellent; to refine; to improve	3
完好	完好	wan2 hao3	intact; in good condition	7-9
完成	完成	wan2 cheng2	to complete; to accomplish	2
完整	完整	wan2 zheng3	complete; intact	3
完毕	完畢	wan2 bi4	to finish; to end; to complete	7-9
完美	完美	wan2 mei3	perfect	3
完蛋	完蛋	wan2 dan4	(coll.) to be done for	7-9
宏伟	宏偉	Hong2 wei3	see 宏偉區|宏伟区[Hong2 wei3 Qu1]	7-9
宏伟	宏偉	hong2 wei3	grand; imposing; magnificent	7-9
宏大	宏大	hong2 da4	great; grand	6
宏观	宏觀	hong2 guan1	macro-; macroscopic; holistic	7-9
宗	宗	Zong1	surname Zong	7-9
宗	宗	zong1	school; sect; purpose; model; ancestor; clan; to take as one's model (in academic or artistic work); classifier for batches, items, cases (medical or legal), reservoirs	7-9
宗教	宗教	zong1 jiao4	religion	6
宗旨	宗旨	zong1 zhi3	objective; aim; goal	7-9
官	官	Guan1	surname Guan	4
官	官	guan1	government official; governmental; official; public; organ of the body; CL:個|个[ge4]	4
官僚	官僚	guan1 liao2	bureaucrat; bureaucracy; bureaucratic	7-9
官僚主义	官僚主義	guan1 liao2 zhu3 yi4	bureaucracy	7-9
官兵	官兵	guan1 bing1	(military) officers and soldiers; officers and men; (old) government troops	7-9
官司	官司	guan1 si5	lawsuit; CL:場|场[chang2]	6
官吏	官吏	guan1 li4	bureaucrat; official	7-9
官员	官員	guan1 yuan2	official (in an organization or government); administrator	7-9
官方	官方	guan1 fang1	government; official (approved or issued by an authority)	4
定	定	ding4	to fix; to set; to make definite; to subscribe to (a newspaper etc); to book (tickets etc); to order (goods etc); to congeal; to coagulate; (literary) definitely	4
定位	定位	ding4 wei4	to orientate; to position; to categorize (as); to characterize (as); positioning; position; niche	6
定做	定做	ding4 zuo4	to have something made to order	7-9
定价	定價	ding4 jia4	to set a price; to fix a price	6
定向	定向	ding4 xiang4	to orientate; directional; directed; orienteering	7-9
定居	定居	ding4 ju1	to settle (in some city, country etc); to take up residence	7-9
定心丸	定心丸	ding4 xin1 wan2	tranquilizer; sth that sets one's mind at ease	7-9
定时	定時	ding4 shi2	to fix a time; fixed time; timed (of explosive etc)	6
定期	定期	ding4 qi1	at set dates; at regular intervals; periodic; limited to a fixed period of time; fixed term	3
定义	定義	ding4 yi4	definition; to define	7-9
定论	定論	ding4 lun4	final conclusion; accepted argument	7-9
定金	定金	ding4 jin1	down payment; advance payment	7-9
客人	客人	ke4 ren2	visitor; guest; customer; client; CL:位[wei4]	2
客厅	客廳	ke4 ting1	living room; sitting room; CL:間|间[jian1]	5
客户	客戶	ke4 hu4	client; customer	5
客房	客房	ke4 fang2	guest room; room (in a hotel)	7-9
客机	客機	ke4 ji1	passenger plane	7-9
客气	客氣	ke4 qi5	polite; courteous; formal; modest	5
客流	客流	ke4 liu2	passenger flow; customer flow	7-9
客观	客觀	ke4 guan1	objective; impartial	3
客车	客車	ke4 che1	coach; bus; passenger train	6
客运	客運	ke4 yun4	passenger transportation; (Tw) intercity bus	7-9
宣布	宣佈	xuan1 bu4	variant of 宣布[xuan1 bu4]	3
宣传	宣傳	xuan1 chuan2	to disseminate; to give publicity to; propaganda; CL:個|个[ge4]	3
宣告	宣告	xuan1 gao4	to declare; to proclaim	7-9
宣布	宣布	xuan1 bu4	to declare; to announce; to proclaim	3
宣扬	宣揚	xuan1 yang2	to publicize; to advertise; to spread far and wide	7-9
宣泄	宣洩	xuan1 xie4	to drain (by leading off water); to unburden oneself; to divulge; to leak a secret	7-9
宣称	宣稱	xuan1 cheng1	to assert; to claim	7-9
宣言	宣言	xuan1 yan2	declaration; manifesto	7-9
宣誓	宣誓	xuan1 shi4	to swear an oath (of office); to make a vow	7-9
宣读	宣讀	xuan1 du2	to read out loud to an audience; a prepared speech (e.g. to a party conference)	7-9
室	室	Shi4	surname Shi	3
室	室	shi4	room; work unit; grave; scabbard; family or clan; one of the 28 constellations of Chinese astronomy	3
宫	宮	Gong1	surname Gong	6
宫	宮	gong1	palace; temple; castration (as corporal punishment); first note in pentatonic scale	6
宫廷	宮廷	gong1 ting2	court (of king or emperor)	7-9
宫殿	宮殿	gong1 dian4	palace; CL:座[zuo4]	7-9
宰	宰	zai3	to slaughter; to butcher; to kill (animals etc); (coll.) to fleece; to rip off; to overcharge; (bound form) to govern; to rule; (bound form) (a title for certain government officials in ancient China)	7-9
害	害	hai4	to do harm to; to cause trouble to; harm; evil; calamity	5
害怕	害怕	hai4 pa4	to be afraid; to be scared	3
害羞	害羞	hai4 xiu1	shy; embarrassed; bashful	7-9
害臊	害臊	hai4 sao4	to be bashful; to feel ashamed	7-9
害虫	害蟲	hai4 chong2	injurious insect; pest	7-9
宴会	宴會	yan4 hui4	banquet; feast; dinner party; CL:席[xi2],個|个[ge4]	6
家	家	jia1	home; family; (polite) my (sister, uncle etc); classifier for families or businesses; refers to the philosophical schools of pre-Han China; noun suffix for a specialist in some activity, such as a musician or revolutionary, corresponding to English -ist, -er, -ary or -ian; CL:個|个[ge4]	1
家人	家人	jia1 ren2	family member; (old) servant	1
家伙	家伙	jia1 huo5	household dish, implement or furniture; domestic animal; (coll.) guy; chap; weapon	7-9
家具	家具	jia1 ju4	furniture; CL:件[jian4],套[tao4]	3
家务	家務	jia1 wu4	household duties; housework	4
家喻户晓	家喻戶曉	jia1 yu4 hu4 xiao3	understood by everyone (idiom); well known; a household name	7-9
家园	家園	jia1 yuan2	home; homeland	6
家境	家境	jia1 jing4	family financial situation; family circumstances	7-9
家家户户	家家戶戶	jia1 jia1 hu4 hu4	each and every family (idiom); every household	7-9
家属	家屬	jia1 shu3	family member; (family) dependent	3
家庭	家庭	jia1 ting2	family; household; CL:戶|户[hu4]	2
家政	家政	jia1 zheng4	housekeeping	7-9
家教	家教	jia1 jiao4	family education; upbringing; to bring sb up; private tutor	7-9
家族	家族	jia1 zu2	family; clan	7-9
家用	家用	jia1 yong4	home-use; domestic; family expenses; housekeeping money	7-9
家禽	家禽	jia1 qin2	poultry; domestic fowl	7-9
家里	家裡	jia1 li3	home	1
家乡	家鄉	jia1 xiang1	hometown; native place; CL:個|个[ge4]	3
家长	家長	jia1 zhang3	head of a household; family head; patriarch; parent or guardian of a child	2
家电	家電	jia1 dian4	household electric appliance; abbr. for 家用電器|家用电器	6
容光焕发	容光煥發	rong2 guang1 huan4 fa1	face glowing (idiom); looking radiant; all smiles	7-9
容忍	容忍	rong2 ren3	to put up with; to tolerate	7-9
容易	容易	rong2 yi4	easy; straightforward; likely; liable to; apt to	3
容纳	容納	rong2 na4	to hold; to contain; to accommodate; to tolerate (different opinions)	7-9
容许	容許	rong2 xu3	to permit; to allow	7-9
容量	容量	rong2 liang4	capacity; volume; quantitative (science)	7-9
容颜	容顏	rong2 yan2	mien; complexion	7-9
宿舍	宿舍	su4 she4	dormitory; dorm room; living quarters; hostel; CL:間|间[jian1]	5
寂寞	寂寞	ji4 mo4	lonely; lonesome; (of a place) quiet; silent	7-9
寂静	寂靜	ji4 jing4	quiet	7-9
冤	寃	yuan1	old variant of 冤[yuan1]	7-9
寄	寄	ji4	to entrust; to place in sb's care; (bound form) to depend on; to attach oneself to; to reside temporarily; (bound form) foster (as in 寄女[ji4 nu : 3] foster daughter); to send by post; to mail	4
寄托	寄託	ji4 tuo1	to entrust (to sb); to place (one's hope, energy etc) in; a thing in which one invests (one's hope, energy etc)	7-9
密	密	Mi4	surname Mi; name of an ancient state	4
密	密	mi4	dense; close; thick; intimate; close; (bound form) secret; confidential; (Internet slang) to send a private message to (sb); to DM	4
密不可分	密不可分	mi4 bu4 ke3 fen1	inextricably linked (idiom); inseparable	7-9
密切	密切	mi4 qie4	close; familiar; intimate; closely (related); to foster close ties; to pay close attention	4
密封	密封	mi4 feng1	to seal up	7-9
密度	密度	mi4 du4	density; concentration	7-9
密码	密碼	mi4 ma3	cipher; secret code; password; PIN	4
密集	密集	mi4 ji2	concentrated; crowded together; intensive; compressed	7-9
富	富	Fu4	surname Fu	3
富	富	fu4	rich; abundant; wealthy	3
富人	富人	fu4 ren2	rich person; the rich	6
富含	富含	fu4 han2	to contain in great quantities; rich in	7-9
富强	富強	fu4 qiang2	rich and powerful	7-9
富有	富有	fu4 you3	rich; wealthy; affluent; to be rich in; to be replete with	6
富翁	富翁	fu4 weng1	rich person; millionaire; billionaire	7-9
富裕	富裕	Fu4 yu4	see 富裕縣|富裕县[Fu4 yu4 Xian4]	7-9
富裕	富裕	fu4 yu4	prosperous; well-to-do; well-off	7-9
富豪	富豪	fu4 hao2	rich and powerful person	7-9
富足	富足	fu4 zu2	rich; plentiful	7-9
寒假	寒假	han2 jia4	winter vacation	4
寒冷	寒冷	han2 leng3	cold (climate); frigid; very cold	4
寓意	寓意	yu4 yi4	moral (of a story); lesson to be learned; implication; message; import; metaphorical meaning	7-9
寓言	寓言	yu4 yan2	fable; allegory; parable; CL:則|则[ze2]	7-9
察看	察看	cha2 kan4	to watch; to look carefully at	7-9
察觉	察覺	cha2 jue2	to sense; to perceive; to become aware of; to detect	7-9
寡妇	寡婦	gua3 fu5	widow	7-9
寝室	寢室	qin3 shi4	bedroom; dormitory; CL:間|间[jian1]	7-9
寥寥无几	寥寥無幾	liao2 liao2 wu2 ji3	(idiom) very few	7-9
实事求是	實事求是	shi2 shi4 qiu2 shi4	lit. to seek truth from facts (idiom); fig. to be practical and realistic	7-9
实力	實力	shi2 li4	strength	3
实在	實在	shi2 zai4	really; actually; indeed; true; real; honest; dependable; (philosophy) reality	2
实地	實地	shi2 di4	on-site	7-9
实惠	實惠	shi2 hui4	tangible benefit; material advantages; cheap; economical; advantageous (deal); substantial (discount)	5
实施	實施	shi2 shi1	to implement; to carry out	4
实况	實況	shi2 kuang4	live (e.g. broadcast or recording); what is actually happening; scene; the real situation	7-9
实物	實物	shi2 wu4	material object; concrete object; original object; in kind; object for practical use; definite thing; reality; matter (physics)	7-9
实现	實現	shi2 xian4	to achieve; to implement; to realize; to bring about	2
实用	實用	shi2 yong4	to apply in practice; practical; functional; pragmatic; applied (science)	4
实习	實習	shi2 xi2	to practice; field work; to intern; internship	2
实行	實行	shi2 xing2	to implement; to carry out; to put into practice	3
实话	實話	shi2 hua4	truth	7-9
实话实说	實話實說	shi2 hua4 shi2 shuo1	to tell the truth; to tell it as it is	7-9
实质	實質	shi2 zhi4	substance; essence	7-9
实践	實踐	shi2 jian4	practice; to put into practice; to live up to (a promise); to carry out (a project)	6
实际	實際	shi2 ji4	reality; practice; practical; realistic; real; actual	2
实际上	實際上	shi2 ji4 shang4	in fact; in reality; as a matter of fact; in practice	3
实验	實驗	shi2 yan4	experiment; test; CL:個|个[ge4],次[ci4]; experimental; to experiment	3
实验室	實驗室	shi2 yan4 shi4	laboratory; CL:間|间[jian1]	3
实体	實體	shi2 ti3	entity; substance; thing that has a material existence (as opposed to a conceptual, virtual or online existence); the real thing (as opposed to an image or model of it)	7-9
宁可	寧可	ning4 ke3	preferably; one would prefer to...(or not to...); would rather; (would) be better to; (to pick) the lesser of two evils	7-9
宁静	寧靜	ning2 jing4	tranquil; tranquility; serenity	4
宁愿	寧願	ning4 yuan4	would rather ... (than ...)	7-9
审	審	shen3	to examine; to investigate; carefully; to try (in court)	7-9
审判	審判	shen3 pan4	a trial; to try sb	7-9
审定	審定	shen3 ding4	to examine sth and make a decision; to screen; to evaluate; to approve	7-9
审批	審批	shen3 pi1	to examine and approve; to endorse	7-9
审查	審查	shen3 cha2	to examine; to investigate; to censor out; censorship	6
审核	審核	shen3 he2	to audit; to investigate thoroughly	7-9
审美	審美	shen3 mei3	esthetics; appreciating the arts; taste	7-9
审视	審視	shen3 shi4	to look closely at; to examine	7-9
写	寫	xie3	to write	1
写	寫	xie4	used in 寫意|写意[xie4 yi4]	1
写作	寫作	xie3 zuo4	to write; to compose; writing; written works	3
写字楼	寫字樓	xie3 zi4 lou2	office building	6
写字台	寫字檯	xie3 zi4 tai2	writing desk	6
写照	寫照	xie3 zhao4	portrayal	7-9
宽	寬	Kuan1	surname Kuan	4
宽	寬	kuan1	wide; broad; loose; relaxed; lenient	4
宽厚	寬厚	kuan1 hou4	tolerant; generous; magnanimous; thick and broad (build); thick and deep (voice)	7-9
宽容	寬容	kuan1 rong2	lenient; tolerant; indulgent; charitable; to forgive	7-9
宽度	寬度	kuan1 du4	width	5
宽广	寬廣	kuan1 guang3	wide; broad; extensive; vast	4
宽恕	寬恕	kuan1 shu4	to forgive; forgiveness	7-9
宽敞	寬敞	kuan1 chang5	spacious; wide	7-9
宽泛	寬泛	kuan1 fan4	wide-ranging	7-9
宽阔	寬闊	kuan1 kuo4	expansive; wide; width; thickness	6
宽松	寬鬆	kuan1 song1	spacious; roomy; uncrowded; (of clothes) loose and comfortable; relaxed; free of worry; well-off; affluent	7-9
宝	寳	bao3	variant of 寶|宝[bao3]	4
宠	寵	chong3	to love; to pamper; to spoil; to favor	7-9
宠爱	寵愛	chong3 ai4	to dote on sb	7-9
宠物	寵物	chong3 wu4	house pet	6
宝	寶	bao3	jewel; gem; treasure; precious	4
宝宝	寶寶	bao3 bao5	darling; baby	4
宝库	寶庫	bao3 ku4	treasure-house; treasury; treasure-trove (often fig., book of treasured wisdom)	7-9
宝石	寶石	bao3 shi2	precious stone; gem; CL:枚[mei2],顆|颗[ke1]	4
宝藏	寶藏	bao3 zang4	precious mineral deposits; hidden treasure; (fig.) treasure; (Buddhism) the treasure of Buddha's law	7-9
宝贝	寶貝	bao3 bei4	treasured object; treasure; darling; baby; cowry; good-for-nothing or queer character	4
宝贵	寶貴	bao3 gui4	valuable; precious; to value; to treasure; to set store by	4
寸	寸	cun4	a unit of length; inch; thumb	5
寺	寺	si4	Buddhist temple; mosque; government office (old)	6
寺庙	寺廟	si4 miao4	temple; monastery; shrine	7-9
封建	封建	feng1 jian4	system of enfeoffment; feudalism; feudal; feudalistic	7-9
封锁	封鎖	feng1 suo3	to blockade; to seal off; to lock down	7-9
封闭	封閉	feng1 bi4	to close; to seal off; to close down (an illegal venue); closed (i.e. isolated from outside input)	4
封面	封面	feng1 mian4	cover (of a publication)	7-9
封顶	封頂	feng1 ding3	to put a roof (on a building); to cap the roof (finishing a building project); fig. to put a ceiling (on spending, prize, ambition etc); to top off; fig. to reach the highest point (of growth, profit, interest rates); to stop growing (of plant bud or branch)	7-9
射	射	she4	to shoot; to launch; to allude to; radio- (chemistry)	5
射击	射擊	she4 ji1	to shoot; to fire (a gun)	5
克	尅	ke4	variant of 剋|克[ke4]	2
将	將	jiang1	will; shall; to use; to take; to checkmate; just a short while ago; (introduces object of main verb, used in the same way as 把[ba3])	5
将	將	jiang4	(bound form) a general; (literary) to command; to lead; (Chinese chess) general (on the black side, equivalent to a king in Western chess)	5
将	將	qiang1	to desire; to invite; to request	5
将来	將來	jiang1 lai2	in the future; future; the future; CL:個|个[ge4]	3
将要	將要	jiang1 yao4	will; shall; to be going to	5
将军	將軍	Jiang1 jun1	(common place name)	6
将军	將軍	jiang1 jun1	general; high-ranking military officer; to check or checkmate; fig. to embarrass; to challenge; to put sb on the spot	6
将近	將近	jiang1 jin4	almost; nearly; close to	3
专人	專人	zhuan1 ren2	specialist; person appointed for specific task	7-9
专利	專利	zhuan1 li4	patent; sth uniquely enjoyed (or possessed etc) by a certain group of people; monopoly	5
专制	專制	zhuan1 zhi4	autocracy; dictatorship	7-9
专家	專家	zhuan1 jia1	expert; specialist	3
专心	專心	zhuan1 xin1	to focus one's attention; to concentrate on (doing sth)	4
专业	專業	zhuan1 ye4	specialty; specialized field; main field of study (at university); major; CL:門|门[men2],個|个[ge4]; professional	3
专柜	專櫃	zhuan1 gui4	sales counter dedicated to a certain kind of product (e.g. alcohol)	7-9
专栏	專欄	zhuan1 lan2	special column	7-9
专注	專注	zhuan1 zhu4	to focus; to concentrate; to give one's full attention	7-9
专用	專用	zhuan1 yong4	special; dedicated	6
专程	專程	zhuan1 cheng2	specifically; specially (for that purpose)	7-9
专职	專職	zhuan1 zhi2	special duty; assigned full time to a task	7-9
专著	專著	zhuan1 zhu4	monograph; specialized text	7-9
专卖店	專賣店	zhuan1 mai4 dian4	specialty store	7-9
专辑	專輯	zhuan1 ji2	album; record (music); special collection of printed or broadcast material	5
专长	專長	zhuan1 chang2	specialty; special knowledge or ability	7-9
专门	專門	zhuan1 men2	specialized; dedicated (to a particular field or purpose); specially; specifically (for a particular purpose); (of institutions, personnel etc) designated or assigned for a specific task; special	3
专题	專題	zhuan1 ti2	specific topic (addressed by a book, lecture, TV program etc); article, report or program etc on a specific topic	3
尊严	尊嚴	zun1 yan2	dignity; sanctity; honor; majesty	7-9
尊敬	尊敬	zun1 jing4	to respect; to revere; to esteem; honorable; distinguished (used on formal occasions before a term of address)	5
尊贵	尊貴	zun1 gui4	respected; respectable; honorable	7-9
尊重	尊重	zun1 zhong4	to esteem; to respect; to honor; to value; eminent; serious; proper	5
寻	尋	xun2	to search; to look for; to seek	7-9
寻常	尋常	xun2 chang2	usual; common; ordinary	7-9
寻找	尋找	xun2 zhao3	to seek; to look for	4
寻求	尋求	xun2 qiu2	to seek; to look for	5
寻觅	尋覓	xun2 mi4	to look for	7-9
对不起	對不起	dui4 bu5 qi3	I'm sorry; excuse me; I beg your pardon; to let (sb) down; to disappoint	1
对付	對付	dui4 fu5	to handle; to deal with; to tackle; to get by with; to make do; (dialect) (usu. used in the negative) to get along with (sb)	4
对外	對外	dui4 wai4	external; foreign; pertaining to external or foreign (affairs)	6
对峙	對峙	dui4 zhi4	(of mountains etc) to stand facing each other; (fig.) to confront each other	7-9
对弈	對弈	dui4 yi4	to play go, chess etc	7-9
对待	對待	dui4 dai4	to treat; treatment	3
对得起	對得起	dui4 de5 qi3	not to let sb down; to treat sb fairly; be worthy of	7-9
对应	對應	dui4 ying4	to correspond (to); to be equivalent to; to be a counterpart to	5
对手	對手	dui4 shou3	opponent; rival; competitor; (well-matched) adversary; match	3
对抗	對抗	dui4 kang4	to withstand; to resist; to stand off; antagonism; confrontation	6
对方	對方	dui4 fang1	the other person; the other side; the other party	3
对于	對於	dui4 yu2	regarding; as far as (sth) is concerned; with regard to	4
对比	對比	dui4 bi3	to contrast; contrast; ratio; CL:個|个[ge4]	4
对准	對準	dui4 zhun3	to aim at; to target; to point at; to be directed at; registration; alignment (mechanical engineering)	7-9
对照	對照	dui4 zhao4	to contrast; to compare; to place side by side for comparison (as parallel texts); to check	7-9
对白	對白	dui4 bai2	dialogue (in a movie or a play)	7-9
对称	對稱	dui4 chen4	symmetry; symmetrical	7-9
对立	對立	dui4 li4	to oppose; to set sth against; to be antagonistic to; antithetical; relative opposite; opposing; diametrical	5
对策	對策	dui4 ce4	countermeasure for dealing with a situation	7-9
对联	對聯	dui4 lian2	rhyming couplet; pair of lines of verse written vertically down the sides of a doorway; CL:副[fu4],幅[fu2]	7-9
对话	對話	dui4 hua4	to talk (with sb); dialogue; conversation	2
对象	對象	dui4 xiang4	target; object; partner; boyfriend; girlfriend; CL:個|个[ge4]	3
对面	對面	dui4 mian4	(sitting) opposite; across (the street); directly in front; to be face to face	2
导向	導向	dao3 xiang4	to be oriented towards; orientation	7-9
导师	導師	dao3 shi1	tutor; teacher; academic advisor	7-9
导弹	導彈	dao3 dan4	(guided) missile; CL:枚[mei2]	7-9
导演	導演	dao3 yan3	to direct; director (film etc)	3
导火索	導火索	dao3 huo3 suo3	fuse (for explosive)	7-9
导致	導致	dao3 zhi4	to lead to; to create; to cause; to bring about	4
导航	導航	dao3 hang2	(lit. and fig.) to navigate	7-9
导游	導遊	dao3 you2	tour guide; guidebook; to conduct a tour	4
小	小	xiao3	small; tiny; few; young	1
小丑	小丑	xiao3 chou3	clown	7-9
小人	小人	xiao3 ren2	person of low social status (old); I, me (used to refer humbly to oneself); nasty person; vile character	7-9
小伙子	小伙子	xiao3 huo3 zi5	young man; young guy; lad; youngster; CL:個|个[ge4]	4
小偷儿	小偷兒	xiao3 tou1 r5	erhua form of 小偷[xiao3 tou1]	5
小区	小區	xiao3 qu1	housing estate; community; neighborhood; (telecommunications) cell	7-9
小卒	小卒	xiao3 zu2	foot soldier; minor figure; a nobody; (chess) pawn	7-9
小吃	小吃	xiao3 chi1	street food; snack	4
小品	小品	xiao3 pin3	short, simple literary or artistic creation; essay; skit	7-9
小型	小型	xiao3 xing2	small scale; small size	4
小姐	小姐	xiao3 jie5	young lady; miss; (slang) prostitute; CL:個|个[ge4],位[wei4]	1
小孩儿	小孩兒	xiao3 hai2 r5	erhua variant of 小孩[xiao3 hai2]	1
小学	小學	xiao3 xue2	elementary school; primary school	1
小学生	小學生	xiao3 xue2 sheng1	primary school student; schoolchild; CL:個|个[ge4],名[ming2]; (fig.) beginner	1
小康	小康	Xiao3 kang1	Xiaokang, a Confucian near-ideal state of society, second only to Datong 大同[Da4 tong2]	7-9
小康	小康	xiao3 kang1	moderately affluent; well-off; a period of peace and prosperity	7-9
小心	小心	xiao3 xin1	to be careful; to take care	2
小心翼翼	小心翼翼	xiao3 xin1 yi4 yi4	(idiom) cautious; careful; prudent	7-9
小提琴	小提琴	xiao3 ti2 qin2	fiddle; violin	7-9
小于	小於	xiao3 yu2	less than, <	6
小时	小時	xiao3 shi2	hour; CL:個|个[ge4]	1
小时候	小時候	xiao3 shi2 hou5	in one's childhood	2
小曲	小曲	xiao3 qu3	popular song; folk tune; ballad	7-9
小朋友	小朋友	xiao3 peng2 you3	child; kid (used to refer to a child, or by an adult to address a child, or, in Taiwan, to refer to sb's own child)	1
小气	小氣	xiao3 qi4	stingy; miserly; narrow-minded; petty	7-9
小溪	小溪	xiao3 xi1	brook; streamlet	7-9
小看	小看	xiao3 kan4	to look down on; to underestimate	7-9
小组	小組	xiao3 zu3	group	2
小声	小聲	xiao3 sheng1	in a low voice; (speak) in whispers	2
小说	小說	xiao3 shuo1	novel; fiction; CL:本[ben3],部[bu4]	2
小贩	小販	xiao3 fan4	peddler; hawker	7-9
小费	小費	xiao3 fei4	tip; gratuity	6
小路	小路	xiao3 lu4	minor road; lane; pathway; trail	7-9
小麦	小麥	xiao3 mai4	wheat; CL:粒[li4]	6
少	少	shao3	few; less; to lack; to be missing; to stop (doing sth); seldom	1
少	少	shao4	young	1
少不了	少不了	shao3 bu5 liao3	cannot do without; to be unavoidable; are bound to be many	7-9
少儿	少兒	shao4 er2	child	6
少女	少女	shao4 nu:3	girl; young lady	7-9
少年	少年	shao4 nian2	early youth; youngster; (literary) youth; young man	2
少数	少數	shao3 shu4	small number; few; minority	2
少有	少有	shao3 you3	rare; infrequent	7-9
少林寺	少林寺	Shao4 lin2 Si4	Shaolin Temple, Buddhist monastery famous for its kung fu monks	7-9
少见	少見	shao3 jian4	rare; seldom seen; (formal) it's a rare pleasure to see you	7-9
少量	少量	shao3 liang4	a smidgen; a little bit; a few	7-9
尖	尖	jian1	pointed; tapering; sharp; (of a sound) shrill; piercing; (of one's hearing, sight etc) sharp; acute; keen; to make (one's voice) shrill; sharp point; tip; the best of sth; the cream of the crop	6
尖端	尖端	jian1 duan1	sharp pointed end; the tip; the cusp; tip-top; most advanced and sophisticated; highest peak; the best	7-9
尖锐	尖銳	jian1 rui4	sharp; intense; penetrating; pointed; acute (illness)	7-9
尚	尚	Shang4	surname Shang	7-9
尚	尚	shang4	still; yet; to value; to esteem	7-9
尚未	尚未	shang4 wei4	not yet; still not	7-9
鲜	尟	xian3	variant of 鮮|鲜[xian3]	4
鲜	尠	xian3	variant of 尟|鲜[xian3]	4
尤其	尤其	you2 qi2	especially; particularly	5
尤为	尤為	you2 wei2	especially	7-9
就	就	jiu4	(after a suppositional clause) in that case; then; (after a clause of action) as soon as; immediately after; (same as 就是[jiu4 shi4]) merely; nothing else but; simply; just; precisely; exactly; only; as little as; as much as; as many as; to approach; to move towards; to undertake; to engage in; (often followed by 著|着[zhe5]) taking advantage of; (of food) to go with; with regard to; concerning; (bound form) to reach; to attain (as in 一蹴而就[yi1 cu4 er2 jiu4]); (pattern: 就[jiu4] ... 也[ye3] ...) even if ... still ...; (pattern: 不[bu4] ... 就[jiu4] ...) if not ... then must be ...	1
就任	就任	jiu4 ren4	to take office; to assume a post	7-9
就地	就地	jiu4 di4	locally; on the spot	7-9
就座	就座	jiu4 zuo4	to take a seat	7-9
就是	就是	jiu4 shi4	exactly; precisely; only; simply; just; (used correlatively with 也[ye3]) even; even if	3
就是说	就是說	jiu4 shi4 shuo1	in other words; that is	6
就业	就業	jiu4 ye4	to get a job; employment	3
就算	就算	jiu4 suan4	(coll.) even if	6
就职	就職	jiu4 zhi2	to take office; to assume a post	7-9
就要	就要	jiu4 yao4	will; shall; to be going to	2
就诊	就診	jiu4 zhen3	to see a doctor; to seek medical advice	7-9
就读	就讀	jiu4 du2	to go to school	7-9
就近	就近	jiu4 jin4	nearby; in a close neighborhood	7-9
就医	就醫	jiu4 yi1	to receive medical treatment	7-9
就餐	就餐	jiu4 can1	to dine; to have one's meal	7-9
尴尬	尷尬	gan1 ga4	awkward; embarrassed	7-9
尺	尺	che3	one of the characters used to represent a musical note in gongche notation, 工尺譜|工尺谱[gong1 che3 pu3]	4
尺	尺	chi3	a Chinese foot; one-third of a meter; a ruler; a tape-measure; one of the three acupoints for measuring pulse in Chinese medicine; CL:支[zhi1],把[ba3]	4
尺子	尺子	chi3 zi5	ruler (measuring instrument); CL:把[ba3]	4
尺寸	尺寸	chi3 cun5	size; dimensions; measurements (esp. of clothes); (coll.) propriety	4
尺度	尺度	chi3 du4	scale; yardstick	7-9
尼龙	尼龍	ni2 long2	(loanword) nylon	7-9
尾巴	尾巴	wei3 ba5	tail; colloquial pr. [yi3 ba5]	4
尾气	尾氣	wei3 qi4	exhaust; emissions	7-9
尾声	尾聲	wei3 sheng1	coda; epilogue; end	7-9
尿	尿	niao4	to urinate; urine; CL:泡[pao1]	7-9
尿	尿	sui1	(coll.) urine	7-9
局势	局勢	ju2 shi4	situation; state (of affairs)	7-9
局部	局部	ju2 bu4	part; local	7-9
局长	局長	ju2 zhang3	bureau chief; CL:位[wei4],個|个[ge4]	5
局限	局限	ju2 xian4	to limit; to confine; to restrict sth within set boundaries	7-9
局面	局面	ju2 mian4	aspect; phase; situation	5
居住	居住	ju1 zhu4	to reside; to dwell; to live in a place; resident in	4
居民	居民	ju1 min2	resident; inhabitant	4
居民楼	居民樓	ju1 min2 lou2	apartment building; residential tower	7-9
居然	居然	ju1 ran2	unexpectedly; to one's surprise; go so far as to	5
居高临下	居高臨下	ju1 gao1 lin2 xia4	lit. to be in a high location, overlooking the scene below (idiom); fig. to occupy a commanding position; to assume a haughty attitude	7-9
届	屆	jie4	to arrive at (place or time); period; to become due; classifier for events, meetings, elections, sporting fixtures, years (of graduation)	5
届时	屆時	jie4 shi2	when the time comes; at the scheduled time	7-9
屈服	屈服	qu1 fu2	to surrender; to succumb; to yield; (as a transitive verb) to defeat; to prevail over	7-9
屋	屋	wu1	(bound form) house; (bound form) room	5
屋子	屋子	wu1 zi5	house; room; CL:間|间[jian1]	3
屋顶	屋頂	wu1 ding3	roof	7-9
尸体	屍體	shi1 ti3	corpse; dead body	7-9
屏幕	屏幕	ping2 mu4	screen (TV, computer or movie)	6
展出	展出	zhan3 chu1	to put on display; to be on show; to exhibit	7-9
展望	展望	zhan3 wang4	outlook; prospect; to look ahead; to look forward to	7-9
展现	展現	zhan3 xian4	to unfold before one's eyes; to emerge; to reveal; to display	5
展示	展示	zhan3 shi4	to reveal; to display; to show; to exhibit	5
展览	展覽	zhan3 lan3	to put on display; to exhibit; exhibition; show; CL:個|个[ge4],次[ci4]	5
展览会	展覽會	zhan3 lan3 hui4	exhibition; show	7-9
展开	展開	zhan3 kai1	to unfold; to spread out; to open up; to launch; to carry out	3
屠杀	屠殺	tu2 sha1	to massacre; to slaughter	7-9
屡	屢	lu:3	time and again; repeatedly; frequently	7-9
屡次	屢次	lu:3 ci4	repeatedly; time and again	7-9
层	層	ceng2	to pile on top of one another; layer; stratum; floor (of a building); story; (math.) sheaf; classifier for layers	2
层出不穷	層出不窮	ceng2 chu1 bu4 qiong2	more and more emerge; innumerable succession; breeding like flies (idiom)	7-9
层次	層次	ceng2 ci4	layer; level; gradation; arrangement of ideas; (a person's) standing	5
层面	層面	ceng2 mian4	aspect; facet; level (political, psychological, spiritual etc); (geology) bedding plane	6
履行	履行	lu:3 xing2	to fulfill (one's obligations); to carry out (a task); to implement (an agreement); to perform	7-9
属	屬	shu3	category; genus (taxonomy); family members; dependents; to belong to; subordinate to; affiliated with; be born in the year of (one of the 12 animals); to be; to prove to be; to constitute	3
属	屬	zhu3	to join together; to fix one's attention on; to concentrate on	3
属性	屬性	shu3 xing4	attribute; property	7-9
属于	屬於	shu3 yu2	to belong to; to fall under (a category)	3
屯	屯	tun2	to station (soldiers); to store up; village	7-9
屯	屯	zhun1	used in 屯邅[zhun1 zhan1]	7-9
山	山	Shan1	surname Shan	1
山	山	shan1	mountain; hill (CL:座[zuo4]); (coll.) small bundle of straw for silkworms to spin cocoons on	1
山区	山區	shan1 qu1	mountain area; CL:個|个[ge4]	5
山坡	山坡	shan1 po1	hillside	6
山寨	山寨	shan1 zhai4	fortified hill village; mountain stronghold (esp. of bandits); (fig.) knockoff (goods); counterfeit; imitation	7-9
山冈	山岡	shan1 gang1	mound; small hill	7-9
山峰	山峰	shan1 feng1	(mountain) peak	6
山岭	山嶺	shan1 ling3	mountain ridge	7-9
山川	山川	shan1 chuan1	mountains and rivers; landscape	7-9
山谷	山谷	shan1 gu3	valley; ravine	6
山路	山路	shan1 lu4	mountain road	7-9
山顶	山頂	shan1 ding3	hilltop	7-9
屹立	屹立	yi4 li4	to tower; to stand straight (of person's bearing)	7-9
岩石	岩石	yan2 shi2	(geology) rock	7-9
岳母	岳母	yue4 mu3	wife's mother, mother-in-law	7-9
岳父	岳父	yue4 fu4	wife's father, father-in-law	7-9
岸	岸	an4	bank; shore; beach; coast	5
岸上	岸上	an4 shang4	ashore; on the riverbank	5
峰回路转	峰回路轉	feng1 hui2 lu4 zhuan3	the mountain road twists around each new peak (idiom); (of a mountain road) twisting and turning; fig. an opportunity has come unexpectedly; things have taken a new turn	7-9
峰会	峰會	feng1 hui4	summit meeting	6
岛	島	dao3	island; CL:個|个[ge4],座[zuo4]	6
岛屿	島嶼	dao3 yu3	island	7-9
峡谷	峽谷	xia2 gu3	canyon; gill; ravine	7-9
崇尚	崇尚	chong2 shang4	to hold up (as an model); to hold in esteem; to revere; to advocate	7-9
崇拜	崇拜	chong2 bai4	to worship; adoration	6
崇高	崇高	chong2 gao1	majestic; sublime	7-9
岗位	崗位	gang3 wei4	a post; a job	6
崛起	崛起	jue2 qi3	to rise abruptly (to a towering position); to tower over; to spring up; to emerge suddenly; the emergence (e.g. of a power)	7-9
崩溃	崩潰	beng1 kui4	to collapse; to crumble; to fall apart	7-9
岁	嵗	sui4	variant of 歲|岁[sui4], year; years old	1
崭新	嶄新	zhan3 xin1	brand new	7-9
巅峰	巔峰	dian1 feng1	summit; apex; pinnacle (of one's career etc); peak (of a civilization etc)	7-9
川流不息	川流不息	chuan1 liu2 bu4 xi1	the stream flows without stopping (idiom); unending flow	7-9
巡逻	巡邏	xun2 luo2	to patrol	7-9
工人	工人	gong1 ren2	worker; CL:個|个[ge4],名[ming2]	1
工作	工作	gong1 zuo4	to work; (of a machine) to operate; job; work; task; CL:個|个[ge4],份[fen4],項|项[xiang4]	1
工作日	工作日	gong1 zuo4 ri4	workday; working day; weekday	5
工作量	工作量	gong1 zuo4 liang4	workload; volume of work	7-9
工具	工具	gong1 ju4	tool; instrument; utensil; means (to achieve a goal etc)	3
工商	工商	gong1 shang1	industry and commerce	6
工商界	工商界	gong1 shang1 jie4	industry; the world of business	7-9
工地	工地	gong1 di4	construction site	7-9
工夫	工夫	gong1 fu1	(old) laborer	3
工夫	工夫	gong1 fu5	period of time (may be months, or mere seconds); spare time; skill; labor; effort	3
工序	工序	gong1 xu4	working procedure; process	7-9
工厂	工廠	gong1 chang3	factory; CL:家[jia1],座[zuo4]	3
工整	工整	gong1 zheng3	fine work; carefully and neatly done	7-9
工会	工會	gong1 hui4	labor union; trade union	7-9
工业	工業	gong1 ye4	industry	3
工科	工科	gong1 ke1	engineering as an academic subject	7-9
工程	工程	gong1 cheng2	engineering; an engineering project; project; undertaking; CL:個|个[ge4],項|项[xiang4]	4
工程师	工程師	gong1 cheng2 shi1	engineer	3
工艺	工藝	gong1 yi4	arts and crafts; industrial arts	5
工资	工資	gong1 zi1	wages; pay; CL:份[fen4]	3
左	左	Zuo3	surname Zuo	1
左	左	zuo3	left; the Left (politics); east; unorthodox; queer; wrong; differing; opposite; variant of 佐[zuo3]	1
左右	左右	zuo3 you4	left and right; nearby; approximately; attendant; to control; to influence	3
左边	左邊	zuo3 bian5	left; the left side; to the left of	1
左顾右盼	左顧右盼	zuo3 gu4 you4 pan4	glancing to left and right (idiom); to look all around	7-9
巧	巧	qiao3	opportunely; coincidentally; as it happens; skillful; timely	3
巧克力	巧克力	qiao3 ke4 li4	(loanword) chocolate; CL:塊|块[kuai4]	4
巧合	巧合	qiao3 he2	coincidence; coincidental; to coincide	7-9
巧妙	巧妙	qiao3 miao4	ingenious; clever; ingenuity; artifice	6
巨人	巨人	ju4 ren2	giant	7-9
巨型	巨型	ju4 xing2	giant; enormous	7-9
巨大	巨大	ju4 da4	huge; immense; enormous; gigantic	4
巨星	巨星	ju4 xing1	(astronomy) giant star; (fig.) superstar (of opera, basketball etc)	7-9
巨头	巨頭	ju4 tou2	tycoon; magnate; big player (including company, country, school etc); big shot	7-9
巨额	巨額	ju4 e2	a huge sum; an enormous amount (of money)	7-9
巫婆	巫婆	wu1 po2	witch; sorceress; female shaman	7-9
差	差	cha1	difference; discrepancy; (math.) difference (amount remaining after a subtraction); (literary) a little; somewhat; slightly	1
差	差	cha4	different; wrong; mistaken; to fall short; to lack; not up to standard; inferior; Taiwan pr. [cha1]	1
差	差	chai1	to send (on an errand); (archaic) person sent on such an errand; job; official post	1
差	差	ci1	used in 參差|参差[cen1 ci1]	1
差不多	差不多	cha4 bu5 duo1	almost; nearly; more or less; about the same; good enough; not bad	2
差别	差別	cha1 bie2	difference; distinction; disparity	5
差异	差異	cha1 yi4	difference; discrepancy	6
差距	差距	cha1 ju4	disparity; gap	5
差错	差錯	cha1 cuo4	mistake; slip-up; fault; error; accident; mishap	7-9
差额	差額	cha1 e2	balance (financial); discrepancy (in a sum or quota); difference	7-9
已	已	yi3	already; to stop; then; afterwards	3
已经	已經	yi3 jing1	already	2
巴不得	巴不得	ba1 bu5 de5	(coll.) to be eager for; to long for; to look forward to	7-9
巴士	巴士	ba1 shi4	bus (loanword); motor coach	4
市	市	shi4	market; city; municipality (administrative unit); (literary) to trade; to buy and sell goods	2
市区	市區	shi4 qu1	urban district; downtown; city center	4
市场	市場	shi4 chang3	marketplace; market; bazaar; (economics) market	3
市场经济	市場經濟	shi4 chang3 jing1 ji4	market economy	7-9
市民	市民	shi4 min2	city resident; townspeople	6
市长	市長	shi4 zhang3	mayor	2
布	布	bu4	cloth; to declare; to announce; to spread; to make known	3
布满	布滿	bu4 man3	to be covered with; to be filled with	6
帆	帆	fan1	sail; Taiwan pr. [fan2], except 帆布[fan1 bu4] canvas	7-9
帆船	帆船	fan1 chuan2	sailboat	7-9
纸	帋	zhi3	variant of 紙|纸[zhi3]	2
希望	希望	xi1 wang4	to hope; a hope; a wish	3
帖子	帖子	tie3 zi5	card; invitation; message; (forum) post	7-9
帝国	帝國	di4 guo2	empire; imperial	7-9
帝国主义	帝國主義	di4 guo2 zhu3 yi4	imperialism	7-9
帅	帥	Shuai4	surname Shuai	4
帅	帥	shuai4	(bound form) commander-in-chief; (bound form) to lead; to command; handsome; graceful; dashing; elegant; (coll.) cool!; sweet!; (Chinese chess) general (on the red side, equivalent to a king in Western chess)	4
帅哥	帥哥	shuai4 ge1	handsome guy; lady-killer; handsome (form of address)	4
师傅	師傅	shi1 fu5	master; qualified worker; respectful form of address for older men; CL:個|个[ge4],位[wei4],名[ming2]	5
师父	師父	shi1 fu5	used for 師傅|师傅 (in Taiwan); master; qualified worker	6
师生	師生	shi1 sheng1	teachers and students	6
师范	師範	shi1 fan4	teacher-training; pedagogical; normal (school, e.g. Beijing Normal University)	7-9
师资	師資	shi1 zi1	qualified teacher	7-9
师长	師長	shi1 zhang3	military division level commander; teacher	7-9
席	席	Xi2	surname Xi	7-9
席	席	xi2	woven mat; seat; banquet; place in a democratic assembly; classifier for banquets, conversations etc	7-9
席位	席位	xi2 wei4	a seat (in a theater, stadium etc); parliamentary or congressional seat	7-9
帐子	帳子	zhang4 zi5	mosquito net; CL:頂|顶[ding3]	7-9
帐篷	帳篷	zhang4 peng5	tent; CL:頂|顶[ding3],座[zuo4]	7-9
带	帶	dai4	band; belt; girdle; ribbon; tire; area; zone; region; CL:條|条[tiao2]; to wear; to carry; to take along; to bear (i.e. to have); to lead; to bring; to look after; to raise	2
带来	帶來	dai4 lai2	to bring; (fig.) to bring about; to produce	2
带动	帶動	dai4 dong4	to spur; to provide impetus; to drive	3
带有	帶有	dai4 you3	to have as a feature or characteristic; to have an element of (confidence, sweetness, malevolence etc); to carry (a pathogen, connotation etc)	5
带路	帶路	dai4 lu4	to lead the way; to guide; to show the way; (fig.) to instruct	7-9
带队	帶隊	dai4 dui4	to lead a team; to lead a group; group leader; (tourism) tour guide	7-9
带领	帶領	dai4 ling3	to guide; to lead	3
带头	帶頭	dai4 tou2	to take the lead; to be the first; to set an example	7-9
带头人	帶頭人	dai4 tou2 ren2	leader	7-9
常	常	Chang2	surname Chang	1
常	常	chang2	always; ever; often; frequently; common; general; constant	1
常人	常人	chang2 ren2	ordinary person	7-9
常常	常常	chang2 chang2	frequently; often	1
常年	常年	chang2 nian2	all year round; for years on end; average year	6
常态	常態	chang2 tai4	normal state	7-9
常温	常溫	chang2 wen1	room temperature; ordinary temperatures	7-9
常理	常理	chang2 li3	common sense; conventional reasoning and morals	7-9
常用	常用	chang2 yong4	in common usage	2
常见	常見	chang2 jian4	commonly seen; common; to see sth frequently	2
常规	常規	chang2 gui1	code of conduct; conventions; common practice; routine (medical procedure etc)	6
常识	常識	chang2 shi2	common sense; general knowledge	4
帽子	帽子	mao4 zi5	hat; cap; (fig.) label; bad name; CL:頂|顶[ding3]	4
幅	幅	fu2	width; roll; classifier for textiles or pictures	5
幅度	幅度	fu2 du4	width; extent; range; scope	5
帮	幇	bang1	old variant of 幫|帮[bang1]	1
幕	幕	mu4	curtain or screen; canopy or tent; headquarters of a general; act (of a play)	7-9
幕后	幕後	mu4 hou4	behind the scenes	7-9
幕	幙	mu4	old variant of 幕[mu4]; curtain; screen	7-9
帮	幚	bang1	old variant of 幫|帮[bang1]	1
幢	幢	chuang2	banner; pennant (in ancient China)	7-9
幢	幢	zhuang4	classifier for buildings (Taiwan pr. [chuang2]); (archaic) curtain hung over boat or carriage windows	7-9
帮	幫	bang1	to help; to assist; to support; for sb (i.e. as a help); hired (as worker); side (of pail, boat etc); outer layer; upper (of a shoe); group; gang; clique; party; secret society	1
帮助	幫助	bang1 zhu4	assistance; aid; to help; to assist	2
帮忙	幫忙	bang1 mang2	to help; to lend a hand; to do a favor; to do a good turn	1
帮手	幫手	bang1 shou5	helper; assistant	7-9
干	干	Gan1	surname Gan	1
干	干	gan1	(bound form) to have to do with; to concern oneself with; one of the ten heavenly stems 天干[tian1 gan1]; (archaic) shield	1
干戈	干戈	gan1 ge1	weapons of war; arms	7-9
干扰	干擾	gan1 rao3	to disturb; to interfere; perturbation; interference (physics)	5
干涉	干涉	gan1 she4	to interfere; to meddle; interference	6
干预	干預	gan1 yu4	to meddle; to intervene; intervention	5
平	平	Ping2	surname Ping	2
平	平	ping2	flat; level; equal; to tie (make the same score); to draw (score); calm; peaceful; abbr. for 平聲|平声[ping2 sheng1]	2
平价	平價	ping2 jia4	reasonably priced; inexpensive; to keep prices down; (currency exchange) parity	7-9
平凡	平凡	ping2 fan2	commonplace; ordinary; mediocre	6
平原	平原	ping2 yuan2	field; plain; CL:個|个[ge4]	5
平和	平和	Ping2 he2	see 平和縣|平和县[Ping2 he2 Xian4]	7-9
平和	平和	ping2 he2	gentle; mild; moderate; placid	7-9
平均	平均	ping2 jun1	average; on average; evenly; in equal proportions	4
平坦	平坦	ping2 tan3	level; even; smooth; flat	5
平安	平安	Ping2 an1	see 平安區|平安区[Ping2 an1 Qu1]	2
平安	平安	ping2 an1	safe and sound; well; without mishap; quiet and safe; at peace	2
平常	平常	ping2 chang2	ordinary; common; usually; ordinarily	2
平常心	平常心	ping2 chang2 xin1	levelheadedness; calmness; equanimity	7-9
平息	平息	ping2 xi1	(of wind etc) to subside; to die down; to quell; to smooth over (a dispute etc); to suppress (a rebellion etc)	7-9
平方	平方	ping2 fang1	square (as in square foot, square mile, square root)	4
平方米	平方米	ping2 fang1 mi3	square meter	6
平日	平日	ping2 ri4	ordinary day; everyday; ordinarily; usually	7-9
平时	平時	ping2 shi2	ordinarily; in normal times; in peacetime	2
平民	平民	ping2 min2	ordinary people; commoner (contrasted with the privileged); civilian (contrasted with the military)	7-9
平淡	平淡	ping2 dan4	flat; dull; ordinary; nothing special	7-9
平稳	平穩	ping2 wen3	smooth; steady	4
平等	平等	ping2 deng3	equal; equality	2
平台	平臺	ping2 tai2	platform; terrace; flat-roofed building	6
平衡	平衡	ping2 heng2	balance; equilibrium	6
平静	平靜	ping2 jing4	tranquil; undisturbed; serene	4
平面	平面	ping2 mian4	plane (flat surface); print media	7-9
年	年	Nian2	surname Nian	1
年	年	nian2	year; CL:個|个[ge4]	1
年代	年代	nian2 dai4	a decade of a century (e.g. the Sixties); age; era; period; CL:個|个[ge4]	3
年初	年初	nian2 chu1	beginning of the year	3
年前	年前	nian2 qian2	by the end of the year; at the end of the year; shortly before New Year	5
年夜饭	年夜飯	nian2 ye4 fan4	reunion dinner on Lunar New Year's Eve (Chinese New Year tradition)	7-9
年底	年底	nian2 di3	the end of the year; year-end	3
年度	年度	nian2 du4	year (e.g. school year, fiscal year); annual	5
年画	年畫	nian2 hua4	New Year (Spring Festival) picture	7-9
年纪	年紀	nian2 ji4	age; CL:把[ba3],個|个[ge4]	3
年级	年級	nian2 ji2	grade; year (in school, college etc); CL:個|个[ge4]	2
年终	年終	nian2 zhong1	end of the year	7-9
年薪	年薪	nian2 xin1	annual salary	7-9
年轻	年輕	nian2 qing1	young	2
年迈	年邁	nian2 mai4	old; aged	7-9
年限	年限	nian2 xian4	age limit; fixed number of years	7-9
年龄	年齡	nian2 ling2	(a person's) age; CL:把[ba3],個|个[ge4]	5
幸好	幸好	xing4 hao3	fortunately	7-9
幸福	幸福	xing4 fu2	happiness; happy; blessed	3
幸亏	幸虧	xing4 kui1	fortunately; luckily	7-9
幸运	幸運	xing4 yun4	fortunate; lucky; good fortune; luck	3
干	幹	gan4	tree trunk; main part of sth; to manage; to work; to do; capable; cadre; to kill (slang); to fuck (vulgar); (coll.) pissed off; annoyed	1
干事	幹事	gan4 shi5	administrator; executive secretary	7-9
干什么	幹什麼	gan4 shen2 me5	what are you doing?; what's he up to?	1
干吗	幹嗎	gan4 ma2	variant of 幹嘛|干嘛[gan4 ma2]	3
干活儿	幹活兒	gan4 huo2 r5	erhua variant of 幹活|干活[gan4 huo2]	2
干部	幹部	gan4 bu4	cadre; official; officer; manager	7-9
幻影	幻影	huan4 ying3	phantom; mirage	7-9
幻想	幻想	huan4 xiang3	to fantasize; to imagine; an illusion; a fantasy	6
幻觉	幻覺	huan4 jue2	illusion; hallucination; figment of one's imagination	7-9
幼儿园	幼兒園	you4 er2 yuan2	kindergarten; nursery school	4
幼稚	幼稚	you4 zhi4	young; childish; puerile	7-9
幽默	幽默	you1 mo4	(loanword) humor; humorous	5
几	幾	ji1	(literary) almost	1
几	幾	ji3	how many; how much; several; a few	1
几乎	幾乎	ji1 hu1	almost; nearly; practically	4
几率	幾率	ji1 lu:4	probability; odds	7-9
广	广	yan3	"house on a cliff" radical in Chinese characters (Kangxi radical 53), occurring in 店, 序, 底 etc	5
床	床	chuang2	bed; couch (furniture that one can lie down on) (CL:張|张[zhang1]); bed; bottom (of rivers, oceans, gardens etc); frame; chassis; classifier for blankets, quilts etc	1
床位	床位	chuang2 wei4	bed (in hospital, hotel, train etc); berth; bunk	7-9
序	序	xu4	(bound form) order; sequence; (bound form) introductory; initial; preface	7-9
序幕	序幕	xu4 mu4	prologue	7-9
底	底	de5	(equivalent to 的 as possessive particle)	4
底	底	di3	bottom; base; background; foundation; copy (of a manuscript or receipt etc) kept as a record; (suffix) end of a year or month; (math.) radix; base (abbr. for 底數|底数[di3 shu4])	4
底下	底下	di3 xia5	the location below sth; afterwards	3
底子	底子	di3 zi5	base; foundation; bottom	7-9
底层	底層	di3 ceng2	ground floor; first floor; lowest level; lowest rung (of society etc)	7-9
底线	底線	di3 xian4	bottom line; the limit of what one is prepared to accept; (sports) baseline; (sewing) under thread; spy; informer; plant	7-9
底蕴	底蘊	di3 yun4	inside information; concrete details	7-9
店	店	dian4	inn; old-style hotel (CL:家[jia1]); (bound form) shop; store	2
度	度	du4	to pass; to spend (time); measure; limit; extent; degree of intensity; degree (angles, temperature etc); kilowatt-hour; classifier for events and occurrences	2
度	度	duo2	to estimate; Taiwan pr. [duo4]	2
度假	度假	du4 jia4	to go on holidays; to spend one's vacation	7-9
度过	度過	du4 guo4	to pass; to spend (time); to survive; to get through	4
座	座	zuo4	seat; base; stand; (bound form) constellation; (archaic) suffix used in a respectful form of address (e.g. 師座|师座[shi1 zuo4]); classifier for large immovable objects such as buildings, mountains, bridges etc	2
座位	座位	zuo4 wei4	seat; CL:個|个[ge4]	2
座右铭	座右銘	zuo4 you4 ming2	motto; maxim	7-9
座谈	座談	zuo4 tan2	to have an informal discussion; CL:次[ci4]	7-9
座谈会	座談會	zuo4 tan2 hui4	conference; symposium; rap session	6
库	庫	ku4	warehouse; storehouse; (file) library	5
康复	康復	kang1 fu4	to recuperate; to recover (health); to convalesce	6
庸俗	庸俗	yong1 su2	vulgar; tacky; tawdry	7-9
厕所	廁所	ce4 suo3	toilet; lavatory; CL:間|间[jian1],處|处[chu4]	6
廉价	廉價	lian2 jia4	cheaply-priced; low-cost	7-9
廉政	廉政	lian2 zheng4	to govern with integrity; clean and honest government	7-9
廉正	廉正	lian2 zheng4	upright and honest; integrity	7-9
廉洁	廉潔	lian2 jie2	incorruptible; unbribable; honest	7-9
厨师	廚師	chu2 shi1	cook; chef	6
厨房	廚房	chu2 fang2	kitchen; CL:間|间[jian1]	5
庙	廟	miao4	temple; ancestral shrine; CL:座[zuo4]; temple fair; great imperial hall; imperial	7-9
庙会	廟會	miao4 hui4	temple fair	7-9
厂	廠	chang3	factory; yard; depot; workhouse; works; (industrial) plant	3
厂商	廠商	chang3 shang1	manufacturer; producer	6
厂家	廠家	chang3 jia1	factory; manufacturer; (coll.) a factory owner; the factory management	7-9
厂长	廠長	chang3 zhang3	factory director	5
废	廢	fei4	to abolish; to abandon; to abrogate; to discard; to depose; to oust; crippled; abandoned; waste	7-9
废品	廢品	fei4 pin3	production rejects; seconds; scrap; discarded material	7-9
废墟	廢墟	fei4 xu1	ruins	7-9
废寝忘食	廢寢忘食	fei4 qin3 wang4 shi2	(idiom) to skip one's sleep and meals; to be completely wrapped up in one's work	7-9
废物	廢物	fei4 wu4	rubbish; waste material; useless person	7-9
废话	廢話	fei4 hua4	nonsense; rubbish; superfluous words; You don't say!; No kidding! (gently sarcastic)	7-9
废除	廢除	fei4 chu2	to abolish; to abrogate; to repeal	7-9
广	廣	Guang3	surname Guang	5
广	廣	guang3	wide; numerous; to spread	5
广告	廣告	guang3 gao4	to advertise; a commercial; advertisement; CL:項|项[xiang4]	2
广场	廣場	guang3 chang3	public square; plaza	2
广大	廣大	guang3 da4	(of an area) vast or extensive; large-scale; widespread; (of people) numerous	3
广播	廣播	guang3 bo1	broadcast; CL:個|个[ge4]; broadcasting; to broadcast; (formal) to propagate; to publicize	3
广泛	廣泛	guang3 fan4	wide; broad; extensive; widespread	5
广义	廣義	guang3 yi4	broad sense; general sense	7-9
广阔	廣闊	guang3 kuo4	wide; vast	6
厅	廳	ting1	(reception) hall; living room; office; provincial government department	5
延	延	Yan2	surname Yan	7-9
延	延	yan2	to prolong; to extend; to delay	7-9
延伸	延伸	yan2 shen1	to extend; to stretch; to expand; to spread	5
延期	延期	yan2 qi1	to delay; to extend; to postpone; to defer	4
延缓	延緩	yan2 huan3	to defer; to postpone; to put off; to retard; to slow sth down	7-9
延续	延續	yan2 xu4	to continue; to go on; to last	4
延误	延誤	yan2 wu4	to postpone (with unfortunate consequences); to take too long (to do sth); to miss (a deadline or window of opportunity)	7-9
延长	延長	Yan2 chang2	see 延長縣|延长县[Yan2 chang2 Xian4]	4
延长	延長	yan2 chang2	to prolong; to extend; to delay	4
建	建	jian4	to establish; to found; to set up; to build; to construct	3
建交	建交	jian4 jiao1	to establish diplomatic relations	7-9
建成	建成	jian4 cheng2	to establish; to build	3
建树	建樹	jian4 shu4	to make a contribution; to establish; to found; contribution	7-9
建立	建立	jian4 li4	to establish; to set up; to found	3
建筑	建築	jian4 zhu4	to construct; building; CL:個|个[ge4]	5
建筑师	建築師	jian4 zhu4 shi1	architect	7-9
建筑物	建築物	jian4 zhu4 wu4	building; structure; edifice	7-9
建设	建設	jian4 she4	to build; to construct; to establish; to develop; to institute	3
建议	建議	jian4 yi4	to propose; to suggest; to recommend; proposal; suggestion; recommendation (CL:點|点[dian3])	3
建造	建造	jian4 zao4	to construct; to build	5
乃	廼	nai3	variant of 乃[nai3]	7-9
弄	弄	long4	lane; alley	2
弄	弄	nong4	to do; to manage; to handle; to play with; to fool with; to mess with; to fix; to toy with	2
弄虚作假	弄虛作假	nong4 xu1 zuo4 jia3	to practice fraud (idiom); by trickery	7-9
弊病	弊病	bi4 bing4	malady; evil; malpractice; drawback; disadvantage	7-9
弊端	弊端	bi4 duan1	systemic problem (sometimes refers specifically to corrupt practices)	7-9
式	式	shi4	type; form; pattern; style	5
弓	弓	Gong1	surname Gong	7-9
弓	弓	gong1	a bow (weapon); CL:張|张[zhang1]; to bend; to arch (one's back etc)	7-9
吊	弔	diao4	a string of 100 cash (arch.); to lament; to condole with; variant of 吊[diao4]	6
引	引	yin3	to draw (e.g. a bow); to pull; to stretch sth; to extend; to lengthen; to involve or implicate in; to attract; to lead; to guide; to leave; to provide evidence or justification for; old unit of distance equal to 10 丈[zhang4], one-thirtieth of a km or 33.33 meters	4
引人入胜	引人入勝	yin3 ren2 ru4 sheng4	to enchant; fascinating	7-9
引人注目	引人注目	yin3 ren2 zhu4 mu4	to attract attention; eye-catching; conspicuous	7-9
引入	引入	yin3 ru4	to draw into; to pull into; to introduce	7-9
引导	引導	yin3 dao3	to guide; to lead (around); to conduct; to boot; introduction; primer	4
引擎	引擎	yin3 qing2	engine (loanword); CL:臺|台[tai2]	7-9
引用	引用	yin3 yong4	to quote; to cite; to recommend; to appoint; (computing) reference	7-9
引发	引發	yin3 fa1	to lead to; to trigger; to initiate; to cause; to evoke (emotions)	7-9
引经据典	引經據典	yin3 jing1 ju4 dian3	lit. to quote the classics; to quote chapter and verse (idiom)	7-9
引诱	引誘	yin3 you4	to coerce (sb into doing sth bad); to lure (into a trap); to seduce	7-9
引起	引起	yin3 qi3	to give rise to; to lead to; to cause; to arouse	4
引进	引進	yin3 jin4	to recommend; to introduce (from outside)	4
引领	引領	yin3 ling3	to crane one's neck; to await eagerly; to lead; to show the way	7-9
弘扬	弘揚	hong2 yang2	to enhance; to promote; to enrich	7-9
弟子	弟子	di4 zi3	disciple; follower	7-9
弦	弦	xian2	bow string; string of musical instrument; watchspring; chord (segment of curve); hypotenuse; CL:根[gen1]	7-9
弱	弱	ruo4	weak; feeble; young; inferior; not as good as; (following a decimal or fraction) slightly less than	4
弱势	弱勢	ruo4 shi4	vulnerable; weak	7-9
弱点	弱點	ruo4 dian3	weak point; failing	7-9
张	張	Zhang1	surname Zhang	3
张	張	zhang1	to open up; to spread; sheet of paper; classifier for flat objects, sheet; classifier for votes	3
张扬	張揚	Zhang1 Yang2	Zhang Yang (1967-), PRC film director and screenwriter	7-9
张扬	張揚	zhang1 yang2	to display ostentatiously; to bring out into the open; to make public; to spread around; flamboyant; brash	7-9
张灯结彩	張燈結彩	zhang1 deng1 jie2 cai3	to be decorated with lanterns and colored banners (idiom)	7-9
张贴	張貼	zhang1 tie1	to post (a notice); to advertise	7-9
强	強	Qiang2	surname Qiang	3
强	強	jiang4	stubborn; unyielding	3
强	強	qiang2	strong; powerful; better; slightly more than; vigorous; violent; best in their category, e.g. see 百強|百强[bai3 qiang2]	3
强	強	qiang3	to force; to compel; to strive; to make an effort	3
强占	強佔	qiang2 zhan4	to occupy by force	7-9
强制	強制	qiang2 zhi4	to force; to compel; to coerce; forced; compulsory; Taiwan pr. [qiang3zhi4]	7-9
强加	強加	qiang2 jia1	to impose; to force upon	7-9
强劲	強勁	qiang2 jing4	strong; powerful; robust	7-9
强势	強勢	qiang2 shi4	strong; powerful; (linguistics) emphatic; intensive	6
强化	強化	qiang2 hua4	to strengthen; to intensify	6
强壮	強壯	qiang2 zhuang4	strong; sturdy; robust	6
强大	強大	qiang2 da4	big and strong; formidable; powerful	3
强度	強度	qiang2 du4	strength; intensity; CL:個|个[ge4]	5
强烈	強烈	qiang2 lie4	strong; intense	3
强盗	強盜	qiang2 dao4	to rob (with force); bandit; robber; CL:個|个[ge4]	6
强硬	強硬	qiang2 ying4	tough; unyielding; hard-line	7-9
强行	強行	qiang2 xing2	to do sth by force; Taiwan pr. [qiang3 xing2]	7-9
强调	強調	qiang2 diao4	to emphasize (a statement); to stress	3
强迫	強迫	qiang3 po4	to compel; to force	5
强项	強項	qiang2 xiang4	key strength; strong suit; specialty	7-9
别扭	彆扭	bie4 niu5	awkward; difficult; uncomfortable; not agreeing; at loggerheads; gauche	7-9
弹	彈	dan4	crossball; bullet; shot; shell; ball	5
弹	彈	tan2	to pluck (a string); to play (a string instrument); to spring or leap; to shoot (e.g. with a catapult); (of cotton) to fluff or tease; to flick; to flip; to accuse; to impeach; elastic (of materials)	5
弹性	彈性	tan2 xing4	flexibility; elasticity	7-9
强	彊	jiang4	variant of 強|强[jiang4]	3
强	彊	qiang2	variant of 強|强[qiang2]	3
强	彊	qiang3	variant of 強|强[qiang3]	3
弥漫	彌漫	mi2 man4	to pervade; to fill the air; diffuse; everywhere present; about to inundate (water); permeated by (smoke); filled with (dust); to saturate (the air with fog, smoke etc)	7-9
弥补	彌補	mi2 bu3	to complement; to make up for a deficiency	7-9
弯	彎	wan1	to bend; bent; a bend; a turn (in a road etc); CL:道[dao4]	4
弯曲	彎曲	wan1 qu1	to bend; to curve around; curved; crooked; to wind; to warp	6
录	彔	lu4	to carve wood	3
汇	彙	hui4	class; collection	4
汇报	彙報	hui4 bao4	to report; to give an account of; report	4
汇集	彙集	hui4 ji2	to collect; to compile; to converge	7-9
形	形	xing2	to appear; to look; form; shape	6
形势	形勢	xing2 shi4	circumstances; situation; terrain; CL:個|个[ge4]	4
形容	形容	xing2 rong2	to describe; (literary) countenance; appearance	4
形式	形式	xing2 shi4	outer appearance; form; shape; formality; CL:個|个[ge4]	3
形形色色	形形色色	xing2 xing2 se4 se4	all kinds of; all sorts of; every (different) kind of	7-9
形影不离	形影不離	xing2 ying3 bu4 li2	inseparable (as form and shadow)	7-9
形态	形態	xing2 tai4	shape; form; pattern; morphology	5
形成	形成	xing2 cheng2	to form; to take shape	3
形状	形狀	xing2 zhuang4	form; shape	3
形象	形象	xing2 xiang4	image; form; figure; CL:個|个[ge4]; visualization; vivid	3
彩票	彩票	cai3 piao4	lottery ticket	5
彩色	彩色	cai3 se4	color; multicolored	3
彩虹	彩虹	cai3 hong2	rainbow; CL:道[dao4]	7-9
彩电	彩電	cai3 dian4	color TV	7-9
彩霞	彩霞	cai3 xia2	clouds tinged with sunset hues	7-9
雕	彫	diao1	variant of 雕[diao1], to engrave	7-9
彬彬有礼	彬彬有禮	bin1 bin1 you3 li3	refined and courteous; urbane	7-9
影像	影像	ying3 xiang4	image	7-9
影子	影子	ying3 zi5	shadow; reflection; (fig.) hint; indication; influence; CL:個|个[ge4]	4
影星	影星	ying3 xing1	film star	6
影片	影片	ying3 pian4	a copy of a film; film; motion picture; movie; (Tw) video; video clip; CL:部[bu4]	2
影视	影視	ying3 shi4	movies and television	3
影迷	影迷	ying3 mi2	film enthusiast; movie fan; CL:個|个[ge4]	6
影响	影響	ying3 xiang3	influence; effect; to influence; to affect (usually adversely); to disturb; CL:股[gu3]	2
仿	彷	fang3	used in 彷彿|仿佛[fang3 fu2]; (Note: While 仿 is not officially designated as the simplified form of 彷, it serves as the de facto simplification when 彷 is pronounced fǎng.)	7-9
仿佛	彷彿	fang3 fu2	to seem; as if; seemingly; alike; similar	6
彼此	彼此	bi3 ci3	each other; one another	5
佛	彿	fu2	used in 彷彿|仿佛[fang3 fu2]	6
往	往	wang3	to go (in a direction); to; towards; (of a train) bound for; past; previous	2
往事	往事	wang3 shi4	past events; former happenings	7-9
往来	往來	wang3 lai2	dealings; contacts; to go back and forth	6
往常	往常	wang3 chang2	usual; customary	7-9
往年	往年	wang3 nian2	in former years; in previous years	6
往往	往往	wang3 wang3	usually; in many cases; more often than not	3
往后	往後	wang3 hou4	from now on; in the future; time to come	6
往日	往日	wang3 ri4	former days; the past	7-9
往返	往返	wang3 fan3	to go back and forth; to go to and fro; to do a round trip	7-9
征	征	zheng1	journey; trip; expedition; to go on long campaign; to attack	7-9
征服	征服	zheng1 fu2	to conquer; to subdue; to vanquish	4
往	徃	wang3	old variant of 往[wang3]	2
待	待	dai1	to stay; to remain	7-9
待	待	dai4	to wait; to treat; to deal with; to need; going to (do sth); about to; intending to	7-9
待会儿	待會兒	dai1 hui4 r5	in a moment; later; also pr. [dai1 hui3 r5] or [dai1 hui5 r5]	6
待遇	待遇	dai4 yu4	treatment; pay; salary; status; rank	4
很	很	hen3	very; quite; (also, often used before an adjective without intensifying its meaning, i.e. as a meaningless syntactic element)	1
律师	律師	lu:4 shi1	lawyer	4
后	後	hou4	back; behind; rear; afterwards; after; later; post-	1
后人	後人	hou4 ren2	later generation	7-9
后代	後代	hou4 dai4	descendant; progeny; posterity; later ages; later generations	7-9
后来	後來	hou4 lai2	afterwards; later; newly arrived	2
后备	後備	hou4 bei4	reserve; backup	7-9
后备箱	後備箱	hou4 bei4 xiang1	trunk; boot (of a car)	7-9
后勤	後勤	hou4 qin2	logistics	7-9
后台	後台	hou4 tai2	backstage area; behind-the-scenes supporter; (computing) back-end; background	7-9
后天	後天	hou4 tian1	the day after tomorrow; life after birth (the period in which one develops through experiences, contrasted with 先天[xian1 tian1]); acquired (not innate or congenital); a posteriori	1
后年	後年	hou4 nian2	the year after next	3
后悔	後悔	hou4 hui3	to regret; to feel remorse	5
后期	後期	hou4 qi1	late stage; later period	7-9
后果	後果	hou4 guo3	consequences; aftermath	3
后盾	後盾	hou4 dun4	support; backing	7-9
后续	後續	hou4 xu4	follow-up; (dialect) to remarry	7-9
后者	後者	hou4 zhe3	the latter	7-9
后裔	後裔	hou4 yi4	descendant	7-9
后退	後退	hou4 tui4	to recoil; to draw back; to fall back; to retreat	7-9
后遗症	後遺症	hou4 yi2 zheng4	(medicine) sequelae; residual effects; (fig.) repercussions; aftermath	7-9
后边	後邊	hou4 bian5	the back; the rear; the last bit; behind; near the end; at the back; later; afterwards	1
后面	後面	hou4 mian5	the back; the rear; the last bit; behind; near the end; at the back; later; afterwards	3
后头	後頭	hou4 tou5	behind; the back; the rear; later; afterwards; (in) the future	4
后顾之忧	後顧之憂	hou4 gu4 zhi1 you1	fears of trouble in the rear (idiom); family worries (obstructing freedom of action); worries about the future consequences; often in negative expressions, meaning "no worries about anything"	7-9
徐徐	徐徐	xu2 xu2	slowly; gently	7-9
徒弟	徒弟	tu2 di4	apprentice; disciple	6
徒步	徒步	tu2 bu4	to be on foot	7-9
得	得	de2	to obtain; to get; to gain; to catch (a disease); proper; suitable; proud; contented; to allow; to permit; ready; finished	4
得	得	de4	used in 得瑟[de4 se5]	4
得	得	de5	structural particle: used after a verb (or adjective as main verb), linking it to following phrase indicating effect, degree, possibility etc	4
得	得	dei3	to have to; must; ought to; to need to	4
得不偿失	得不償失	de2 bu4 chang2 shi1	the gains do not make up for the losses (idiom)	7-9
得了	得了	de2 le5	all right!; that's enough!	5
得了	得了	de2 liao3	(emphatically, in rhetorical questions) possible	5
得以	得以	de2 yi3	able to; so that sb can; enabling; in order to; finally in a position to; with sth in view	5
得出	得出	de2 chu1	to obtain (a result); to arrive at (a conclusion)	2
得分	得分	de2 fen1	to score a point (in a competition, test etc); score; rating; grade	3
得到	得到	de2 dao4	to get; to obtain; to receive	1
得力	得力	de2 li4	able; capable; competent; efficient	7-9
得天独厚	得天獨厚	de2 tian1 du2 hou4	blessed by heaven (idiom); enjoying exceptional advantages; favored by nature	7-9
得失	得失	de2 shi1	gains and losses; success and failure; merits and demerits	7-9
得意	得意	de2 yi4	proud of oneself; pleased with oneself; complacent	4
得意扬扬	得意揚揚	de2 yi4 yang2 yang2	variant of 得意洋洋[de2 yi4 yang2 yang2]	7-9
得手	得手	de2 shou3	to go smoothly; to come off; to succeed	7-9
得当	得當	de2 dang4	appropriate; suitable	7-9
得益于	得益於	de2 yi4 yu2	to benefit from; thanks to	7-9
得知	得知	de2 zhi1	to find out; to learn of	7-9
得罪	得罪	de2 zui4	to commit an offense; to violate the law; excuse me! (formal); see also 得罪[de2 zui5]	7-9
得罪	得罪	de2 zui5	to offend sb; to make a faux pas; a faux pas; see also 得罪[de2 zui4]	7-9
得体	得體	de2 ti3	appropriate to the occasion; fitting	7-9
徘徊	徘徊	pai2 huai2	to pace back and forth; to dither; to hesitate; (of sales figures etc) to fluctuate	7-9
从	從	Cong2	surname Cong	1
从	從	cong2	from; through; via; (bound form) to follow; (bound form) to obey; (bound form) to engage in (an activity); (used before a negative) ever; (bound form) (Taiwan pr. [zong4]) retainer; attendant; (bound form) (Taiwan pr. [zong4]) assistant; auxiliary; subordinate; (bound form) (Taiwan pr. [zong4]) related by common paternal grandfather or earlier ancestor	1
从不	從不	cong2 bu4	never	6
从中	從中	cong2 zhong1	from among them; from it	5
从事	從事	cong2 shi4	to go for; to engage in; to undertake; to deal with; to handle; to do	3
从今以后	從今以後	cong2 jin1 yi3 hou4	from now on; henceforward	7-9
从来	從來	cong2 lai2	always; at all times; never (if used in negative sentence)	3
从来不	從來不	cong2 lai2 bu4	never	7-9
从前	從前	cong2 qian2	previously; formerly; once upon a time	3
从容	從容	cong2 rong2	to go easy; unhurried; calm; Taiwan pr. [cong1 rong2]	7-9
从容不迫	從容不迫	cong2 rong2 bu4 po4	calm; unruffled	7-9
从小	從小	cong2 xiao3	from childhood; from a young age	2
从早到晚	從早到晚	cong2 zao3 dao4 wan3	from morning till night; from dawn to dusk; all day long	7-9
从未	從未	cong2 wei4	never	7-9
从业	從業	cong2 ye4	to practice (a trade)	7-9
从此	從此	cong2 ci3	from now on; since then; henceforth	4
从没	從沒	cong2 mei2	never (in the past); never did	6
从而	從而	cong2 er2	thus; thereby	5
从头	從頭	cong2 tou2	anew; from the start	7-9
遍	徧	bian4	variant of 遍[bian4]	2
复原	復原	fu4 yuan2	to restore (sth) to (its) former condition; to recover from illness; recovery	7-9
复合	復合	fu4 he2	(of people who were estranged) to be reconciled; (of a couple) to get back together	7-9
复查	復查	fu4 cha2	to check again; to re-examine	7-9
复活	復活	fu4 huo2	to revive; (lit. and fig.) to come back to life; (religion) resurrection	7-9
复苏	復甦	fu4 su1	to recover (health, economic); to resuscitate; anabiosis	6
复发	復發	fu4 fa1	to recur (of a disease); to reappear; to relapse (into a former bad state)	7-9
复习	復習	fu4 xi2	to review; revision; CL:次[ci4]	2
复兴	復興	fu4 xing1	to revive; to rejuvenate	7-9
复苏	復蘇	fu4 su1	variant of 復甦|复苏[fu4 su1]; to recover (health, economic); to resuscitate; anabiosis	6
循序渐进	循序漸進	xun2 xu4 jian4 jin4	in sequence, step by step (idiom); to make steady progress incrementally	7-9
循环	循環	xun2 huan2	to cycle; to circulate; circle; loop	6
微不足道	微不足道	wei1 bu4 zu2 dao4	negligible; insignificant	7-9
微信	微信	Wei1 xin4	Weixin or WeChat (mobile text and voice messaging service developed by Tencent 騰訊|腾讯[Teng2 xun4])	4
微博	微博	Wei1 bo2	Weibo (Chinese social media platform)	5
微博	微博	wei1 bo2	microblogging; microblog	5
微型	微型	wei1 xing2	miniature; micro-; tiny	7-9
微妙	微妙	wei1 miao4	subtle	7-9
微弱	微弱	wei1 ruo4	weak; faint; feeble	7-9
微波炉	微波爐	wei1 bo1 lu2	microwave oven; CL:臺|台[tai2]	6
微笑	微笑	wei1 xiao4	smile; CL:個|个[ge4],絲|丝[si1]; to smile	4
微观	微觀	wei1 guan1	micro-; subatomic	7-9
征	徵	zheng1	to invite; to recruit; to levy (taxes); to draft (troops); phenomenon; symptom; characteristic sign (used as proof); evidence	7-9
征收	徵收	zheng1 shou1	to levy (a tax); to expropriate	7-9
征求	徵求	zheng1 qiu2	to solicit; to seek; to request (opinions, feedback etc); to petition	4
征集	徵集	zheng1 ji2	to collect; to recruit	7-9
德	德	De2	Germany; German; abbr. for 德國|德国[De2 guo2]	7-9
德	德	de2	virtue; goodness; morality; ethics; kindness; favor; character; kind	7-9
彻夜	徹夜	che4 ye4	the whole night	7-9
彻底	徹底	che4 di3	thorough; thoroughly; complete	4
心	心	xin1	heart; mind; intention; center; core; CL:顆|颗[ke1],個|个[ge4]	3
心中	心中	xin1 zhong1	central point; in one's thoughts; in one's heart	2
心事	心事	xin1 shi4	a load on one's mind; worry; CL:宗[zong1],樁|桩[zhuang1]	7-9
心安理得	心安理得	xin1 an1 li3 de2	to have a clear conscience; to have no qualms about sth	7-9
心得	心得	xin1 de2	what one has learned (through experience, reading etc); knowledge; insight; understanding; tips; CL:項|项[xiang4],個|个[ge4]	7-9
心思	心思	xin1 si5	mind; thoughts; inclination; mood	7-9
心急如焚	心急如焚	xin1 ji2 ru2 fen2	see 心急火燎[xin1 ji2 huo3 liao3]	7-9
心情	心情	xin1 qing2	mood; frame of mind	2
心想事成	心想事成	xin1 xiang3 shi4 cheng2	(idiom) to have one's wishes come true; wish you the best!	7-9
心意	心意	xin1 yi4	intention; regard; kindly feelings	7-9
心爱	心愛	xin1 ai4	beloved	7-9
心态	心態	xin1 tai4	attitude (of the heart); state of one's psyche; way of thinking; mentality	5
心慌	心慌	xin1 huang1	to be flustered; (dialect) irregular heart-beat	7-9
心理	心理	xin1 li3	psychology; mentality	4
心疼	心疼	xin1 teng2	to love dearly; to feel sorry for sb; to regret; to grudge; to be distressed	5
心病	心病	xin1 bing4	anxiety; sore point; secret worry; mental disorder; heart disease (medicine)	7-9
心目	心目	xin1 mu4	mind	7-9
心眼儿	心眼兒	xin1 yan3 r5	one's thoughts; mind; intention; willingness to accept new ideas; baseless suspicions	7-9
心声	心聲	xin1 sheng1	heartfelt wish; inner voice; aspiration	7-9
心胸	心胸	xin1 xiong1	heart; mind; ambition; aspiration	7-9
心肠	心腸	xin1 chang2	heart; intention; one's inclination; state of mind; to have the heart for sth; mood	7-9
心脏	心臟	xin1 zang4	heart; CL:顆|颗[ke1],個|个[ge4]	6
心脏病	心臟病	xin1 zang4 bing4	heart disease	6
心血	心血	xin1 xue4	heart's blood; expenditure (for some project); meticulous care	7-9
心里	心裡	xin1 li5	chest; heart; mind	2
心里话	心裡話	xin1 li5 hua4	(to express one's) true feelings; what is on one's mind; secret mind	7-9
心酸	心酸	xin1 suan1	to feel sad	7-9
心灵	心靈	xin1 ling2	bright; smart; quick-witted; heart; thoughts; spirit	6
心灵手巧	心靈手巧	xin1 ling2 shou3 qiao3	capable; clever; dexterous	7-9
心愿	心願	xin1 yuan4	cherished desire; dream; craving; wish; aspiration	6
必	必	bi4	certainly; must; will; necessarily	5
必不可少	必不可少	bi4 bu4 ke3 shao3	absolutely necessary; indispensable; essential	7-9
必修	必修	bi4 xiu1	(of an academic course) required; compulsory	6
必定	必定	bi4 ding4	to be bound to; to be sure to	7-9
必将	必將	bi4 jiang1	inevitably	6
必然	必然	bi4 ran2	inevitable; certain; necessity	3
必要	必要	bi4 yao4	necessary; essential; indispensable; required	3
必需	必需	bi4 xu1	to need; to require; essential; indispensable	5
必须	必須	bi4 xu1	to have to; must; compulsory; necessarily	2
忌	忌	ji4	to be jealous of; fear; dread; scruple; to avoid or abstain from; to quit; to give up sth	7-9
忌口	忌口	ji4 kou3	abstain from certain food (as when ill); avoid certain foods; be on a diet	7-9
忌讳	忌諱	ji4 hui4	taboo; to avoid as taboo; to abstain from	7-9
忍	忍	ren3	to bear; to endure; to tolerate; to restrain oneself	5
忍不住	忍不住	ren3 bu5 zhu4	cannot help; unable to bear	5
忍受	忍受	ren3 shou4	to bear; to endure	5
忍心	忍心	ren3 xin1	to have the heart to do sth; to steel oneself to a task	7-9
忍耐	忍耐	ren3 nai4	to endure; to put up with; to exercise patience	7-9
忍饥挨饿	忍飢挨餓	ren3 ji1 ai2 e4	starving; famished	7-9
志气	志氣	zhi4 qi4	ambition; resolve; backbone; drive; spirit	7-9
志愿	志願	zhi4 yuan4	aspiration; ambition; to volunteer	3
志愿者	志願者	zhi4 yuan4 zhe3	volunteer	3
忘	忘	wang4	to forget; to overlook; to neglect	1
忘不了	忘不了	wang4 bu5 liao3	cannot forget	7-9
忘掉	忘掉	wang4 diao4	to forget	7-9
忘记	忘記	wang4 ji4	to forget	1
忙	忙	mang2	busy; hurriedly; to hurry; to rush	1
忙乱	忙亂	mang2 luan4	rushed and muddled	7-9
忙活	忙活	mang2 huo5	to be really busy; pressing business	7-9
忙碌	忙碌	mang2 lu4	busy; bustling	7-9
忠实	忠實	zhong1 shi2	faithful	7-9
忠心	忠心	zhong1 xin1	good faith; devotion; loyalty; dedication	6
忠于	忠於	zhong1 yu2	to be loyal to	7-9
忠诚	忠誠	zhong1 cheng2	devoted; loyal; fidelity; loyalty	7-9
忠贞	忠貞	zhong1 zhen1	loyal and dependable	7-9
快	快	kuai4	rapid; quick; speed; rate; soon; almost; to make haste; clever; sharp (of knives or wits); forthright; plainspoken; gratified; pleased; pleasant	1
快捷	快捷	kuai4 jie2	quick; fast; nimble; agile; (computer) shortcut	7-9
快乐	快樂	kuai4 le4	happy; joyful	2
快活	快活	kuai4 huo5	happy; cheerful	5
快要	快要	kuai4 yao4	nearly at the point of (doing sth); about to (do sth)	2
快车	快車	kuai4 che1	express (train, bus etc)	6
快速	快速	kuai4 su4	fast; high-speed; rapid	3
快递	快遞	kuai4 di4	express delivery	4
快餐	快餐	kuai4 can1	fast food; snack; quick meal	2
快点儿	快點兒	kuai4 dian3 r5	erhua variant of 快點|快点[kuai4 dian3]	2
念	念	nian4	to read; to study (a subject); to attend (a school); to read aloud; to give (sb) a tongue-lashing (CL:頓|顿[dun4]); to miss (sb); idea; remembrance; twenty (banker's anti-fraud numeral corresponding to 廿[nian4])	3
念念不忘	念念不忘	nian4 nian4 bu4 wang4	to keep in mind constantly (idiom)	7-9
念书	念書	nian4 shu1	to read; to study; to attend school	7-9
念头	念頭	nian4 tou5	thought; idea; intention	7-9
忽悠	忽悠	hu1 you5	to rock; to sway; to flicker (e.g. of lights reflected on water); to flutter (e.g. of a flag); to trick sb into doing sth; to dupe; to con	7-9
忽然	忽然	hu1 ran2	suddenly; all of a sudden	2
忽略	忽略	hu1 lu:e4	to neglect; to overlook; to ignore	6
忽视	忽視	hu1 shi4	to neglect; to overlook; to disregard; to ignore	4
忽高忽低	忽高忽低	hu1 gao1 hu1 di1	alternately soaring and plunging	7-9
怎样	怎樣	zen3 yang4	how; what kind	2
怎么	怎麼	zen3 me5	how?; what?; why?	1
怎么样	怎麼樣	zen3 me5 yang4	how?; how about?; how was it?; how are things?	2
怎么办	怎麼辦	zen3 me5 ban4	what's to be done	2
怎么	怎麽	zen3 me5	variant of 怎麼|怎么[zen3 me5]	1
思前想后	思前想後	si1 qian2 xiang3 hou4	to consider past cause and future effect (idiom); to think over the past and future; to ponder over reasons and connection	7-9
思念	思念	si1 nian4	to think of; to long for; to miss	7-9
思想	思想	si1 xiang3	thought; thinking; idea; ideology; CL:個|个[ge4]	3
思索	思索	si1 suo3	to think deeply; to ponder	7-9
思维	思維	si1 wei2	(line of) thought; thinking	5
思考	思考	si1 kao3	to reflect on; to ponder over	4
思路	思路	si1 lu4	line of thought; way of thinking	7-9
怠工	怠工	dai4 gong1	to slacken off in one's work; to go slow (as a form of strike)	7-9
怠慢	怠慢	dai4 man4	to slight; to neglect	7-9
怡然自得	怡然自得	yi2 ran2 zi4 de2	happy and content (idiom)	7-9
急	急	ji2	urgent; pressing; rapid; hurried; worried; to make (sb) anxious	2
急剧	急劇	ji2 ju4	rapid; sudden	7-9
急忙	急忙	ji2 mang2	hastily	4
急性	急性	ji2 xing4	acute	7-9
急救	急救	ji2 jiu4	to give emergency treatment; first aid	6
急于	急於	ji2 yu2	eager to; in a hurry to	7-9
急诊	急診	ji2 zhen3	to give or receive urgent medical treatment; emergency treatment (at a hospital emergency department or from a doctor on a house call)	7-9
急转弯	急轉彎	ji2 zhuan3 wan1	to make a sudden turn	7-9
急迫	急迫	ji2 po4	urgent; pressing; imperative	7-9
急需	急需	ji2 xu1	to urgently need; urgent need	7-9
性价比	性價比	xing4 jia4 bi3	cost-performance ratio	7-9
性别	性別	xing4 bie2	sex; gender	3
性命	性命	xing4 ming4	life	7-9
性情	性情	xing4 qing2	nature; temperament	7-9
性格	性格	xing4 ge2	nature; disposition; temperament; character; CL:個|个[ge4]	3
性能	性能	xing4 neng2	function; performance; behavior	5
性质	性質	xing4 zhi4	nature; characteristic; CL:個|个[ge4]	4
怨	怨	yuan4	to blame; (bound form) resentment; hatred; grudge	5
怨恨	怨恨	yuan4 hen4	to resent; to harbor a grudge against; to loathe; resentment; rancor	7-9
怨气	怨氣	yuan4 qi4	grievance; resentment; complaint	7-9
怨言	怨言	yuan4 yan2	complaint	7-9
怪不得	怪不得	guai4 bu5 de5	no wonder!; so that's why!	7-9
怪物	怪物	guai4 wu5	monster; freak; eccentric person	7-9
怪异	怪異	guai4 yi4	monstrous; strange; strange phenomenon	7-9
恍然大悟	恍然大悟	huang3 ran2 da4 wu4	(idiom) to suddenly realize; to suddenly see the light	7-9
恐吓	恐嚇	kong3 he4	to threaten; to menace	7-9
恐怕	恐怕	kong3 pa4	fear; to dread; I'm afraid that...; perhaps; maybe	3
恐怖	恐怖	kong3 bu4	terrible; frightful; frightening; terror; terrorist	7-9
恐慌	恐慌	kong3 huang1	panic; panicky; panic-stricken	7-9
恐惧	恐懼	kong3 ju4	to be frightened; fear; dread	7-9
恐龙	恐龍	kong3 long2	dinosaur (CL:頭|头[tou2],隻|只[zhi1]); (old) (slang) ugly person	7-9
恢复	恢復	hui1 fu4	to reinstate; to resume; to restore; to recover; to regain; to rehabilitate	5
耻笑	恥笑	chi3 xiao4	to sneer at sb; to ridicule	7-9
耻辱	恥辱	chi3 ru3	disgrace; shame; humiliation	7-9
恨	恨	hen4	to hate; to regret	5
恨不得	恨不得	hen4 bu5 de5	wishing one could do sth; to hate to be unable; itching to do sth	7-9
恩人	恩人	en1 ren2	a benefactor; a person who has significantly helped sb else	6
恩怨	恩怨	en1 yuan4	gratitude and grudges; resentment; grudges; grievances	7-9
恩情	恩情	en1 qing2	kindness; affection; grace; favor	7-9
恩惠	恩惠	en1 hui4	favor; grace	7-9
恩赐	恩賜	en1 ci4	to bestow (favors, charity etc)	7-9
恭喜	恭喜	gong1 xi3	to congratulate; (interj.) congratulations!	7-9
恭维	恭維	gong1 wei5	to praise; to speak highly of; compliment; praise	7-9
息息相关	息息相關	xi1 xi1 xiang1 guan1	closely bound up (idiom); intimately related	7-9
恰到好处	恰到好處	qia4 dao4 hao3 chu4	it's just perfect; it's just right	7-9
恰好	恰好	qia4 hao3	as it turns out; by lucky coincidence; (of number, time, size etc) just right	6
恰如其分	恰如其分	qia4 ru2 qi2 fen4	(idiom) appropriate; apt; just right	7-9
恰巧	恰巧	qia4 qiao3	by chance; as chance would have it	7-9
恰恰	恰恰	qia4 qia4	exactly; just; precisely; (loanword) cha-cha; cha-cha-cha (dance)	6
恰恰相反	恰恰相反	qia4 qia4 xiang1 fan3	just the opposite	7-9
恰当	恰當	qia4 dang4	appropriate; suitable	6
悄悄	悄悄	qiao1 qiao1	quiet; making little or no noise; surreptitious; stealthy; anxious; worried; Taiwan pr. [qiao3qiao3]	5
悦耳	悅耳	yue4 er3	sweet-sounding; beautiful (of sound)	7-9
悔恨	悔恨	hui3 hen4	remorse; repentance	7-9
悠久	悠久	you1 jiu3	long (tradition, history etc)	7-9
悠闲	悠閑	you1 xian2	variant of 悠閒|悠闲; leisurely	7-9
悠闲	悠閒	you1 xian2	leisurely; carefree; relaxed	7-9
患	患	huan4	to suffer (from illness); to contract (a disease); misfortune; trouble; danger; worry	7-9
患有	患有	huan4 you3	to contract (an illness); to be afflicted with; to suffer from	7-9
患病	患病	huan4 bing4	to fall ill	7-9
患者	患者	huan4 zhe3	patient; sufferer	6
您	您	nin2	you (courteous, as opposed to informal 你[ni3])	1
悲伤	悲傷	bei1 shang1	sad; sorrowful	5
悲剧	悲劇	bei1 ju4	tragedy; CL:齣|出[chu1]	5
悲哀	悲哀	bei1 ai1	grieved; sorrowful	7-9
悲惨	悲慘	bei1 can3	miserable; tragic	6
悲欢离合	悲歡離合	bei1 huan1 li2 he2	joys and sorrows; partings and reunions; the vicissitudes of life	7-9
悲痛	悲痛	bei1 tong4	grieved; sorrowful	7-9
悲观	悲觀	bei1 guan1	pessimistic	7-9
德	悳	de2	variant of 德[de2]	7-9
闷	悶	men1	stuffy; shut indoors; to smother; to cover tightly	7-9
闷	悶	men4	bored; depressed; melancholy; sealed; airtight; tightly closed	7-9
悼念	悼念	dao4 nian4	to grieve	7-9
凄凉	悽涼	qi1 liang2	mournful; miserable	7-9
情	情	qing2	(bound form) feelings; emotion; sentiment; passion; (bound form) situation; condition	7-9
情不自禁	情不自禁	qing2 bu4 zi4 jin1	(idiom) cannot refrain from; cannot help; cannot but	7-9
情人	情人	qing2 ren2	lover; sweetheart	7-9
情侣	情侶	qing2 lu:3	sweethearts; lovers	7-9
情报	情報	qing2 bao4	information; intelligence	7-9
情形	情形	qing2 xing5	circumstances; situation; CL:個|个[ge4]	5
情感	情感	qing2 gan3	feeling; emotion; to move (emotionally)	3
情怀	情懷	qing2 huai2	feelings; mood	7-9
情景	情景	qing2 jing3	scene; spectacle; circumstances; situation	4
情况	情況	qing2 kuang4	circumstances; state of affairs; situation; CL:種|种[zhong3]	3
情节	情節	qing2 jie2	circumstances; plot; storyline	5
情结	情結	qing2 jie2	complex (psychology)	7-9
情绪	情緒	qing2 xu4	mood; state of mind; moodiness; CL:種|种[zhong3]	6
情谊	情誼	qing2 yi4	friendship; camaraderie	7-9
情调	情調	qing2 diao4	ambience; mood; flavor	7-9
情愿	情願	qing2 yuan4	willingness; would rather (agree to X than Y)	7-9
惋惜	惋惜	wan3 xi1	to regret; to feel that it is a great pity; to feel sorry for sb	7-9
恶	惡	e3	used in 惡心|恶心[e3 xin1]	7-9
恶	惡	e4	evil; fierce; vicious; ugly; coarse; to harm	7-9
恶	惡	wu4	to hate; to loathe; ashamed; to fear; to slander	7-9
恶劣	惡劣	e4 lie4	vile; nasty; of very poor quality	7-9
恶化	惡化	e4 hua4	to worsen	7-9
恶心	惡心	e3 xin1	nausea; to feel sick; disgust; nauseating; to embarrass (deliberately)	4
恶心	惡心	e4 xin1	bad habit; vicious habit; vice	4
恶性	惡性	e4 xing4	malignant; wicked; vicious (circle); producing evil; rapid (decline); runaway (inflation)	7-9
恶意	惡意	e4 yi4	malice; evil intention	7-9
惦记	惦記	dian4 ji4	to think of; to keep thinking about; to be concerned about	7-9
德	惪	de2	variant of 德[de2]	7-9
恼羞成怒	惱羞成怒	nao3 xiu1 cheng2 nu4	(idiom) to become enraged over a perceived humiliation	7-9
想	想	xiang3	to think (about); to think of; to devise; to think (that); to believe (that); to desire; to want (to); to miss (feel wistful about the absence of)	1
想不到	想不到	xiang3 bu5 dao4	unexpected; hard to imagine; it had not occurred to me; who could have thought that	6
想到	想到	xiang3 dao4	to think of; to call to mind; to anticipate	2
想念	想念	xiang3 nian4	to miss; to remember with longing; to long to see again	4
想方设法	想方設法	xiang3 fang1 she4 fa3	to think up every possible method (idiom); to devise ways and means; to try this, that and the other	7-9
想法	想法	xiang3 fa3	way of thinking; opinion; notion; to think of a way (to do sth)	2
想象	想象	xiang3 xiang4	to imagine; to envision; imagination	4
想起	想起	xiang3 qi3	to recall; to think of; to call to mind	2
蠢	惷	chun3	variant of 蠢[chun3]; stupid	7-9
惹	惹	re3	to provoke; to irritate; to vex; to stir up; to anger; to attract (troubles); to cause (problems)	7-9
愁	愁	chou2	to worry about	5
愁眉苦脸	愁眉苦臉	chou2 mei2 ku3 lian3	to look anxious (idiom); to look miserable	7-9
愈来愈	愈來愈	yu4 lai2 yu4	more and more	7-9
愈演愈烈	愈演愈烈	yu4 yan3 yu4 lie4	ever more critical; problems get more and more intense	7-9
愉快	愉快	yu2 kuai4	cheerful; happy; pleasant; delighted	6
意向	意向	yi4 xiang4	intention; purpose; intent; inclination; disposition	7-9
意味着	意味著	yi4 wei4 zhe5	to signify; to mean; to imply	5
意图	意圖	yi4 tu2	intent; intention; to intend	7-9
意外	意外	yi4 wai4	unexpected; accident; mishap; CL:個|个[ge4]	3
意志	意志	yi4 zhi4	will; willpower; determination	5
意思	意思	yi4 si5	idea; opinion; meaning; wish; desire; interest; fun; token of appreciation, affection etc; CL:個|个[ge4]; to give as a small token; to do sth as a gesture of goodwill etc	2
意想不到	意想不到	yi4 xiang3 bu4 dao4	unexpected; previously unimagined	6
意料	意料	yi4 liao4	to anticipate; to expect; expectations	7-9
意料之外	意料之外	yi4 liao4 zhi1 wai4	(idiom) contrary to expectation; unexpected	7-9
意义	意義	yi4 yi4	sense; meaning; significance; importance; CL:個|个[ge4]	3
意见	意見	yi4 jian4	idea; opinion; suggestion; objection; complaint; CL:點|点[dian3],條|条[tiao2]	2
意识	意識	yi4 shi2	consciousness; awareness; (usu. followed by 到[dao4]) to be aware of; to realize	5
意愿	意願	yi4 yuan4	aspiration; wish (for); desire	6
愚公移山	愚公移山	yu2 gong1 yi2 shan1	the old man moves mountains (idiom); fig. where there's a will, there's a way	7-9
愚蠢	愚蠢	yu2 chun3	silly; stupid	7-9
爱	愛	ai4	to love; to be fond of; to like; affection; to be inclined (to do sth); to tend to (happen)	1
爱不释手	愛不釋手	ai4 bu4 shi4 shou3	(idiom) to like sth so much that one is reluctant to put it down; to find sth utterly irresistible	7-9
爱人	愛人	ai4 ren5	spouse (PRC); lover (non-PRC); CL:個|个[ge4]	2
爱国	愛國	ai4 guo2	to love one's country; patriotic	4
爱好	愛好	ai4 hao4	to like; to be fond of; to take pleasure in; to be keen on; interest; hobby	1
爱心	愛心	ai4 xin1	compassion; kindness; care for others; love; CL:片[pian4]; charity (bazaar, golf day etc); heart (the symbol ♥)	3
爱情	愛情	ai4 qing2	romance; love (romantic); CL:份[fen4]	2
爱惜	愛惜	ai4 xi1	to cherish; to treasure; to use sparingly	7-9
爱理不理	愛理不理	ai4 li3 bu4 li3	(idiom) standoffish; indifferent	7-9
爱护	愛護	ai4 hu4	to cherish; to treasure; to take care of; to love and protect	4
爱面子	愛面子	ai4 mian4 zi5	to like to look good in the eyes of others; sensitive about how one is regarded by others; proud	7-9
感人	感人	gan3 ren2	touching; moving	6
感冒	感冒	gan3 mao4	to catch cold; (common) cold; CL:場|场[chang2],次[ci4]; (coll.) to be interested in (often used in the negative); (Tw) to detest; can't stand	3
感到	感到	gan3 dao4	to feel; to sense; to perceive	2
感动	感動	gan3 dong4	to move (sb); to touch (sb emotionally); moving	2
感受	感受	gan3 shou4	to sense; perception; to feel (through the senses); to experience; a feeling; an impression; an experience	3
感叹	感嘆	gan3 tan4	to sigh (with feeling); to lament	7-9
感性	感性	gan3 xing4	perception; perceptual; sensibility; sensitive; emotional; sentimental	7-9
感恩	感恩	gan3 en1	to be grateful	7-9
感情	感情	gan3 qing2	emotion; sentiment; affection; feelings between two persons	3
感想	感想	gan3 xiang3	impressions; reflections; thoughts; CL:通[tong4],個|个[ge4]	5
感慨	感慨	gan3 kai3	to sigh with sorrow, regret etc; rueful; deeply moved	7-9
感染	感染	gan3 ran3	to infect; infection; (fig.) to influence	7-9
感染力	感染力	gan3 ran3 li4	infectiousness (of a disease); appeal; power; impact (of an image, marketing message, performance etc)	7-9
感激	感激	gan3 ji1	to be grateful; to appreciate; thankful	7-9
感兴趣	感興趣	gan3 xing4 qu4	to be interested	4
感觉	感覺	gan3 jue2	feeling; impression; sensation; to feel; to perceive	2
感触	感觸	gan3 chu4	one's thoughts and feelings; emotional stirring; moved; touched	7-9
感谢	感謝	gan3 xie4	to thank; to be grateful	2
愣	愣	leng4	to look distracted; to stare blankly; distracted; blank; (coll.) unexpectedly; rash; rashly	7-9
愿	愿	yuan4	honest and prudent; variant of 願|愿[yuan4]	5
慈善	慈善	ci2 shan4	benevolent; charitable	7-9
慈祥	慈祥	ci2 xiang2	kindly; benevolent (often of older person)	7-9
态度	態度	tai4 du5	manner; bearing; attitude; approach; CL:個|个[ge4]	2
慌	慌	huang1	to get panicky; to lose one's head; (coll.) (after 得[de2]) unbearably; terribly	5
慌乱	慌亂	huang1 luan4	frenetic; hurried	7-9
慌张	慌張	huang1 zhang1	flustered; agitated	7-9
慌忙	慌忙	huang1 mang2	in a great rush; in a flurry	5
慎重	慎重	shen4 zhong4	cautious; careful; prudent	7-9
惨	慘	can3	miserable; wretched; cruel; inhuman; disastrous; tragic; dim; gloomy	6
惨痛	慘痛	can3 tong4	bitter; painful; deeply distressed	7-9
惨白	慘白	can3 bai2	deathly pale	7-9
惨重	慘重	can3 zhong4	disastrous	7-9
惭愧	慚愧	can2 kui4	ashamed	7-9
慢	慢	man4	slow	1
慢性	慢性	man4 xing4	slow and patient; chronic (disease); slow to take effect (e.g. a slow poison)	7-9
慢慢	慢慢	man4 man4	slowly; gradually	3
慢慢来	慢慢來	man4 man4 lai2	take your time; take it easy	7-9
慢车	慢車	man4 che1	local bus or train; slow train with many stops	6
惯	慣	guan4	accustomed to; used to; indulge; to spoil (a child)	7-9
惯例	慣例	guan4 li4	convention; usual practice	7-9
惯性	慣性	guan4 xing4	(physics) inertia; (fig.) force of habit; tendency to do things in the accustomed way; habitual	7-9
慰劳	慰勞	wei4 lao2	to show appreciation (by kind words, small gifts etc); to comfort	7-9
慰问	慰問	wei4 wen4	to express sympathy, greetings, consolation etc	5
庆典	慶典	qing4 dian3	celebration	7-9
庆幸	慶幸	qing4 xing4	to rejoice; to be glad	7-9
庆祝	慶祝	qing4 zhu4	to celebrate	3
庆贺	慶賀	qing4 he4	to congratulate; to celebrate	7-9
慷慨	慷慨	kang1 kai3	vehement; fervent; generous; magnanimous	7-9
欲望	慾望	yu4 wang4	desire; longing; appetite; craving	7-9
忧愁	憂愁	you1 chou2	to be worried	7-9
忧虑	憂慮	you1 lu:4	to worry; anxiety (about)	7-9
忧郁	憂鬱	you1 yu4	sullen; depressed; melancholy; dejected	7-9
憋	憋	bie1	to choke; to stifle; to restrain; to hold back; to hold in (urine); to hold (one's breath)	7-9
怜惜	憐惜	lian2 xi1	to take pity on; to feel tenderness toward	7-9
凭	憑	ping2	to lean against; to rely on; on the basis of; no matter (how, what etc); proof	5
凭借	憑借	ping2 jie4	to rely on; to depend on; by means of; thanks to; sth that one relies on	7-9
凭着	憑著	ping2 zhe5	relying on; on the basis of	7-9
凭证	憑證	ping2 zheng4	proof; certificate; receipt; voucher	7-9
愤怒	憤怒	fen4 nu4	angry; indignant; wrath; ire	6
宪法	憲法	xian4 fa3	constitution (of a country); CL:部[bu4]	7-9
懂	懂	dong3	to understand; to comprehend	2
懂事	懂事	dong3 shi4	to grow beyond the naivete of childhood; to be aware of what is going on in the world; (esp. of a child) sensible; thoughtful; intelligent	7-9
懂得	懂得	dong3 de5	to understand; to know; to comprehend	2
恳求	懇求	ken3 qiu2	to beg; to beseech; to entreat; entreaty	7-9
应	應	Ying1	surname Ying; Taiwan pr. [Ying4]	5
应	應	ying1	to agree (to do sth); should; ought to; must; (legal) shall	5
应	應	ying4	to answer; to respond; to comply with; to deal or cope with	5
应付	應付	ying4 fu5	to deal with; to cope	7-9
应对	應對	ying4 dui4	to answer; to reply; to handle; to deal with; response	6
应急	應急	ying4 ji2	to respond to an emergency; to meet a contingency; (attributive) emergency	6
应有尽有	應有盡有	ying1 you3 jin4 you3	everything that should be here is here (idiom); all one can think of is on hand; to have all one needs	7-9
应用	應用	ying4 yong4	to put to use; to apply; practical; applied (science, linguistics etc); application; practical use; (computing) app	3
应当	應當	ying1 dang1	should; ought to	3
应聘	應聘	ying4 pin4	to accept a job offer; to apply for an advertised position	7-9
应该	應該	ying1 gai1	ought to; should; must	2
应邀	應邀	ying4 yao1	at sb's invitation; on invitation	7-9
应酬	應酬	ying4 chou5	to engage in social activities; to socialize; dinner party; banquet; social engagement	7-9
蒙	懞	meng2	(literary) sincere; honest; genuine	6
惩罚	懲罰	cheng2 fa2	penalty; punishment; to punish	7-9
惩处	懲處	cheng2 chu3	to punish; to administer justice	7-9
懒	懶	lan3	lazy	6
懒得	懶得	lan3 de5	to not feel like (doing sth); to be disinclined to	7-9
懒惰	懶惰	lan3 duo4	idle; lazy	7-9
怀孕	懷孕	huai2 yun4	pregnant; to have conceived; gestation; pregnancy	7-9
怀念	懷念	huai2 nian4	to cherish the memory of; to think of; to reminisce	4
怀抱	懷抱	huai2 bao4	to hug; to cherish; within the bosom (of the family); to embrace (also fig. an ideal, aspiration etc)	7-9
怀疑	懷疑	huai2 yi2	to doubt (sth); to be skeptical of; to have one's doubts; to harbor suspicions; to suspect that	4
怀旧	懷舊	huai2 jiu4	to feel nostalgic; nostalgia	7-9
怀里	懷裡	huai2 li3	embrace; bosom	7-9
悬	懸	xuan2	to hang or suspend; to worry; public announcement; unresolved; baseless; without foundation	6
悬崖	懸崖	xuan2 ya2	precipice; overhanging cliff	7-9
悬念	懸念	xuan2 nian4	suspense in a movie, play etc; concern for sb's welfare	7-9
悬挂	懸掛	xuan2 gua4	to suspend; to hang; (vehicle) suspension	7-9
悬殊	懸殊	xuan2 shu1	vastly different; poles apart	7-9
恋爱	戀愛	lian4 ai4	(romantic) love; CL:個|个[ge4],場|场[chang3]; in love; to have an affair	5
恋恋不舍	戀戀不捨	lian4 lian4 bu4 she3	reluctant to part	7-9
戈壁	戈壁	Ge1 bi4	Gobi (desert)	7-9
成交	成交	cheng2 jiao1	to complete a contract; to reach a deal	5
成人	成人	cheng2 ren2	to reach adulthood; an adult	4
成分	成分	cheng2 fen4	composition; ingredient; element; component; one's social status	6
成功	成功	Cheng2 gong1	Chenggong or Chengkung town in Taitung County 臺東縣|台东县[Tai2 dong1 Xian4], southeast Taiwan	3
成功	成功	cheng2 gong1	to succeed; success; successful; fruitful	3
成千上万	成千上萬	cheng2 qian1 shang4 wan4	lit. by the thousands and tens of thousands (idiom); fig. untold numbers; innumerable; countless	7-9
成品	成品	cheng2 pin3	finished goods; a finished product	6
成员	成員	cheng2 yuan2	member	3
成问题	成問題	cheng2 wen4 ti2	to be a problem; problematic; questionable	7-9
成型	成型	cheng2 xing2	to become shaped; to become formed	7-9
成天	成天	cheng2 tian1	(coll.) all day long; all the time	7-9
成家	成家	cheng2 jia1	to settle down and get married (of a man); to become a recognized expert	7-9
成就	成就	cheng2 jiu4	accomplishment; success; achievement; CL:個|个[ge4]; to achieve (a result); to create; to bring about	3
成才	成才	cheng2 cai2	to make sth of oneself; to become a person who is worthy of respect	7-9
成效	成效	cheng2 xiao4	effect; result	5
成本	成本	cheng2 ben3	(manufacturing, production etc) costs	5
成果	成果	cheng2 guo3	result; achievement; gain; profit; CL:個|个[ge4]	3
成为	成為	cheng2 wei2	to become; to turn into	2
成熟	成熟	cheng2 shu2	mature; ripe; to mature; to ripen; Taiwan pr. [cheng2shou2]	3
成立	成立	cheng2 li4	to establish; to set up; to be tenable; to hold water	3
成绩	成績	cheng2 ji4	achievement; performance records; grades; CL:項|项[xiang4],個|个[ge4]	2
成群结队	成群結隊	cheng2 qun2 jie2 dui4	(idiom) making up a group; forming a troupe; in large numbers; as a large crowd	7-9
成语	成語	cheng2 yu3	Chinese set expression, typically of 4 characters, often alluding to a story or historical quotation; idiom; proverb; saying; adage; CL:條|条[tiao2],本[ben3],句[ju4]	5
成长	成長	cheng2 zhang3	to mature; to grow; growth	3
我	我	wo3	I; me; my	1
我们	我們	wo3 men5	we; us; ourselves; our	1
戒	戒	jie4	to guard against; to exhort; to admonish or warn; to give up or stop doing sth; Buddhist monastic discipline; ring (for a finger)	5
戒备	戒備	jie4 bei4	to take precautions; to guard against (emergency)	7-9
戒指	戒指	jie4 zhi5	(finger) ring	7-9
戒烟	戒煙	jie4 yan1	to give up smoking	7-9
或	或	huo4	maybe; perhaps; might; possibly; or	2
或多或少	或多或少	huo4 duo1 huo4 shao3	more or less	7-9
或是	或是	huo4 shi4	or; either one or the other	5
或者	或者	huo4 zhe3	or; possibly; maybe; perhaps	2
或许	或許	huo4 xu3	perhaps; maybe	4
截	截	jie2	to cut off (a length); to stop; to intercept; section; chunk; length	7-9
截止	截止	jie2 zhi3	to end; to close; (electricity) cut-off	6
截然不同	截然不同	jie2 ran2 bu4 tong2	entirely different; different as black and white	7-9
截至	截至	jie2 zhi4	up to (a time); by (a time)	6
戏	戯	xi4	variant of 戲|戏[xi4]	5
战胜	戰勝	zhan4 sheng4	to prevail over; to defeat; to surmount	4
战友	戰友	zhan4 you3	comrade-in-arms; battle companion	6
战场	戰場	zhan4 chang3	battlefield; CL:個|个[ge4]	6
战士	戰士	zhan4 shi4	fighter; soldier; warrior; CL:個|个[ge4]	4
战争	戰爭	zhan4 zheng1	war; conflict; CL:場|场[chang2],次[ci4]	4
战略	戰略	zhan4 lu:e4	strategy	6
战术	戰術	zhan4 shu4	tactics	6
战斗	戰鬥	zhan4 dou4	to fight; to engage in combat; struggle; battle; CL:場|场[chang2],次[ci4]	4
戏	戲	xi4	trick; drama; play; show; CL:齣|出[chu1],場|场[chang3],臺|台[tai2]	5
戏剧	戲劇	xi4 ju4	a drama; a play; theater; script of a play	5
戏曲	戲曲	xi4 qu3	Chinese opera	6
戳	戳	chuo1	to jab; to poke; to stab; (coll.) to sprain; to blunt; to fuck (vulgar); to stand; to stand (sth) upright; stamp; seal	7-9
戴	戴	Dai4	surname Dai	4
戴	戴	dai4	to put on or wear (glasses, hat, gloves etc); to respect; to bear; to support	4
户	戶	hu4	a household; door; family	4
户外	戶外	hu4 wai4	outdoor	6
房价	房價	fang2 jia4	house price; cost of housing	6
房地产	房地產	fang2 di4 chan3	real estate	7-9
房子	房子	fang2 zi5	house; building (single- or two-story); apartment; room; CL:棟|栋[dong4],幢[zhuang4],座[zuo4],套[tao4],間|间[jian1]	1
房屋	房屋	fang2 wu1	house; building; CL:所[suo3],套[tao4]	3
房东	房東	fang2 dong1	landlord	3
房租	房租	fang2 zu1	rent for a room or house	3
房间	房間	fang2 jian1	room; CL:間|间[jian1]	1
所以	所以	suo3 yi3	therefore; as a result; so; the reason why	2
所作所为	所作所為	suo3 zuo4 suo3 wei2	one's conduct and deeds	7-9
所在	所在	suo3 zai4	place; location; (after a noun) place where it is located	5
所属	所屬	suo3 shu3	one's affiliation (i.e. the organization one is affiliated with); subordinate (i.e. those subordinate to oneself); belonging to; affiliated; under one's command	7-9
所有	所有	suo3 you3	all; to have; to possess; to own	2
所谓	所謂	suo3 wei4	what is meant by the expression ...; what is referred to as ...; (derog.) so-called	7-9
所长	所長	suo3 chang2	what one is good at; one's strong point	3
所长	所長	suo3 zhang3	director; head of an institute, office or station	3
扁	扁	Pian1	surname Pian	6
扁	扁	bian3	flat; (coll.) to beat (sb) up; old variant of 匾[bian3]	6
扁	扁	pian1	(bound form) small	6
扇	扇	shan1	to fan; to slap sb on the face	5
扇	扇	shan4	fan; sliding, hinged or detachable flat part of sth; classifier for doors, windows etc	5
扇子	扇子	shan4 zi5	fan; CL:把[ba3]	5
手	手	shou3	hand; (formal) to hold; person engaged in certain types of work; person skilled in certain types of work; personal(ly); convenient; classifier for skill; CL:雙|双[shuang1],隻|只[zhi1]	1
手册	手冊	shou3 ce4	manual; handbook	7-9
手动	手動	shou3 dong4	manual; manually operated; manual gear-change	7-9
手势	手勢	shou3 shi4	gesture; sign; signal	7-9
手套	手套	shou3 tao4	glove; mitten; CL:雙|双[shuang1],隻|只[zhi1]	4
手工	手工	shou3 gong1	handwork; manual	4
手帕	手帕	shou3 pa4	handkerchief; CL:方[fang1]	7-9
手指	手指	shou3 zhi3	finger; CL:個|个[ge4],隻|只[zhi1]	3
手掌	手掌	shou3 zhang3	palm	7-9
手枪	手槍	shou3 qiang1	pistol; CL:把[ba3]	7-9
手机	手機	shou3 ji1	cell phone; mobile phone; CL:部[bu4],臺|台[tai2]	1
手段	手段	shou3 duan4	method; way; means (of doing sth); skill; ability; trick; wile	5
手法	手法	shou3 fa3	technique; trick; skill	5
手续	手續	shou3 xu4	procedure; CL:道[dao4],個|个[ge4]; formalities	3
手续费	手續費	shou3 xu4 fei4	service charge; processing fee; commission	6
手腕	手腕	shou3 wan4	wrist; trickery; finesse; ability; skill	7-9
手脚	手腳	shou3 jiao3	hand and foot; movement of limbs; action; trick; step in a procedure (CL:道[dao4])	7-9
手臂	手臂	shou3 bi4	arm (from shoulder to wrist); (fig.) assistant; helper	7-9
手艺	手藝	shou3 yi4	craftmanship; workmanship; handicraft; trade	7-9
手术	手術	shou3 shu4	(surgical) operation; surgery; CL:個|个[ge4]	4
手术室	手術室	shou3 shu4 shi4	operating room	7-9
手里	手裡	shou3 li3	in hand; (a situation is) in sb's hands	4
手表	手錶	shou3 biao3	wristwatch; CL:塊|块[kuai4],隻|只[zhi1],個|个[ge4]	2
手头	手頭	shou3 tou2	on hand; at hand; one's financial situation	7-9
才能	才能	cai2 neng2	talent; ability; capacity	3
才华	才華	cai2 hua2	talent; CL:份[fen4]	7-9
扎	扎	zha1	to prick; to run or stick (a needle etc) into; mug or jug used for serving beer (loanword from "jar")	6
扎	扎	zha2	used in 掙扎|挣扎[zheng1 zha2]	6
扎实	扎實	zha1 shi5	strong; solid; sturdy; firm; practical	6
扎根	扎根	zha1 gen1	to take root	7-9
扒	扒	ba1	to peel; to skin; to tear; to pull down; to cling to (sth on which one is climbing); to dig	7-9
扒	扒	pa2	to rake up; to steal; to braise; to crawl	7-9
打	打	da2	(loanword) dozen; Taiwan pr. [da3]	4
打	打	da3	a semantically light, transitive verb that is combined with various grammatical objects to form compound verbs and verb-object phrases with a diverse range of meanings (e.g. 打傘|打伞[da3 san3] "to hold an umbrella", 打電話|打电话[da3 dian4 hua4] "to make a phone call", 打針|打针[da3 zhen1] "to get an injection", 打手套[da3 shou3 tao4] "to knit gloves", 打氣|打气[da3 qi4] "to inflate"); to hit; to strike; to fight; (coll.) from; since (as in 打那以後|打那以后[da3 na4 yi3 hou4] "since then")	4
打交道	打交道	da3 jiao1 dao4	to come into contact with; to have dealings	7-9
打仗	打仗	da3 zhang4	to fight a battle; to go to war	7-9
打倒	打倒	da3 dao3	to overthrow; to knock down; Down with ... !	7-9
打动	打動	da3 dong4	to move (to pity); arousing (sympathy); touching	6
打包	打包	da3 bao1	to wrap; to pack; to put leftovers in a doggy bag for take-out; (computing) to package (i.e. create an archive file)	5
打印	打印	da3 yin4	to affix a seal; to stamp; to print out (with a printer)	2
打印机	打印機	da3 yin4 ji1	printer	6
打官司	打官司	da3 guan1 si5	to file a lawsuit; to sue; to dispute	6
打岔	打岔	da3 cha4	interruption; to interrupt (esp. talk); to change the subject	7-9
打工	打工	da3 gong1	to work a temporary or casual job; (of students) to have a job outside of class time, or during vacation	2
打扮	打扮	da3 ban5	to decorate; to dress; to make up; to adorn; manner of dressing; style of dress	5
打折	打折	da3 zhe2	to give a discount	4
打招呼	打招呼	da3 zhao1 hu5	to greet sb by word or action; to give prior notice	7-9
打扫	打掃	da3 sao3	to clean; to sweep	4
打捞	打撈	da3 lao1	to salvage; to dredge; to fish out (person or object from the sea)	7-9
打击	打擊	da3 ji1	to hit; to strike; to attack; to crack down on sth; blow; (psychological) shock; percussion (music)	5
打扰	打擾	da3 rao3	to disturb; to bother; to trouble	5
打搅	打攪	da3 jiao3	to disturb; to trouble; to bother	7-9
打败	打敗	da3 bai4	to defeat; to overpower; to beat; to be defeated	4
打断	打斷	da3 duan4	to interrupt; to break off; to break (a bone)	6
打架	打架	da3 jia4	to fight; to scuffle; to come to blows; CL:場|场[chang2]	5
打牌	打牌	da3 pai2	to play mahjong or cards	6
打猎	打獵	da3 lie4	to go hunting	7-9
打球	打球	da3 qiu2	to play ball; to play with a ball	1
打发	打發	da3 fa5	to dispatch sb to do sth; to make sb leave; to pass (the time); (old) to make arrangements; (old) to bestow (alms etc)	6
打盹儿	打盹兒	da3 dun3 r5	erhua variant of 打盹[da3 dun3]	7-9
打破	打破	da3 po4	to break; to smash	3
打磨	打磨	da3 mo2	to polish; to burnish; to shine	7-9
打算	打算	da3 suan4	to plan; to intend; to calculate; plan; intention; calculation; CL:個|个[ge4]	2
打听	打聽	da3 ting5	to ask about; to make some inquiries; to ask around	3
打车	打車	da3 che1	to take a taxi (in town); to hitch a lift	1
打通	打通	da3 tong1	to open access; to establish contact; to remove a block; to put through (a phone connection)	7-9
打造	打造	da3 zao4	to forge (metal); (fig.) to create; to build; to develop	6
打量	打量	da3 liang5	to size sb up; to look sb up and down; to take the measure of; to suppose; to reckon	7-9
打针	打針	da3 zhen1	to give or get an injection	4
打开	打開	da3 kai1	to open; to show (a ticket); to turn on; to switch on	1
打雷	打雷	da3 lei2	to rumble with thunder; clap of thunder	4
打电话	打電話	da3 dian4 hua4	to make a telephone call	1
扔	扔	reng1	to throw; to throw away	5
托	托	tuo1	to hold up in one's hand; to support with one's palm; sth serving as a support: a prop, a rest (e.g. arm rest); (bound form) a shill; to ask; to beg; to entrust (variant of 託|托[tuo1]); torr (unit of pressure)	6
托付	托付	tuo1 fu4	to entrust	7-9
扛	扛	gang1	to raise aloft with both hands; (of two or more people) to carry sth together	7-9
扛	扛	kang2	to carry on one's shoulder; (fig.) to take on (a burden, duty etc)	7-9
扣	扣	kou4	to fasten; to button; button; buckle; knot; to arrest; to confiscate; to deduct (money); discount; to knock; to smash, spike or dunk (a ball); to cover (with a bowl etc); (fig.) to tag a label on sb; (Tw) (loanword) code	6
扣人心弦	扣人心弦	kou4 ren2 xin1 xian2	to excite; to thrill; exciting; thrilling; cliff-hanging	7-9
扣押	扣押	kou4 ya1	to detain; to hold in custody; to distrain; to seize property	7-9
扣留	扣留	kou4 liu2	to detain sb; to hold sb against their will; to withhold (property, documents, funds etc)	7-9
扣除	扣除	kou4 chu2	to deduct	7-9
扭	扭	niu3	to turn; to twist; to wring; to sprain; to swing one's hips	6
扭曲	扭曲	niu3 qu1	to twist; to warp; to distort	7-9
扭转	扭轉	niu3 zhuan3	to reverse; to turn around (an undesirable situation); (mechanics) torsion	7-9
扭头	扭頭	niu3 tou2	to turn one's head; to turn around	7-9
扮	扮	ban4	to disguise oneself as; to dress up; to play (a role); to put on (an expression)	7-9
扮演	扮演	ban4 yan3	to play the role of; to act	5
扯	扯	che3	to pull; to tear; (of cloth, thread etc) to buy; to chat; to gossip; (coll.) (Tw) ridiculous; hokey	7-9
扳	扳	ban1	to pull; to turn (sth) around; to turn around (a situation); to recoup	7-9
扳	扳	pan1	variant of 攀[pan1]	7-9
扶	扶	fu2	to support with the hand; to help sb up; to support oneself by holding onto something; to help	5
扶持	扶持	fu2 chi2	to help; to assist	7-9
批准	批准	pi1 zhun3	to approve; to ratify	3
批判	批判	pi1 pan4	to criticize; critique; CL:個|个[ge4]	7-9
批发	批發	pi1 fa1	wholesale; bulk trade; distribution	7-9
批评	批評	pi1 ping2	to criticize; criticism; CL:次[ci4],番[fan1]	3
找	找	zhao3	to try to find; to look for; to call on sb; to find; to seek; to return; to give change	1
找出	找出	zhao3 chu1	to find; to search out	2
找到	找到	zhao3 dao4	to find	1
承包	承包	cheng2 bao1	to contract; to undertake (a job)	7-9
承受	承受	cheng2 shou4	to bear; to support; to inherit	4
承担	承擔	cheng2 dan1	to undertake; to assume (responsibility etc)	4
承认	承認	cheng2 ren4	to admit; to concede; to recognize; recognition (diplomatic, artistic etc); to acknowledge	4
承诺	承諾	cheng2 nuo4	to promise; to undertake to do something; commitment	6
承载	承載	cheng2 zai4	to bear the weight; to sustain	7-9
承办	承辦	cheng2 ban4	to undertake; to accept a contract	5
技巧	技巧	ji4 qiao3	skill; technique	4
技能	技能	ji4 neng2	technical ability; skill	5
技艺	技藝	ji4 yi4	skill; art	7-9
技术	技術	ji4 shu4	technology; technique; skill; CL:門|门[men2],種|种[zhong3],項|项[xiang4]	3
抄	抄	chao1	to make a copy; to plagiarize; to search and seize; to raid; to grab; to go off with; to take a shortcut; to make a turning move; to fold one's arms	4
抄写	抄寫	chao1 xie3	to copy; to transcribe	4
抄袭	抄襲	chao1 xi2	to plagiarize; to copy; to attack the flank or rear of an enemy	7-9
把手	把手	ba3 shou3	to shake hands	7-9
把手	把手	ba3 shou5	handle; grip; knob	7-9
把握	把握	ba3 wo4	to grasp (also fig.); to seize; to hold; assurance; certainty; sure (of the outcome)	3
把柄	把柄	ba3 bing3	handle; (fig.) information that can be used against sb	7-9
把关	把關	ba3 guan1	to guard a pass; to check on sth	7-9
抑制	抑制	yi4 zhi4	to inhibit; to keep down; to suppress	7-9
抑扬顿挫	抑揚頓挫	yi4 yang2 dun4 cuo4	see 頓挫抑揚|顿挫抑扬[dun4 cuo4 yi4 yang2]	7-9
抑郁	抑鬱	yi4 yu4	depressed; despondent; gloomy	7-9
抑郁症	抑鬱症	yi4 yu4 zheng4	clinical depression	7-9
抒情	抒情	shu1 qing2	to express emotion; lyric	7-9
抓	抓	zhua1	to grab; to catch; to arrest; to snatch; to scratch	3
抓住	抓住	zhua1 zhu4	to grab hold of; to capture	3
抓紧	抓緊	zhua1 jin3	to keep a firm grip on; to pay close attention to; to lose no time in (doing sth)	4
投	投	tou2	to throw (sth in a specific direction: ball, javelin, grenade etc); to cast (a ballot); to cast (a glance, a shadow etc); to put in (money for investment, a coin to operate a slot machine); to send (a letter, a manuscript etc); to throw oneself into (a river, a well etc to commit suicide); to go to; to seek refuge; to place oneself into the hands of; (coll.) to rinse (clothes) in water	4
投入	投入	tou2 ru4	to throw into; to put into; to throw oneself into; to participate in; to invest in; absorbed; engrossed	4
投奔	投奔	tou2 ben4	to seek shelter; to seek asylum	7-9
投射	投射	tou2 she4	to throw (a projectile); to cast (light)	7-9
投机	投機	tou2 ji1	congenial; agreeable; to speculate; to profiteer	7-9
投票	投票	tou2 piao4	to vote; to cast a vote	6
投稿	投稿	tou2 gao3	to submit articles for publication; to contribute (writing)	7-9
投诉	投訴	tou2 su4	to lodge a complaint	4
投资	投資	tou2 zi1	investment; to invest	4
投身	投身	tou2 shen1	to throw oneself into sth	7-9
投降	投降	tou2 xiang2	to surrender	7-9
抖	抖	dou3	to tremble; to shake out; to reveal; to make it in the world	7-9
抗拒	抗拒	kang4 ju4	to resist; to defy; to oppose	7-9
抗争	抗爭	kang4 zheng1	to resist; to make a stand and fight (against)	7-9
抗生素	抗生素	kang4 sheng1 su4	antibiotic	7-9
抗衡	抗衡	kang4 heng2	to compete with; to vie with; to counter	7-9
抗议	抗議	kang4 yi4	to protest; protest	6
折	折	she2	to snap; to break (a stick, a bone etc); (bound form) to sustain a loss (in business)	4
折	折	zhe1	to turn sth over; to turn upside down; to tip sth out (of a container)	4
折	折	zhe2	to break; to fracture; to snap; to suffer loss; to bend; to twist; to turn; to change direction; convinced; to convert into (currency); discount; rebate; tenth (in price); classifier for theatrical scenes; to fold; accounts book	4
折合	折合	zhe2 he2	to convert into; to amount to; to be equivalent to	7-9
折射	折射	zhe2 she4	to refract; refraction; to reflect (in the figurative sense: to show the nature of)	7-9
折扣	折扣	zhe2 kou4	discount	7-9
折叠	折疊	zhe2 die2	to fold; collapsible; folding (bicycle, antenna, bed etc)	7-9
折磨	折磨	zhe2 mo2	to torment; to torture	7-9
折腾	折騰	zhe1 teng5	to toss from side to side (e.g. sleeplessly); to repeat sth over and over again; to torment sb; to play crazy; to squander (time, money)	7-9
抨击	抨擊	peng1 ji1	to attack (verbally or in writing)	7-9
披	披	pi1	to drape over one's shoulders; to open; to unroll; to split open; to spread out	5
披露	披露	pi1 lu4	to reveal; to publish; to make public; to announce	7-9
抬	抬	tai2	to lift; to raise; (of two or more persons) to carry	5
抬头	抬頭	tai2 tou2	to raise one's head; to look up; (fig.) to begin to emerge; to show signs of growth; (commerce) account name, or space for writing the name on checks, bills etc	5
抱	抱	bao4	to hold; to carry (in one's arms); to hug; to embrace; to surround; to cherish; (coll.) (of clothes) to fit nicely	4
抱怨	抱怨	bao4 yuan4	to complain; to grumble; to harbor a complaint; to feel dissatisfied	5
抱歉	抱歉	bao4 qian4	to be sorry; to feel apologetic; sorry!	6
抱负	抱負	bao4 fu4	aspiration; ambition	7-9
抵制	抵制	di3 zhi4	to resist; to boycott; to refuse (to cooperate); to reject; resistance; refusal	7-9
抵抗	抵抗	di3 kang4	to resist; resistance	6
抵押	抵押	di3 ya1	to provide (an asset) as security for a loan; to put up collateral	7-9
抵挡	抵擋	di3 dang3	to resist; to hold back; to stop; to ward off; to withstand	7-9
抵消	抵消	di3 xiao1	to counteract; to cancel out; to offset	7-9
抵御	抵禦	di3 yu4	to resist; to withstand	7-9
抵触	抵觸	di3 chu4	to conflict; to contradict	7-9
抵达	抵達	di3 da2	to arrive; to reach (a destination)	6
抹	抹	ma1	to wipe	7-9
抹	抹	mo3	to smear; to wipe; to erase; classifier for wisps of cloud, light-beams etc	7-9
抹	抹	mo4	to plaster; to go around; to skirt	7-9
押	押	ya1	to mortgage; to pawn; to detain in custody; to escort and protect; (literary) to sign	7-9
押金	押金	ya1 jin1	deposit; down payment	5
抽	抽	chou1	to draw out; to pull out from in between; to remove part of the whole; to inhale (esp. smoke); (of fabric etc) to shrink; (of certain plants) to sprout; to bud; to whip; to thrash; classifier for sheets (of tissues, wet wipes etc)	4
抽屉	抽屜	chou1 ti5	drawer	7-9
抽烟	抽煙	chou1 yan1	variant of 抽菸|抽烟[chou1 yan1]	4
抽奖	抽獎	chou1 jiang3	to draw a prize; a lottery; a raffle	4
抽签	抽籤	chou1 qian1	to perform divination with sticks; to draw lots; a ballot (in share dealing)	7-9
抽烟	抽菸	chou1 yan1	to smoke (tobacco)	4
抽象	抽象	chou1 xiang4	abstract; abstraction; CL:種|种[zhong3]	7-9
拄	拄	zhu3	to lean on; to prop on	7-9
拆	拆	chai1	to tear open; to tear down; to tear apart; to open	5
拆迁	拆遷	chai1 qian1	to demolish a building and relocate the inhabitants	6
拆除	拆除	chai1 chu2	to tear down; to demolish; to dismantle; to remove	5
拉	拉	la1	to pull; to play (a bowed instrument); to drag; to draw; to chat; (coll.) to empty one's bowels	2
拉	拉	la2	to make a cut in (sth); to slit; to gash; to slash	2
拉	拉	la4	used in 拉拉蛄[la4 la4 gu3]; variant of 落[la4]	2
拉动	拉動	la1 dong4	to pull; (fig.) to stimulate (economic activity); to motivate (people to do sth)	7-9
拉拢	拉攏	la1 long3	to rope in; fig. to involve sb; to entice	7-9
拉锁	拉鎖	la1 suo3	zipper	7-9
拉开	拉開	la1 kai1	to pull open; to pull apart; to space out; to increase	4
抛	拋	pao1	to throw; to toss; to fling; to cast; to abandon	7-9
抛弃	拋棄	pao1 qi4	to abandon; to discard; to renounce; to dump (sb)	7-9
抛开	拋開	pao1 kai1	to throw out; to get rid of	7-9
拌	拌	ban4	to mix; to mix in; to toss (a salad)	7-9
拍	拍	pai1	to pat; to clap; to slap; to swat; to take (a photo); to shoot (a film); racket (sports); beat (music)	3
拍戏	拍戲	pai1 xi4	to shoot a movie	7-9
拍摄	拍攝	pai1 she4	to take (a picture); to shoot (a film)	5
拍板	拍板	pai1 ban3	wooden clappers (percussion instrument); to beat time with clappers (for a singer); (auctioneer's) board or gavel; to slap the board to signal a sale; to bring down the gavel; (fig.) to make a decision; to have the final say	7-9
拍照	拍照	pai1 zhao4	to take a picture	4
拍卖	拍賣	pai1 mai4	to auction; auction sale; to sell at a reduced price	7-9
拎	拎	lin1	to lift up; to carry in one's hand; Taiwan pr. [ling1]	7-9
拿	拏	na2	variant of 拿[na2]	1
拐	拐	guai3	to turn (a corner etc); to kidnap; to swindle; to misappropriate; seven (used as a substitute for 七[qi1]); variant of 枴|拐[guai3]	6
拐弯	拐彎	guai3 wan1	to go round a curve; to turn a corner; fig. a new direction	7-9
拐杖	拐杖	guai3 zhang4	crutches; crutch; walking stick	7-9
拒绝	拒絕	ju4 jue2	to refuse; to decline; to reject	5
拓宽	拓寬	tuo4 kuan1	to broaden	7-9
拓展	拓展	tuo4 zhan3	to expand; to extend; to broaden (client base, outlook, territory etc); (computing) to scale up; to increase system capacity	7-9
拔	拔	ba2	to pull up; to pull out; to draw out by suction; to select; to pick; to stand out (above level); to surpass; to seize	5
拖	拕	tuo1	variant of 拖[tuo1]	6
拖	拖	tuo1	to drag; to tow; to trail; to hang down; to mop (the floor); to delay; to drag on	6
拖延	拖延	tuo1 yan2	to delay; to put off; to procrastinate	7-9
拖欠	拖欠	tuo1 qian4	in arrears; behind in payments; to default on one's debts	7-9
拖累	拖累	tuo1 lei3	to encumber; to be a burden on; to implicate	7-9
拖鞋	拖鞋	tuo1 xie2	slippers; sandals; flip-flops; CL:雙|双[shuang1],隻|只[zhi1]	6
拘束	拘束	ju1 shu4	to restrict; to restrain; constrained; awkward; ill at ease; uncomfortable; reticent	7-9
拘留	拘留	ju1 liu2	to detain (as a prisoner); to keep sb in custody	7-9
拙劣	拙劣	zhuo1 lie4	clumsy; botched	7-9
招	招	zhao1	to recruit; to provoke; to beckon; to incur; to infect; contagious; a move (chess); a maneuver; device; trick; to confess	6
招募	招募	zhao1 mu4	to recruit; to enlist	7-9
招呼	招呼	zhao1 hu5	to call out to; to greet; to say hello to; to inform; to take care of; to take care that one does not	4
招待	招待	zhao1 dai4	to hold a reception; to offer hospitality; to entertain (guests); to serve (customers)	7-9
招待会	招待會	zhao1 dai4 hui4	a reception; CL:次[ci4]	7-9
招手	招手	zhao1 shou3	to wave; to beckon	5
招揽	招攬	zhao1 lan3	to attract (customers); to drum up (trade)	7-9
招收	招收	zhao1 shou1	to hire; to recruit	7-9
招数	招數	zhao1 shu4	move (in chess, on stage, in martial arts); gambit; trick; scheme; movement; same as 著數|着数[zhao1 shu4]	7-9
招标	招標	zhao1 biao1	to invite bids	7-9
招牌	招牌	zhao1 pai5	signboard; shop sign; reputation of a business	7-9
招生	招生	zhao1 sheng1	to enroll new students; to get students	5
招聘	招聘	zhao1 pin4	to invite applications for a job; to recruit	6
拜年	拜年	bai4 nian2	to pay a New Year call; to wish sb a Happy New Year	7-9
拜会	拜會	bai4 hui4	(often used in the context of diplomacy) to meet with; to pay a visit to; to call on	7-9
拜见	拜見	bai4 jian4	to pay a formal visit; to call to pay respects; to meet one's senior or superior	7-9
拜托	拜託	bai4 tuo1	to request sb to do sth; please!	7-9
拜访	拜訪	bai4 fang3	to pay a visit; to call on	5
括弧	括弧	kuo4 hu2	parentheses; brackets	7-9
括号	括號	kuo4 hao4	parentheses; brackets	4
拯救	拯救	zheng3 jiu4	to save; to rescue	7-9
拱	拱	gong3	to cup one's hands in salute; to surround; to arch; to dig earth with the snout; arched	7-9
拳	拳	quan2	fist; boxing	7-9
拳头	拳頭	quan2 tou5	fist; (of a product, service, project etc) flagship; key; core	7-9
拴	拴	shuan1	to tie up	7-9
拼	拼	pin1	to piece together; to put together; to pool (resources etc); to share; to risk all; to go all out; to spell (words)	5
拼命	拼命	pin1 ming4	to do one's utmost; with all one's might; at all costs; (to work or fight) as if one's life depends on it	7-9
拼搏	拼搏	pin1 bo2	to struggle; to wrestle	7-9
拽	拽	ye4	variant of 曳[ye4]	7-9
拽	拽	zhuai1	to throw; to fling	7-9
拽	拽	zhuai3	self-satisfied; cocky (alternative written form of 跩[zhuai3])	7-9
拽	拽	zhuai4	to pull; to tug at (sth)	7-9
拾	拾	she4	to ascend in light steps	5
拾	拾	shi2	to pick up; to collate or arrange; ten (banker's anti-fraud numeral)	5
拿	拿	na2	to hold; to seize; to catch; to apprehend; to take; (used in the same way as 把[ba3]: to mark the following noun as a direct object)	1
拿出	拿出	na2 chu1	to take out; to put out; to provide; to put forward (a proposal); to come up with (evidence)	2
拿到	拿到	na2 dao4	to get; to obtain	2
拿手	拿手	na2 shou3	expert in; good at	7-9
拿走	拿走	na2 zou3	to take away	6
持	持	chi2	to hold; to grasp; to support; to maintain; to persevere; to manage; to run (i.e. administer); to control	7-9
持久	持久	chi2 jiu3	lasting; enduring; persistent; permanent; protracted; endurance; persistence; to last long	7-9
持之以恒	持之以恆	chi2 zhi1 yi3 heng2	to pursue unremittingly (idiom); to persevere	7-9
持有	持有	chi2 you3	to hold (passport, views etc)	6
持续	持續	chi2 xu4	to continue; to persist; to last; sustainable; preservation	3
指	指	zhi3	finger; to point at or to; to indicate or refer to; to depend on; to count on; (of hair) to stand on end	3
指令	指令	zhi3 ling4	to order; to command; an order; a command; an instruction	7-9
指出	指出	zhi3 chu1	to indicate; to point out	3
指南	指南	zhi3 nan2	to guide; guidebook	7-9
指南针	指南針	zhi3 nan2 zhen1	compass	7-9
指向	指向	zhi3 xiang4	to point towards; aimed at; facing; the direction indicated	7-9
指定	指定	zhi3 ding4	to appoint; to assign; to indicate clearly and with certainty; designated	6
指导	指導	zhi3 dao3	to guide; to direct; to instruct; coach; trainer	3
指引	指引	zhi3 yin3	to guide; to show; to point (the way); directions; guidance; guidelines	7-9
指手画脚	指手畫腳	zhi3 shou3 hua4 jiao3	to gesticulate while talking (idiom); to explain by waving one's hands; to criticize or give orders summarily	7-9
指挥	指揮	zhi3 hui1	to conduct; to command; to direct; conductor (of an orchestra); CL:個|个[ge4]	4
指教	指教	zhi3 jiao4	to offer advice, guidance, or feedback	7-9
指数	指數	zhi3 shu4	(numerical, statistical) index; (math.) exponent; index; exponential (function, growth)	6
指望	指望	zhi3 wang4	to count on; to hope for; prospect; hope	7-9
指标	指標	zhi3 biao1	(production) target; quota; index; indicator; sign; signpost; (computing) pointer	5
指甲	指甲	zhi3 jia5	fingernail	5
指示	指示	zhi3 shi4	to point out; to indicate; to instruct; directives; instructions; CL:個|个[ge4]	5
指责	指責	zhi3 ze2	to criticize; to find fault with; to denounce	5
指头	指頭	zhi3 tou5	finger; toe; CL:個|个[ge4]	6
指点	指點	zhi3 dian3	to point out; to indicate; to give directions; to show how (to do sth); to censure; to pick at	7-9
按	按	an4	to press; to push; to leave aside or shelve; to control; to restrain; to keep one's hand on; to check or refer to; according to; in the light of; (of an editor or author) to make a comment	3
按摩	按摩	an4 mo2	massage; to massage	5
按时	按時	an4 shi2	on time; before deadline; on schedule	4
按照	按照	an4 zhao4	according to; in accordance with; on the basis of	3
按理说	按理說	an4 li3 shuo1	it is reasonable to say that...	7-9
按说	按說	an4 shuo1	in the ordinary course of events; ordinarily; normally	7-9
按键	按鍵	an4 jian4	button or key (on a device); keystroke; CL:個|个[ge4]; to press a button	7-9
挎	挎	kua4	to carry (esp. slung over the arm, shoulder or side)	7-9
挑	挑	tiao1	to carry on a shoulder pole; to choose; to pick; to nitpick	4
挑	挑	tiao3	to raise; to dig up; to poke; to prick; to incite; to stir up	4
挑剔	挑剔	tiao1 ti5	picky; fussy	7-9
挑战	挑戰	tiao3 zhan4	to challenge; to take on a challenge; a challenge	4
挑起	挑起	tiao3 qi3	to provoke; to stir up; to incite	7-9
挑选	挑選	tiao1 xuan3	to choose; to select	4
挑衅	挑釁	tiao3 xin4	to provoke; provocation	7-9
挖	挖	wa1	to dig; to excavate; to scoop out	6
挖掘	挖掘	wa1 jue2	to excavate; (lit and fig.) to unearth; to dig into	7-9
挖苦	挖苦	wa1 ku3	to speak sarcastically; to make cutting remarks; also pr. [wa1 ku5]	7-9
挨	挨	ai1	in order; in sequence; close to; adjacent to	6
挨	挨	ai2	to suffer; to endure; to pull through (hard times); to delay; to stall; to play for time; to dawdle	6
挨家挨户	挨家挨戶	ai1 jia1 ai1 hu4	to go from house to house	7-9
挨打	挨打	ai2 da3	to take a beating; to come under attack	6
挨着	挨著	ai1 zhe5	near	6
挪	挪	nuo2	to shift; to move	7-9
挫折	挫折	cuo4 zhe2	setback; reverse; check; defeat; frustration; disappointment; to frustrate; to discourage; to set sb back; to blunt; to subdue	7-9
振作	振作	zhen4 zuo4	to bestir oneself; to pull oneself together; to cheer up; to uplift; to stimulate	7-9
振动	振動	zhen4 dong4	to vibrate; to shake; vibration	5
振奋	振奮	zhen4 fen4	to stir oneself up; to raise one's spirits; to inspire	7-9
振兴	振興	Zhen4 xing1	see 振興區|振兴区[Zhen4 xing1 Qu1]	7-9
振兴	振興	zhen4 xing1	to revive; to revitalize; to invigorate; to re-energize	7-9
弄	挵	nong4	old variant of 弄[nong4]	2
挺好	挺好	ting3 hao3	very good	2
挽	挽	wan3	to pull; to draw (a cart or a bow); to roll up; to coil; to carry on the arm; to lament the dead; (fig.) to pull against; to recover	7-9
挽回	挽回	wan3 hui2	to retrieve; to redeem	7-9
挽救	挽救	wan3 jiu4	to save; to remedy; to rescue	7-9
挟持	挾持	xie2 chi2	to seize (sb) by the arms; to hold under duress; to abduct	7-9
捂	捂	wu3	to enclose; to cover with the hand (one's eyes, nose or ears); to cover up (an affair); contrary; to contradict	7-9
救	捄	jiu4	variant of 救[jiu4]	3
捅	捅	tong3	to poke; to jab; to give (sb) a nudge; to prod; to disclose; to reveal	7-9
捆	捆	kun3	a bunch; to tie together; bundle	7-9
捉	捉	zhuo1	to clutch; to grab; to capture	6
捉迷藏	捉迷藏	zhuo1 mi2 cang2	to play hide-and-seek	7-9
捍卫	捍衛	han4 wei4	to defend; to uphold; to safeguard	7-9
捎	捎	shao1	to bring sth to sb; to deliver	7-9
捏	捏	nie1	to hold between the thumb and fingers; to pinch; to mold (using the fingers); to hold (lit. in one's hand and fig.); to join together; to fabricate (a story, a report, etc)	7-9
捐	捐	juan1	to relinquish; to abandon; to contribute; to donate; (bound form) tax; levy	6
捐助	捐助	juan1 zhu4	to donate; to offer (aid); contribution; donation	6
捐款	捐款	juan1 kuan3	to donate money; to contribute funds; donation; contribution (of money)	6
捐献	捐獻	juan1 xian4	to donate; to contribute	7-9
捐赠	捐贈	juan1 zeng4	to contribute (as a gift); to donate; benefaction	6
捕	捕	bu3	to catch; to seize; to capture	6
捕捉	捕捉	bu3 zhuo1	to catch; to seize; to capture	7-9
捧	捧	peng3	to hold or offer with both hands; to sing the praises of; classifier for what can be held in both hands	7-9
捧场	捧場	peng3 chang3	to show one's support for a performer or theatrical troupe etc by attending their show; to attend an event to cheer on the participants; to patronize a restaurant or store; to sing the praises of	7-9
舍不得	捨不得	she3 bu5 de5	to hate to do sth; to hate to part with; to begrudge	5
舍得	捨得	she3 de5	to be willing to part with sth	5
据	据	ju1	used in 拮据[jie2 ju1]	6
据	据	ju4	variant of 據|据[ju4]	6
卷	捲	juan3	to roll up; to sweep up; to carry along; a roll; classifier for rolls, spools etc	4
卷入	捲入	juan3 ru4	to be drawn into; to be involved in	7-9
捶	捶	chui2	to beat (with a stick or one's fist); to thump; to pound	7-9
掀	掀	xian1	to lift (a lid); to rock; to convulse	7-9
掀起	掀起	xian1 qi3	to lift; to raise (a lid etc); (of a storm) to surge; to stir up (waves etc); (fig.) to trigger; set off (a wave of popularity, a controversy etc)	7-9
扫	掃	sao3	to sweep (with a brush or broom); to sweep away; to wipe out; to get rid of; to sweep (one's eyes etc) over; to scan	4
扫	掃	sao4	(bound form) a (large) broom	4
扫墓	掃墓	sao3 mu4	to sweep a grave (and pay one's respects to the dead person)	7-9
扫描	掃描	sao3 miao2	to scan	7-9
扫兴	掃興	sao3 xing4	to spoil things; to dampen spirits; to feel deflated; to be dispirited	7-9
扫除	掃除	sao3 chu2	to clean; to clean up; to eliminate; to wipe out	7-9
抡	掄	lun1	to swing (one's arms, a heavy object); to wave (a sword, one's fists); to fling (money)	7-9
抡	掄	lun2	to select	7-9
授予	授予	shou4 yu3	to award; to confer	7-9
授权	授權	shou4 quan2	to authorize	7-9
掉	掉	diao4	to fall; to drop; to lag behind; to lose; to go missing; to reduce; fall (in prices); to lose (value, weight etc); to wag; to swing; to turn; to change; to exchange; to swap; to show off; to shed (hair); (used after certain verbs to express completion, fulfillment, removal etc)	2
掉队	掉隊	diao4 dui4	to fall behind; to drop out	7-9
掉头	掉頭	diao4 tou2	to turn one's head; to turn round; to turn about	7-9
掌握	掌握	zhang3 wo4	to grasp (often fig.); to control; to seize (initiative, opportunity, destiny); to master; to know well; to understand sth well and know how to use it; fluency	5
掌管	掌管	zhang3 guan3	in charge of; to control	7-9
掌声	掌聲	zhang3 sheng1	applause; CL:陣|阵[zhen4]	6
掏	掏	tao1	to fish out (from pocket); to scoop	6
掏钱	掏錢	tao1 qian2	to pay; to spend money; to fork out	7-9
掐	掐	qia1	to pick (flowers); to pinch; to nip; to pinch off; to clutch; (slang) to fight	7-9
排列	排列	pai2 lie4	to arrange in order; (math.) permutation	4
排名	排名	pai2 ming2	to rank (1st, 2nd etc); ranking	3
排放	排放	pai2 fang4	to arrange in order; to emit; to discharge (exhaust gas, waste water etc); (of animals) to ovulate; to discharge semen	7-9
排斥	排斥	pai2 chi4	to reject; to exclude; to eliminate; to remove; to repel	7-9
排球	排球	pai2 qiu2	volleyball; CL:個|个[ge4]	2
排练	排練	pai2 lian4	to rehearse; rehearsal	7-9
排行榜	排行榜	pai2 hang2 bang3	the charts (of best-sellers); table of ranking	6
排除	排除	pai2 chu2	to eliminate; to remove; to exclude; to rule out	5
排队	排隊	pai2 dui4	to line up	2
挣	掙	zheng1	used in 掙扎|挣扎[zheng1 zha2]	5
挣	掙	zheng4	to struggle to get free; to strive to acquire; to make (money)	5
挣扎	掙扎	zheng1 zha2	to struggle	7-9
挣钱	掙錢	zheng4 qian2	to make money	5
挂	掛	gua4	to hang; to suspend (from a hook etc); to hang up (the phone); (of a line) to be dead; to be worried; to be concerned; (dialect) to make a phone call; to register (at a hospital); to make an appointment (with a doctor); (slang) to kill; to die; to be finished; to fail (an exam); classifier for sets or clusters of objects	3
挂失	掛失	gua4 shi1	to report the loss of something	7-9
挂念	掛念	gua4 nian4	to feel anxious about; to have (sth) weighing on one's mind	7-9
挂号	掛號	gua4 hao4	to register (at a hospital etc); to send by registered mail	7-9
挂钩	掛鉤	gua4 gou1	to couple; to link; to hook together; (fig.) (preceded by 與|与[yu3] + {entity}) to establish contact (with {entity}); (Tw) to collude (with {entity}); (fig.) to link (marketing efforts with production etc); to peg (welfare payments to inflation etc); to tie (remuneration to performance etc); hook (on which to hang sth); latch hook; coupling	7-9
掠夺	掠奪	lu:e4 duo2	to plunder; to rob	7-9
采	採	cai3	to pick; to pluck; to collect; to select; to choose; to gather	7-9
采取	採取	cai3 qu3	to adopt or carry out (measures, policies, course of action); to take	3
采用	採用	cai3 yong4	to adopt; to employ; to use	3
采矿	採礦	cai3 kuang4	mining	7-9
采纳	採納	cai3 na4	to accept; to adopt	6
采访	採訪	cai3 fang3	to interview; to gather news; to hunt for and collect; to cover	4
采购	採購	cai3 gou4	to procure (for an enterprise etc); to purchase	5
采集	採集	cai3 ji2	to gather; to collect; to harvest	7-9
探	探	tan4	to explore; to search out; to scout; to visit; to stretch forward	7-9
探望	探望	tan4 wang4	to visit; to call on sb; to look around	7-9
探求	探求	tan4 qiu2	to seek; to pursue; to investigate	7-9
探测	探測	tan4 ce4	to probe; to survey	7-9
探索	探索	tan4 suo3	to explore; to probe	6
探亲	探親	tan4 qin1	to go home to visit one's family	7-9
探讨	探討	tan4 tao3	to investigate; to probe	6
探险	探險	tan4 xian3	to explore; to go on an expedition; adventure	7-9
接	接	jie1	to receive; to answer (the phone); to meet or welcome sb; to connect; to catch; to join; to extend; to take one's turn on duty; to take over for sb	2
接下来	接下來	jie1 xia4 lai2	to accept; to take; next; following	2
接二连三	接二連三	jie1 er4 lian2 san1	(idiom) one after another; in quick succession	7-9
接到	接到	jie1 dao4	to receive (letter etc)	2
接力	接力	jie1 li4	relay	7-9
接受	接受	jie1 shou4	to accept (a suggestion, punishment, bribe etc); to acquiesce	2
接待	接待	jie1 dai4	to receive; to entertain; to host (guests, visitors or clients)	3
接手	接手	jie1 shou3	to take over (duties etc); catcher (baseball etc)	7-9
接收	接收	jie1 shou1	reception (of transmitted signal); to receive; to accept; to admit; to take over (e.g. a factory); to expropriate	6
接替	接替	jie1 ti4	to replace; to take over (a position or post)	7-9
接济	接濟	jie1 ji4	to give material assistance to	7-9
接班	接班	jie1 ban1	to take over (from those working the previous shift); to take over (in a leadership role etc); to succeed sb	7-9
接班人	接班人	jie1 ban1 ren2	successor	7-9
接纳	接納	jie1 na4	to admit (to membership)	7-9
接听	接聽	jie1 ting1	to answer the phone	7-9
接着	接著	jie1 zhe5	to catch and hold on; to continue; to go on to do sth; to follow; to carry on; then; after that; subsequently; to proceed; to ensue; in turn; in one's turn	2
接见	接見	jie1 jian4	to receive sb; to grant an interview	7-9
接触	接觸	jie1 chu4	to touch; to contact; access; in touch with	5
接轨	接軌	jie1 gui3	railtrack connection; to integrate into sth; to dock; to connect; to be in step with; to bring into line with; to align	7-9
接近	接近	jie1 jin4	to approach; to get close to	3
接送	接送	jie1 song4	to pick up and drop off; to ferry back and forth	7-9
接通	接通	jie1 tong1	to connect; to put through	7-9
接连	接連	jie1 lian2	on end; in a row; in succession	5
控制	控制	kong4 zhi4	to control	5
控告	控告	kong4 gao4	to accuse; to charge; to indict	7-9
推	推	tui1	to push; to cut; to refuse; to reject; to decline; to shirk (responsibility); to put off; to delay; to push forward; to nominate; to elect; massage	2
推出	推出	tui1 chu1	to push out; to release; to launch; to publish; to recommend	6
推动	推動	tui1 dong4	to push (e.g. for acceptance of a plan); to promote; to give impetus to	3
推卸	推卸	tui1 xie4	to avoid (esp. responsibility); to shift (the blame); to pass the buck	7-9
推广	推廣	tui1 guang3	to extend; to spread; to popularize; generalization; promotion (of a product etc)	3
推敲	推敲	tui1 qiao1	to think over	7-9
推断	推斷	tui1 duan4	to infer; to deduce; to predict; to extrapolate	7-9
推测	推測	tui1 ce4	speculation; to conjecture; to surmise; to speculate	7-9
推理	推理	tui1 li3	reasoning; inference; to infer; to deduce	7-9
推移	推移	tui1 yi2	(of time) to elapse; to pass; (of a situation) to develop; to evolve; to shift; to slide; to move smoothly and continuously along a surface	7-9
推算	推算	tui1 suan4	to calculate; to reckon; to extrapolate (in calculation)	7-9
推翻	推翻	tui1 fan1	to overthrow	7-9
推荐	推薦	tui1 jian4	to recommend	7-9
推行	推行	tui1 xing2	to implement; to carry out; to introduce (a policy, system, reform etc); to promote; to advance (the practice of an art form, the use of a language etc); to push along (a bicycle etc while walking)	5
推辞	推辭	tui1 ci2	to decline (an appointment, invitation etc)	7-9
推进	推進	tui1 jin4	to impel; to carry forward; to push on; to advance; to drive forward	3
推迟	推遲	tui1 chi2	to postpone; to put off; to defer	4
推选	推選	tui1 xuan3	to elect; to choose	7-9
推销	推銷	tui1 xiao1	to market; to sell	4
推开	推開	tui1 kai1	to push open (a gate etc); to push away; to reject; to decline	3
掩盖	掩蓋	yan3 gai4	to conceal; to hide behind; to cover up	7-9
掩护	掩護	yan3 hu4	to screen; to shield; to cover; protection; cover; CL:面[mian4]	7-9
掩饰	掩飾	yan3 shi4	to cover up; to conceal; to mask; to gloss over	7-9
措手不及	措手不及	cuo4 shou3 bu4 ji2	no time to deal with it (idiom); caught unprepared	7-9
措施	措施	cuo4 shi1	measure; step; CL:個|个[ge4]	4
掰	掰	bai1	to break off or break open sth with one's hands; (fig.) to break off (a relationship)	7-9
碰	掽	peng4	variant of 碰[peng4]	2
拣	揀	jian3	to choose; to pick; to sort out; to pick up	7-9
揉	揉	rou2	to knead; to massage; to rub	7-9
揍	揍	zou4	to hit; to beat (sb); (coll.) to smash (sth)	7-9
描写	描寫	miao2 xie3	to describe; to depict; to portray; depiction; portrayal	4
描绘	描繪	miao2 hui4	to describe; to depict; to portray	7-9
描述	描述	miao2 shu4	to describe; description	4
提	提	di1	used in 提防[di1 fang5] and 提溜[di1 liu5]	2
提	提	ti2	to carry (hanging down from the hand); to lift; to put forward; to mention; to raise (an issue); upwards character stroke; lifting brush stroke (in painting); scoop for measuring liquid	2
提交	提交	ti2 jiao1	to submit (a report etc); to refer (a problem) to sb	6
提供	提供	ti2 gong1	to offer; to supply; to provide; to furnish	4
提倡	提倡	ti2 chang4	to promote; to advocate	5
提出	提出	ti2 chu1	to raise (an issue); to propose; to put forward; to suggest; to post (on a website); to withdraw (cash)	2
提到	提到	ti2 dao4	to mention; to raise (a subject); to refer to	2
提前	提前	ti2 qian2	to shift to an earlier date; to do sth ahead of time; in advance	3
提升	提升	ti2 sheng1	to promote (to a higher-ranking position); to lift; to hoist; (fig.) to elevate; to raise; to improve	6
提名	提名	ti2 ming2	to nominate	7-9
提问	提問	ti2 wen4	to question; to quiz; to grill	3
提心吊胆	提心吊膽	ti2 xin1 diao4 dan3	(idiom) nervous; fearful; on edge	7-9
提拔	提拔	ti2 ba2	to promote to a higher job; to select for promotion	7-9
提早	提早	ti2 zao3	ahead of schedule; sooner than planned; to bring forward (to an earlier time)	7-9
提炼	提煉	ti2 lian4	to extract (ore, minerals etc); to refine; to purify; to process	7-9
提示	提示	ti2 shi4	to point out; to remind (sb of sth); to suggest; suggestion; tip; reminder; notice	5
提议	提議	ti2 yi4	to propose; to suggest; proposal; suggestion	7-9
提起	提起	ti2 qi3	to mention; to bring up; (lit. and fig.) to lift; to raise; to initiate (legal proceedings)	5
提速	提速	ti2 su4	to increase the specified cruising speed; to pick up speed; to speed up	7-9
提醒	提醒	ti2 xing3	to remind; to call attention to; to warn of	4
提防	提防	di1 fang5	to guard against; to be vigilant; watch you don't (slip); Taiwan pr. [ti2 fang2]	7-9
提高	提高	ti2 gao1	to raise; to increase; to improve	2
捏	揑	nie1	variant of 捏[nie1]	7-9
插	插	cha1	to insert; stick in; pierce; to take part in; to interfere; to interpose	5
插嘴	插嘴	cha1 zui3	to interrupt (sb talking); to butt in; to cut into a conversation	7-9
插图	插圖	cha1 tu2	illustration	7-9
插手	插手	cha1 shou3	to get involved in; to meddle; interference	7-9
扬	揚	Yang2	abbr. for Yangzhou 揚州|扬州[Yang2 zhou1] in Jiangsu; surname Yang	7-9
扬	揚	yang2	to raise; to hoist; the action of tossing or winnowing; scattering (in the wind); to flutter; to propagate	7-9
换	換	huan4	to exchange; to change (clothes etc); to substitute; to switch; to convert (currency)	2
换位	換位	huan4 wei4	to swap places; (logic) conversion; (car maintenance) to rotate (tires)	7-9
换取	換取	huan4 qu3	to obtain (sth) in exchange; to exchange (sth) for (sth else)	7-9
换成	換成	huan4 cheng2	to exchange (sth) for (sth else); to replace with; to convert into	7-9
换言之	換言之	huan4 yan2 zhi1	in other words	7-9
握	握	wo4	to hold; to grasp; to clench (one's fist); (bound form) to have in one's control; classifier: a handful	5
握手	握手	wo4 shou3	to shake hands	3
揣	揣	chuai1	to put into (one's pockets, clothes); Taiwan pr. [chuai3]	7-9
揣	揣	chuai3	to estimate; to guess; to figure; to surmise	7-9
揣	揣	chuai4	used in 囊揣[nang1 chuai4]; used in 掙揣|挣揣[zheng4 chuai4]	7-9
揣摩	揣摩	chuai3 mo2	to analyze; to try to figure out; to try to fathom	7-9
揣测	揣測	chuai3 ce4	to guess; to conjecture	7-9
揪	揪	jiu1	to seize; to clutch; to grab firmly and pull	7-9
揭	揭	Jie1	surname Jie	6
揭	揭	jie1	to take the lid off; to expose; to unmask	6
揭晓	揭曉	jie1 xiao3	to announce publicly; to publish; to make known; to disclose	7-9
揭发	揭發	jie1 fa1	to expose; to bring to light; to disclose; revelation	7-9
揭示	揭示	jie1 shi4	to reveal; to elucidate; to set forth; to articulate; to announce publicly; to promulgate	7-9
揭露	揭露	jie1 lu4	to expose; to unmask; to ferret out; to disclose; disclosure	7-9
挥	揮	hui1	to wave; to brandish; to command; to conduct; to scatter; to disperse	7-9
援助	援助	yuan2 zhu4	to help; to support; to aid; aid; assistance	6
插	揷	cha1	old variant of 插[cha1]	5
背	揹	bei1	variant of 背[bei1]	3
损	損	sun3	(bound form) to decrease; to diminish; (bound form) to harm; to damage; (coll.) to ridicule; to deride; (coll.) mean; nasty; sarcastic	7-9
损人利己	損人利己	sun3 ren2 li4 ji3	harming others for one's personal benefit (idiom); personal gain to the detriment of others	7-9
损伤	損傷	sun3 shang1	to harm; to damage; to injure; impairment; loss; disability	7-9
损坏	損壞	sun3 huai4	to damage; to injure	7-9
损失	損失	sun3 shi1	loss; damage; CL:個|个[ge4]; to lose; to suffer damage	5
损害	損害	sun3 hai4	harm; to damage; to impair	5
搏斗	搏鬥	bo2 dou4	to wrestle; to fight; to struggle	7-9
搓	搓	cuo1	to rub or roll between the hands or fingers; to twist	7-9
摇	搖	Yao2	surname Yao	4
摇	搖	yao2	to shake; to rock; to row; to crank	4
摇摇欲坠	搖搖欲墜	yao2 yao2 yu4 zhui4	tottering; on the verge of collapse	7-9
摇摆	搖擺	yao2 bai3	to sway; to wobble; to waver	7-9
摇晃	搖晃	yao2 huang4	to rock; to shake; to sway	7-9
摇滚	搖滾	yao2 gun3	rock 'n' roll (music); to rock; to fall off	7-9
摇篮	搖籃	yao2 lan2	cradle (for a baby); (fig.) cradle; birthplace (of a civilization, movement etc)	7-9
摇头	搖頭	yao2 tou2	to shake one's head	5
捣乱	搗亂	dao3 luan4	to disturb; to look for trouble; to stir up a row; to bother sb intentionally	7-9
搜	搜	sou1	to search; variant of 蒐|搜[sou1]	5
搜寻	搜尋	sou1 xun2	to search; to look for	7-9
搜救	搜救	sou1 jiu4	search and rescue	7-9
搜查	搜查	sou1 cha2	to search	7-9
搜索	搜索	sou1 suo3	to search (a place, a database, online etc); to search for (sth)	5
搞	搞	gao3	to do; to make; to go in for; to set up; to get hold of; to take care of	5
搞好	搞好	gao3 hao3	to do well at; to do a good job	5
搞笑	搞笑	gao3 xiao4	to get people to laugh; funny; hilarious	7-9
搞鬼	搞鬼	gao3 gui3	to make mischief; to play tricks	7-9
捶	搥	chui2	variant of 捶[chui2]	7-9
搬	搬	ban1	to move (i.e. relocate oneself); to move (sth relatively heavy or bulky); to shift; to copy indiscriminately	3
搬家	搬家	ban1 jia1	to move house; to relocate; to remove (sth)	3
搬迁	搬遷	ban1 qian1	to move; to relocate; removal	7-9
搭	搭	da1	to put up; to build (scaffolding); to hang (clothes on a pole); to connect; to join; to arrange in pairs; to match; to add; to throw in (resources); to take (boat, train); variant of 褡[da1]	6
搭乘	搭乘	da1 cheng2	to ride as a passenger; to travel by (car, plane etc)	7-9
搭建	搭建	da1 jian4	to build (esp. with simple materials); to knock together (a temporary shed); to rig up	7-9
搭档	搭檔	da1 dang4	to cooperate; partner	6
搭配	搭配	da1 pei4	to pair up; to match; to arrange in pairs; to add sth into a group	6
掏	搯	tao1	variant of 掏[tao1]	6
抢	搶	qiang1	(literary) to knock against (esp. to knock one's head on the ground in grief or rage); opposite in direction; contrary	5
抢	搶	qiang3	to fight over; to rush; to scramble; to grab; to rob; to snatch	5
抢劫	搶劫	qiang3 jie2	to rob; looting	7-9
抢夺	搶奪	qiang3 duo2	to plunder; to pillage; to forcibly take	7-9
抢救	搶救	qiang3 jiu4	to rescue	5
抢眼	搶眼	qiang3 yan3	eye-catching	7-9
榨	搾	zha4	variant of 榨[zha4]; to press; to extract (juice)	7-9
扛	摃	gang1	old variant of 扛[gang1]	7-9
摔	摔	shuai1	to throw down; to fall; to drop and break	5
摔倒	摔倒	shuai1 dao3	to fall down; to slip and fall; to throw sb to the ground	5
摔跤	摔跤	shuai1 jiao1	to trip and fall; to wrestle; wrestling (sports)	7-9
摘	摘	zhai1	to take; to pick (flowers, fruit etc); to pluck; to remove; to take off (glasses, hat etc); to select; to pick out; to borrow money at a time of urgent need	5
搂	摟	lou1	to draw towards oneself; to gather; to gather up (one's gown, sleeves etc); to grab (money); to extort	7-9
搂	摟	lou3	to hug; to embrace; to hold in one's arms	7-9
摧毁	摧毀	cui1 hui3	to destroy; to wreck	7-9
摩托	摩托	mo2 tuo1	(loanword) motor; (loanword) motorbike; motorcycle (abbr. for 摩托車|摩托车[mo2 tuo1 che1])	5
摩擦	摩擦	mo2 ca1	friction; rubbing; chafing; fig. disharmony; conflict; also written 磨擦	5
抠	摳	kou1	to dig; to pick; to scratch (with a finger or sth pointed); to carve; to cut; to study meticulously; stingy; miserly; to lift up (esp. the hem of a robe)	7-9
摸	摸	mo1	to feel with the hand; to touch; to stroke; to grope; to steal; to abstract	4
摸	摸	mo2	variant of 摹[mo2]	4
摸索	摸索	mo1 suo5	to feel about; to grope about; to fumble; to do things slowly	7-9
折	摺	zhe2	variant of 折[zhe2]; to fold	4
掺	摻	chan1	to mix; to blend; to dilute; to adulterate	7-9
掺	摻	shan3	to grasp	7-9
撇	撇	pie1	to cast away; to fling aside	7-9
撇	撇	pie3	to throw; to cast; left-slanting downward brush stroke (calligraphy)	7-9
捞	撈	lao1	to fish up; to dredge up	7-9
撑	撐	cheng1	to support; to prop up; to push or move with a pole; to maintain; to open or unfurl; to fill to bursting point; brace; stay; support	6
撒	撒	sa1	to let go; to cast; to let loose; to discharge; to give expression to; (coll.) to pee	7-9
撒	撒	sa3	to scatter; to sprinkle; to spill	7-9
撒谎	撒謊	sa1 huang3	to tell lies	7-9
挠	撓	nao2	to scratch; to thwart; to yield	7-9
撕	撕	si1	to tear	7-9
撞	撞	zhuang4	to knock against; to bump into; to run into; to meet by accident	5
撞击	撞擊	zhuang4 ji1	to strike; to hit; to ram	7-9
撤	撤	che4	to remove; to take away	7-9
撤换	撤換	che4 huan4	to dismiss and replace (sb); to replace (sb or sth)	7-9
撤销	撤銷	che4 xiao1	to repeal; to revoke; (computing) to undo	6
撤离	撤離	che4 li2	to withdraw from; to evacuate	6
拨	撥	bo1	to push aside with the hand, foot, a stick etc; to dial; to allocate; to set aside (money); to poke (the fire); to pluck (a string instrument); to turn round; classifier: group, batch	7-9
拨打	撥打	bo1 da3	to call; to dial	6
拨款	撥款	bo1 kuan3	to allocate funds; appropriation	7-9
拨通	撥通	bo1 tong1	to get through to sb on the phone	7-9
扯	撦	che3	variant of 扯[che3]; to pull; to tear	7-9
抚恤	撫卹	fu3 xu4	(of an organization that has a duty of care) to give financial support to relatives of sb who has died or suffered serious injury	7-9
抚摸	撫摸	fu3 mo1	to gently caress and stroke; to pet; to fondle	7-9
抚养	撫養	fu3 yang3	to foster; to bring up; to raise	7-9
抚养费	撫養費	fu3 yang3 fei4	child support payment (after a divorce)	7-9
撬	撬	qiao4	to lift; to pry open; to lever open	7-9
播	播	bo1	(bound form) to sow (seeds); to spread (ideas, rumors etc); to broadcast (radio signals etc); Taiwan pr. [bo4]	6
播出	播出	bo1 chu1	to broadcast; to air (a TV program etc)	3
播放	播放	bo1 fang4	to broadcast; to transmit (by radio or TV)	3
撰写	撰寫	zhuan4 xie3	to write; to compose	7-9
扑	撲	pu1	to throw oneself at; to pounce on; to devote one's energies; to flap; to flutter; to dab; to pat; to bend over	6
扑克	撲克	pu1 ke4	poker (game) (loanword); playing cards	7-9
扑面而来	撲面而來	pu1 mian4 er2 lai2	lit. sth hits one in the face; directly in one's face; sth assaults the senses; blatant (advertising); eye-catching; (a smell) assaults the nostrils	7-9
捡	撿	jian3	to pick up; to collect; to gather	6
拥抱	擁抱	yong1 bao4	to embrace; to hug	5
拥挤	擁擠	yong1 ji3	crowded; to throng; congestion	7-9
拥有	擁有	yong1 you3	to have; to possess; to own	5
拥护	擁護	yong1 hu4	to endorse; to support	7-9
擅自	擅自	shan4 zi4	without permission	7-9
擅长	擅長	shan4 chang2	to be good at; to be expert in	7-9
挡	擋	dang3	to resist; to obstruct; to hinder; to keep off; to block (a blow); to get in the way of; cover; gear (e.g. in a car's transmission)	5
挡	擋	dang4	to arrange; to put in order	5
操作	操作	cao1 zuo4	to work; to operate; to manipulate	4
操劳	操勞	cao1 lao2	to work hard; to look after	7-9
操场	操場	cao1 chang3	playground; sports field; drill ground; CL:個|个[ge4]	4
操心	操心	cao1 xin1	to worry about	7-9
操控	操控	cao1 kong4	to control; to manipulate	7-9
操纵	操縱	cao1 zong4	to operate; to control; to rig; to manipulate	6
担	擔	dan1	to undertake; to carry; to shoulder; to take responsibility	7-9
担	擔	dan4	picul (100 catties, 50 kg); two buckets full; carrying pole and its load; classifier for loads carried on a shoulder pole	7-9
担任	擔任	dan1 ren4	to hold a governmental office or post; to assume office of; to take charge of; to serve as	4
担保	擔保	dan1 bao3	to guarantee; to vouch for	4
担子	擔子	dan4 zi5	carrying pole and the loads on it; burden; task; responsibility; CL:副[fu4]	7-9
担心	擔心	dan1 xin1	anxious; worried; uneasy; to worry; to be anxious	4
担忧	擔憂	dan1 you1	to worry; to be concerned	6
担当	擔當	dan1 dang1	to take upon oneself; to assume	7-9
担负	擔負	dan1 fu4	to shoulder; to bear; to undertake	7-9
据	據	ju4	according to; to act in accordance with; to depend on; to seize; to occupy	6
据悉	據悉	ju4 xi1	according to reports; it is reported (that)	7-9
据此	據此	ju4 ci3	accordingly; in view of the above	7-9
据说	據說	ju4 shuo1	it is said that; reportedly	3
挤	擠	ji3	to crowd in; to cram in; to force others aside; to press; to squeeze; to find (time in one's busy schedule)	5
挤压	擠壓	ji3 ya1	to squeeze; to compress; (fig.) to crowd out; to put pressure on	7-9
抬	擡	tai2	variant of 抬[tai2]	5
擦	擦	ca1	to rub; to scratch; to wipe; to polish; to apply (lipstick, lotion etc); to brush (past); to shred (a vegetable etc)	4
举	擧	ju3	variant of 舉|举[ju3]	2
拟	擬	ni3	to plan to; to draft (a plan); to imitate; to assess; to compare; pseudo-	7-9
拟定	擬定	ni3 ding4	to draw up; to draft; to formulate	7-9
拧	擰	ning2	to pinch; wring	7-9
拧	擰	ning3	mistake; to twist	7-9
拧	擰	ning4	stubborn	7-9
搁	擱	ge1	to place; to put aside; to shelve	7-9
搁	擱	ge2	to bear; to stand; to endure; Taiwan pr. [ge1]	7-9
搁浅	擱淺	ge1 qian3	to be stranded (of ship); to run aground; fig. to run into difficulties and stop	7-9
搁置	擱置	ge1 zhi4	to shelve; to set aside	7-9
扩	擴	kuo4	to enlarge	7-9
扩大	擴大	kuo4 da4	to expand; to enlarge; to broaden one's scope	4
扩展	擴展	kuo4 zhan3	to extend; to expand; extension; expansion	4
扩建	擴建	kuo4 jian4	to extend (a building, an airport runway etc)	7-9
扩张	擴張	kuo4 zhang1	expansion; dilation; to expand (e.g. one's power or influence); to broaden	7-9
扩散	擴散	kuo4 san4	to spread; to proliferate; to diffuse	7-9
摆	擺	bai3	to arrange; to exhibit; to move to and fro; a pendulum	4
摆动	擺動	bai3 dong4	to sway; to swing; to move back and forth; to oscillate	4
摆平	擺平	bai3 ping2	to be fair; to be impartial; to settle (a matter etc)	7-9
摆放	擺放	bai3 fang4	to set up; to arrange; to lay out	7-9
摆脱	擺脫	bai3 tuo1	to break away from; to cast off (old ideas etc); to get rid of; to break away (from); to break out (of); to free oneself from; to extricate oneself	4
摆设	擺設	bai3 she4	to set out; to display; to furnish (a room or house)	7-9
摆设	擺設	bai3 she5	ornament; decorative item; (fig.) sth that is merely for show	7-9
扰乱	擾亂	rao3 luan4	to disturb; to perturb; to harass	7-9
攀	攀	pan1	to climb (by pulling oneself up); to implicate; to claim connections of higher status	7-9
攀升	攀升	pan1 sheng1	to clamber up; (of prices etc) to rise	7-9
拦	攔	lan2	to block sb's path; to obstruct; to flag down (a taxi)	7-9
搀	攙	chan1	to take by the arm and assist; variant of 摻|掺[chan1]	7-9
携带	攜帶	xie2 dai4	to carry (on one's person); to support (old); Taiwan pr. [xi1 dai4]	7-9
携手	攜手	xie2 shou3	hand in hand; to join hands; to collaborate	7-9
摄像	攝像	she4 xiang4	to videotape	5
摄像机	攝像機	she4 xiang4 ji1	video camera; CL:部[bu4]	5
摄影	攝影	she4 ying3	to take a photograph; photography; to shoot (a movie)	5
摄影师	攝影師	she4 ying3 shi1	photographer; cinematographer; cameraman	5
摄氏度	攝氏度	She4 shi4 du4	°C (degrees Celsius)	7-9
攒	攢	cuan2	to bring together	7-9
攒	攢	zan3	to collect; to hoard; to accumulate; to save	7-9
摊	攤	tan1	to spread out; vendor's stand	7-9
挡	攩	dang3	variant of 擋|挡[dang3]	5
搅	攪	jiao3	to disturb; to annoy; to mix; to stir	7-9
搅拌	攪拌	jiao3 ban4	to stir; to agitate	7-9
揽	攬	lan3	to monopolize; to seize; to take into one's arms; to embrace; to fasten (with a rope etc); to take on (responsibility etc); to canvass	7-9
支付	支付	zhi1 fu4	to pay (money)	3
支出	支出	zhi1 chu1	to spend; to pay out; expenses; expenditure	5
支持	支持	zhi1 chi2	to be in favor of; to support; to back; support; backing; to stand by; CL:個|个[ge4]	3
支援	支援	zhi1 yuan2	to provide assistance; to support; to back	6
支撑	支撐	zhi1 cheng1	to prop up; to support; strut; brace	6
支柱	支柱	zhi1 zhu4	mainstay; pillar; prop; backbone	7-9
支票	支票	zhi1 piao4	check (bank); cheque; CL:本[ben3]	7-9
支配	支配	zhi1 pei4	to control; to dominate; to allocate	5
收	收	shou1	to receive; to accept; to collect; to put away; to restrain; to stop; in care of (used on address line after name)	2
收入	收入	shou1 ru4	to take in; income; revenue; CL:筆|笔[bi3],個|个[ge4]	2
收到	收到	shou1 dao4	to receive	2
收取	收取	shou1 qu3	to receive; to collect	6
收回	收回	shou1 hui2	to regain; to retake; to take back; to withdraw; to revoke	4
收复	收復	shou1 fu4	to recover (lost territory etc); to recapture	7-9
收拾	收拾	shou1 shi5	to put in order; to tidy up; to pack; to repair; (coll.) to sort sb out; to fix sb	5
收据	收據	shou1 ju4	receipt; CL:張|张[zhang1]	7-9
收支	收支	shou1 zhi1	cash flow; financial balance; income and expenditure	7-9
收敛	收斂	shou1 lian3	to dwindle; to vanish; to make vanish; to exercise restraint; to curb (one's mirth, arrogance etc); to astringe; (math.) to converge	7-9
收获	收獲	shou1 huo4	variant of 收穫|收获[shou1 huo4]	4
收留	收留	shou1 liu2	to offer shelter; to have sb in one's care	7-9
收益	收益	shou1 yi4	earnings; profit	4
收看	收看	shou1 kan4	to watch (a TV program)	3
收获	收穫	shou1 huo4	to harvest; to reap; to gain; crop; harvest; profit; gain; bonus; reward	4
收缩	收縮	shou1 suo1	to pull back; to shrink; to contract; (physiology) systole	7-9
收听	收聽	shou1 ting1	to listen to (a radio broadcast)	3
收藏	收藏	shou1 cang2	to collect (works of art, dolls, antiques etc); to put away for safekeeping; (Internet) to bookmark; a collection	6
收视率	收視率	shou1 shi4 lu:4	ratings (of a TV show)	7-9
收买	收買	shou1 mai3	to purchase; to buy; to bribe; to buy off	7-9
收费	收費	shou1 fei4	to charge a fee	3
收购	收購	shou1 gou4	to purchase or acquire in bulk or at an official level (esp. by a state or organization); to acquire or take over (a company or equity); acquisition; takeover	5
收集	收集	shou1 ji2	to gather; to collect	5
收音机	收音機	shou1 yin1 ji1	radio; CL:臺|台[tai2]	3
收养	收養	shou1 yang3	to take in and care for (an elderly person, a dog etc); to adopt (a child); adoption	6
考	攷	kao3	to beat; to hit; variant of 考[kao3]; to inspect; to test; to take an exam	1
改	改	gai3	to change; to alter; to transform; to correct	2
改动	改動	gai3 dong4	to alter; to modify; to revise	7-9
改名	改名	gai3 ming2	to rename	7-9
改善	改善	gai3 shan4	to make better; to improve	4
改日	改日	gai3 ri4	another day; some other day	7-9
改正	改正	gai3 zheng4	to correct; to amend; to put right; correction; CL:個|个[ge4]	4
改为	改為	gai3 wei2	to change into	7-9
改版	改版	gai3 ban3	to revise the current edition; revised edition	7-9
改编	改編	gai3 bian1	to adapt; to rearrange; to revise	7-9
改良	改良	gai3 liang2	to improve (sth); to reform (a system)	7-9
改装	改裝	gai3 zhuang1	to change one's costume; to repackage; to remodel; to refit; to modify; to convert	6
改变	改變	gai3 bian4	to change; to alter; to transform	2
改造	改造	gai3 zao4	to transform; to reform; to remodel; to remold	3
改进	改進	gai3 jin4	to improve; to make better; improvement	3
改邪归正	改邪歸正	gai3 xie2 gui1 zheng4	to mend one's ways (idiom); to turn over a new leaf	7-9
改革	改革	gai3 ge2	reform; CL:次[ci4],種|种[zhong3],項|项[xiang4]; to reform	5
改革开放	改革開放	gai3 ge2 kai1 fang4	to reform and open to the outside world; refers to Deng Xiaoping's policies from around 1980	7-9
攻	攻	gong1	to attack; to accuse; to study; (LGBT) top	7-9
攻击	攻擊	gong1 ji1	to attack; to accuse; to charge; an attack (terrorist or military)	6
攻读	攻讀	gong1 du2	to major (in a field); to study a specialty to obtain a higher degree	7-9
攻关	攻關	gong1 guan1	to storm a strategic pass; fig. to tackle a key problem	7-9
放	放	fang4	to put; to place; to release; to free; to let go; to let out; to set off (fireworks)	1
放下	放下	fang4 xia4	to lay down; to put down; to let go of; to relinquish; to set aside; to lower (the blinds etc)	2
放假	放假	fang4 jia4	to have a holiday or vacation	1
放大	放大	fang4 da4	to enlarge; to magnify	5
放学	放學	fang4 xue2	to dismiss students at the end of the school day	1
放心	放心	fang4 xin1	to feel relieved; to feel reassured; to be at ease	2
放映	放映	fang4 ying4	to project (an image onto a screen); to show (a movie, slide etc)	7-9
放弃	放棄	fang4 qi4	to renounce; to abandon; to give up	5
放水	放水	fang4 shui3	to turn on the water; to let water out; (sports) to throw a game	7-9
放纵	放縱	fang4 zong4	to indulge; to pamper; to connive at; permissive; indulgent; self-indulgent; unrestrained; undisciplined; uncultured; boorish	7-9
放置	放置	fang4 zhi4	to put	7-9
放肆	放肆	fang4 si4	wanton; unbridled; presumptuous; impudent	7-9
放过	放過	fang4 guo4	to let off; to let slip by; to let sb get away with sth	7-9
放松	放鬆	fang4 song1	to relax; to slacken; to loosen	4
政府	政府	zheng4 fu3	government; CL:個|个[ge4]	4
政权	政權	zheng4 quan2	regime; political power	6
政治	政治	zheng4 zhi4	politics; political	4
政策	政策	zheng4 ce4	policy; CL:個|个[ge4]	6
政党	政黨	zheng4 dang3	political party; CL:個|个[ge4]	6
故	故	gu4	happening; instance; reason; cause; intentional; former; old; friend; therefore; hence; (of people) to die, dead	7-9
故事	故事	gu4 shi4	old practice	2
故事	故事	gu4 shi5	narrative; story; tale	2
故意	故意	gu4 yi4	deliberately; on purpose	2
故乡	故鄉	gu4 xiang1	home; homeland; native place; CL:個|个[ge4]	3
故障	故障	gu4 zhang4	malfunction; breakdown; defect; shortcoming; fault; failure; impediment; error; bug (in software)	6
效力	效力	xiao4 li4	effectiveness; positive effect; to serve (in some capacity)	7-9
效应	效應	xiao4 ying4	effect (scientific phenomenon)	7-9
效果	效果	xiao4 guo3	result; effect; efficacy; (theater) sound or visual effects	3
效率	效率	xiao4 lu:4	efficiency	4
效益	效益	xiao4 yi4	benefit; effectiveness; efficiency	7-9
敏感	敏感	min3 gan3	sensitive; susceptible	5
敏捷	敏捷	min3 jie2	nimble; quick; shrewd	7-9
敏锐	敏銳	min3 rui4	keen; sharp; acute	7-9
救	救	jiu4	to save; to assist; to rescue	3
救助	救助	jiu4 zhu4	to help sb in trouble; aid; assistance	6
救命	救命	jiu4 ming4	to save sb's life; (interj.) Help!; Save me!	6
救援	救援	jiu4 yuan2	to save; to support; to help; to assist	6
救治	救治	jiu4 zhi4	to provide critical care (to a patient or a diseased plant)	7-9
救济	救濟	jiu4 ji4	emergency relief; to help the needy with cash or goods	7-9
救灾	救災	jiu4 zai1	to relieve disaster; to help disaster victims	5
救护车	救護車	jiu4 hu4 che1	ambulance; CL:輛|辆[liang4]	7-9
败	敗	bai4	to defeat; to damage; to lose (to an opponent); to fail; to wither	4
叙述	敘述	xu4 shu4	to relate (a story or information); to tell or talk about; to recount; narration; telling; narrative; account	7-9
教	教	Jiao4	surname Jiao	1
教	教	jiao1	to teach; to instruct	1
教	教	jiao4	(bound form) to teach; to instruct; a religion; to cause (sb to do sth); to tell (sb to do sth)	1
教堂	教堂	jiao4 tang2	church; chapel; CL:座[zuo4],所[suo3],間|间[jian1]	6
教学	教學	jiao1 xue2	to teach (as a professor)	2
教学	教學	jiao4 xue2	teaching; instruction; CL:次[ci4]	2
教学楼	教學樓	jiao4 xue2 lou2	school building; academic building	1
教室	教室	jiao4 shi4	classroom; CL:間|间[jian1]	2
教师	教師	jiao4 shi1	teacher; CL:個|个[ge4]	2
教授	教授	jiao4 shou4	professor; to instruct; to lecture on; CL:個|个[ge4],位[wei4]	4
教材	教材	jiao4 cai2	teaching material; CL:本[ben3]	3
教条	教條	jiao4 tiao2	doctrine; dogma; creed; dogmatic	7-9
教科书	教科書	jiao4 ke1 shu1	textbook; CL:本[ben3]	7-9
教练	教練	jiao4 lian4	to coach; to train; instructor; sports coach; trainer (CL:位[wei4],名[ming2])	3
教育	教育	jiao4 yu4	to educate; to teach; education	2
教育部	教育部	Jiao4 yu4 bu4	Ministry of Education	6
教训	教訓	jiao4 xun5	to provide guidance; to lecture sb; to upbraid; a talking-to; a bitter lesson; CL:番[fan1],頓|顿[dun4]	4
教养	教養	jiao4 yang3	to educate; to bring up; to nurture; upbringing; breeding; culture	7-9
敞开	敞開	chang3 kai1	to open wide; unrestrictedly	7-9
敢	敢	gan3	to dare; daring; (polite) may I venture	3
敢情	敢情	gan3 qing5	actually; as it turns out; indeed; of course	7-9
敢于	敢於	gan3 yu2	to have the courage to do sth; to dare to; bold in	6
散	散	san3	scattered; loose; to come loose; to fall apart; leisurely; powdered medicine	5
散	散	san4	to scatter; to break up (a meeting etc); to disperse; to disseminate; to dispel; (coll.) to sack	5
散布	散佈	san4 bu4	to disseminate	7-9
散文	散文	san3 wen2	(broadly) prose (as opposed to verse); (more narrowly) free-form literary prose, such as essays, sketches and reflections	5
散步	散步	san4 bu4	to take a walk; to go for a walk	3
散发	散發	san4 fa1	to distribute; to emit; to give off	7-9
敦促	敦促	dun1 cu4	to press; to urge; to hasten	7-9
敦厚	敦厚	dun1 hou4	genuine; honest and sincere	7-9
敬	敬	jing4	(bound form) respectful; to respect; to offer politely	7-9
敬佩	敬佩	jing4 pei4	to esteem; to admire	7-9
敬意	敬意	jing4 yi4	respect; esteem; high regard	7-9
敬爱	敬愛	jing4 ai4	to respect and love; to hold in high esteem	7-9
敬业	敬業	jing4 ye4	dedicated to one's work	7-9
敬礼	敬禮	jing4 li3	to salute; salute	7-9
敬而远之	敬而遠之	jing4 er2 yuan3 zhi1	to show respect from a distance (idiom); to remain at a respectful distance	7-9
敬请	敬請	jing4 qing3	please (do sth) (deferential form)	7-9
敬酒	敬酒	jing4 jiu3	to toast; to propose a toast	7-9
敬重	敬重	jing4 zhong4	to respect deeply; to revere; to esteem	7-9
扬	敭	yang2	variant of 揚|扬[yang2]	7-9
敲	敲	qiao1	to hit; to strike; to tap; to rap; to knock; to rip sb off; to overcharge	5
敲诈	敲詐	qiao1 zha4	to rip off; to extort (money); extortion; blackmail	7-9
敲边鼓	敲邊鼓	qiao1 bian1 gu3	to back sb up; to support sb in an argument; (lit. to beat nearby drum)	7-9
敲门	敲門	qiao1 men2	to knock on a door	5
整	整	zheng3	(bound form) whole; complete; entire; (before a measure word) whole; (before or after number + measure word) exactly; (bound form) in good order; tidy; neat; (bound form) to put in order; to straighten; (bound form) to repair; to mend; to renovate; (coll.) to fix sb; to give sb a hard time; to mess with sb; (dialect) to tinker with; to do sth to	3
整个	整個	zheng3 ge4	whole; entire; total	3
整合	整合	zheng3 he2	to conform; to integrate	7-9
整天	整天	zheng3 tian1	all day long; whole day	3
整整	整整	zheng3 zheng3	whole; full	3
整数	整數	zheng3 shu4	whole number; integer (math.); round figure	7-9
整治	整治	zheng3 zhi4	to bring under control; to regulate; to restore to good condition; (coll.) to fix (a person); to prepare (a meal etc)	6
整洁	整潔	zheng3 jie2	neatly; tidy	7-9
整理	整理	zheng3 li3	to arrange; to tidy up; to sort out; to straighten out; to list systematically; to collate (data, files); to pack (luggage)	3
整顿	整頓	zheng3 dun4	to tidy up; to reorganize; to consolidate; to rectify	6
整体	整體	zheng3 ti3	whole; entirety; overall; whole; general; on the whole; overall	3
整齐	整齊	zheng3 qi2	orderly; neat; even; tidy	3
敌人	敵人	di2 ren2	enemy; CL:個|个[ge4]	4
敷	敷	fu1	to spread; to lay out; to apply (powder, ointment etc); sufficient (to cover); enough	7-9
数	數	shu3	to count; to count as; to regard as; to enumerate; to list	2
数	數	shu4	number; figure; several; a few	2
数	數	shuo4	(literary) frequently; repeatedly	2
数字	數字	shu4 zi4	numeral; digit; number; figure; amount; digital (electronics etc); CL:個|个[ge4]	2
数据	數據	shu4 ju4	data	4
数据库	數據庫	shu4 ju4 ku4	(computing) database	7-9
数目	數目	shu4 mu4	amount; number	5
数码	數碼	shu4 ma3	number; numerals; figures; digital; amount; numerical code	4
数量	數量	shu4 liang4	amount; quantity; quantitative; (math.) scalar quantity	3
数额	數額	shu4 e2	amount; sum of money; fixed number	7-9
文	文	Wen2	surname Wen	7-9
文	文	wen2	language; culture; writing; formal; literary; gentle; (old) classifier for coins; Kangxi radical 67	7-9
文人	文人	wen2 ren2	cultivated individual; scholar; literati	7-9
文件	文件	wen2 jian4	document; file; CL:份[fen4]	3
文具	文具	wen2 ju4	stationery; item of stationery (pen, pencil, eraser, pencil sharpener etc)	7-9
文化	文化	wen2 hua4	culture; civilization; cultural; CL:個|个[ge4],種|种[zhong3]	3
文娱	文娛	wen2 yu2	cultural recreation; entertainment	6
文字	文字	wen2 zi4	character; script; writing; written language; writing style; phraseology; CL:個|个[ge4]	3
文学	文學	wen2 xue2	literature	3
文凭	文憑	wen2 ping2	diploma	7-9
文明	文明	wen2 ming2	civilized; civilization; culture; CL:個|个[ge4]	3
文物	文物	wen2 wu4	cultural relic; historical relic; CL:件[jian4],個|个[ge4]	7-9
文献	文獻	wen2 xian4	reference material (used in scholarly study)	7-9
文盲	文盲	wen2 mang2	illiterate	7-9
文科	文科	wen2 ke1	liberal arts; humanities	7-9
文章	文章	wen2 zhang1	article; essay; literary works; writings; hidden meaning; CL:篇[pian1],段[duan4],頁|页[ye4]	3
文艺	文藝	wen2 yi4	literature and art	5
文雅	文雅	wen2 ya3	elegant; refined	7-9
斑点	斑點	ban1 dian3	spot; stain; speckle	7-9
斗	斗	Dou3	abbr. for the Big Dipper constellation 北斗星[Bei3 dou3 xing1]	7-9
斗	斗	dou3	dry measure for grain equal to ten 升[sheng1] or one-tenth of a 石[dan4]; decaliter; peck; cup or dipper shaped object; old variant of 陡[dou3]	7-9
料到	料到	liao4 dao4	to foresee; to anticipate	7-9
料理	料理	liao4 li3	to arrange; to handle; to cook; cuisine; art of cooking	7-9
斜	斜	xie2	inclined; slanting; oblique; tilting	5
斤	斤	jin1	catty; (PRC) weight equal to 500 g; (Tw) weight equal to 600 g; (HK, Malaysia, Singapore) slightly over 604 g	2
斧子	斧子	fu3 zi5	axe; hatchet; CL:把[ba3]	7-9
斩	斬	zhan3	to behead (as form of capital punishment); to chop	7-9
斩草除根	斬草除根	zhan3 cao3 chu2 gen1	to cut weeds and eliminate the roots (idiom); to destroy root and branch; to eliminate completely	7-9
新	新	Xin1	abbr. for Xinjiang 新疆[Xin1 jiang1]; abbr. for Singapore 新加坡[Xin1 jia1 po1]; surname Xin	1
新	新	xin1	new; newly; meso- (chemistry)	1
新人	新人	xin1 ren2	newcomer; new recruit; fresh talent; newlywed, esp. new bride; newlywed couple; bride and groom; (paleoanthropology) later-period Homo sapiens	6
新型	新型	xin1 xing2	new type; new kind	4
新奇	新奇	xin1 qi2	novel; new; exotic	7-9
新娘	新娘	xin1 niang2	bride	4
新年	新年	xin1 nian2	New Year; CL:個|个[ge4]	1
新式	新式	xin1 shi4	new style; latest type	7-9
新房	新房	xin1 fang2	brand new house; bridal chamber	7-9
新手	新手	xin1 shou3	new hand; novice; raw recruit	7-9
新款	新款	xin1 kuan3	new style; latest fashion; new model	7-9
新潮	新潮	xin1 chao2	modern; fashionable	7-9
新生	新生	xin1 sheng1	new; newborn; emerging; nascent; rebirth; regeneration; new life; new student	7-9
新颖	新穎	xin1 ying3	lit. new bud; fig. new and original	7-9
新闻	新聞	xin1 wen2	news; CL:條|条[tiao2]	2
新兴	新興	Xin1 xing1	see 新興縣|新兴县[Xin1 xing1 Xian4]; see 新興區|新兴区[Xin1 xing1 Qu1]	6
新兴	新興	xin1 xing1	(of markets, industries, infectious diseases etc) rising; emerging; in the ascendant	6
新郎	新郎	xin1 lang2	bridegroom; groom	4
新陈代谢	新陳代謝	xin1 chen2 dai4 xie4	metabolism (biology); the new replaces the old (idiom)	7-9
新鲜	新鮮	xin1 xian1	fresh (experience, food etc); freshness; novel; uncommon	4
断	斷	duan4	to break; to snap; to cut off; to give up or abstain from sth; to judge; (usu. used in the negative) absolutely; definitely; decidedly	3
断定	斷定	duan4 ding4	to conclude; to determine; to come to a judgment	7-9
断断续续	斷斷續續	duan4 duan4 xu4 xu4	intermittent; off and on; discontinuous; stop-go; stammering; disjointed; inarticulate	7-9
断裂	斷裂	duan4 lie4	fracture; rupture; to break apart	7-9
方	方	Fang1	surname Fang	4
方	方	fang1	square; power or involution (math.); upright; honest; fair and square; direction; side; party (to a contract, dispute etc); place; method; prescription (medicine); just when; only or just; classifier for square things; abbr. for square or cubic meter	4
方便	方便	fang1 bian4	convenient; suitable; to facilitate; to make things easy; having money to spare; (euphemism) to relieve oneself	2
方便面	方便麵	fang1 bian4 mian4	instant noodles	2
方向	方向	fang1 xiang4	direction; orientation	2
方向盘	方向盤	fang1 xiang4 pan2	steering wheel	7-9
方式	方式	fang1 shi4	way; method; manner; mode; pattern (of behavior etc); CL:種|种[zhong3]	3
方方面面	方方面面	fang1 fang1 mian4 mian4	all sides; all aspects; multifaceted	7-9
方案	方案	fang1 an4	plan; program (for action etc); proposal; proposed bill; CL:個|个[ge4],套[tao4]	4
方法	方法	fang1 fa3	method; way; technique; procedure	2
方言	方言	Fang1 yan2	the first Chinese dialect dictionary, edited by Yang Xiong 揚雄|扬雄[Yang2 Xiong2] in 1st century, containing over 9000 characters	7-9
方言	方言	fang1 yan2	topolect; dialect	7-9
方针	方針	fang1 zhen1	policy; guidelines; CL:個|个[ge4]	4
方面	方面	fang1 mian4	respect; aspect; field; side; CL:個|个[ge4]	2
于	於	yu2	(of time or place) in; at; on; (indicating any indirect relation) to; toward; vis-à-vis; with regard to; for; (indicating a source) from; out of; (used in comparison) than; (used in the passive voice) by	6
于是	於是	yu2 shi4	thereupon; as a result; consequently; thus; hence	4
施加	施加	shi1 jia1	to exert (effort or pressure)	7-9
施压	施壓	shi1 ya1	to pressure	7-9
施工	施工	shi1 gong1	construction; to carry out construction or large-scale repairs	7-9
施行	施行	shi1 xing2	to put in place; to put into practice; to take effect	7-9
旁	旁	pang2	one side; other; different; lateral component of a Chinese character (such as 刂[dao1], 亻[ren2] etc)	5
旁观	旁觀	pang2 guan1	spectator; non-participant	7-9
旁边	旁邊	pang2 bian1	side; adjacent place	1
旅客	旅客	lu:3 ke4	traveler; tourist	2
旅店	旅店	lu:3 dian4	inn; small hotel	6
旅程	旅程	lu:3 cheng2	journey; trip	7-9
旅行	旅行	lu:3 xing2	to travel; journey; trip; CL:趟[tang4],次[ci4]	2
旅行社	旅行社	lu:3 xing2 she4	travel agency	3
旅途	旅途	lu:3 tu2	journey; trip	7-9
旅游	旅遊	lu:3 you2	trip; journey; tourism; travel; tour; to travel	2
旅馆	旅館	lu:3 guan3	hotel; CL:家[jia1]	3
旋律	旋律	xuan2 lu:4	melody	7-9
旋涡	旋渦	xuan2 wo1	spiral; whirlpool; eddy; vortex	7-9
旋转	旋轉	xuan2 zhuan3	to rotate; to revolve; to spin; to whirl	6
族	族	zu2	race; nationality; ethnicity; clan; by extension, social group (e.g. office workers 上班族)	6
旗帜	旗幟	qi2 zhi4	ensign; flag	7-9
旗袍	旗袍	qi2 pao2	cheongsam, a traditional Chinese dress for women, originally a long robe worn by Manchu women, later modernized in 20th-century Shanghai into a close-fitting dress with a high collar and side slits	7-9
既	既	ji4	already; since; both... (and...)	4
既然	既然	ji4 ran2	since; as; this being the case	4
日	日	ri4	(bound form) sun; day; day of the month; (bound form) Japan (abbr. for 日本[Ri4 ben3]); (vulgar) to fuck; to have sex with	1
日前	日前	ri4 qian2	the other day; a few days ago	7-9
日报	日報	ri4 bao4	daily newspaper	2
日夜	日夜	ri4 ye4	day and night; around the clock	6
日子	日子	ri4 zi5	day; a (calendar) date; days of one's life	2
日常	日常	ri4 chang2	day-to-day; daily; everyday	3
日后	日後	ri4 hou4	sometime; someday (in the future)	7-9
日复一日	日復一日	ri4 fu4 yi1 ri4	day after day	7-9
日新月异	日新月異	ri4 xin1 yue4 yi4	daily renewal, monthly change (idiom); every day sees new developments; rapid progress	7-9
日历	日曆	ri4 li4	calendar; CL:張|张[zhang1],本[ben3]	4
日期	日期	ri4 qi1	date	1
日益	日益	ri4 yi4	day by day; more and more; increasingly; more and more with each passing day	7-9
日程	日程	ri4 cheng2	schedule; itinerary; CL:個|个[ge4]	7-9
日记	日記	ri4 ji4	diary; CL:則|则[ze2],本[ben3],篇[pian1]	4
日语	日語	Ri4 yu3	Japanese language	6
日趋	日趨	ri4 qu1	(increasing) day by day; (more critical) with every passing day; gradually	7-9
旨在	旨在	zhi3 zai4	to have as its purpose; to be intended to; to aim to (do sth)	7-9
早	早	zao3	early; morning; Good morning!; long ago; prematurely	1
早上	早上	zao3 shang5	early morning; CL:個|个[ge4]	1
早就	早就	zao3 jiu4	already at an earlier time	2
早已	早已	zao3 yi3	for a long time; long since; (dialect) in the past	3
早年	早年	zao3 nian2	many years ago; in the past; in one's early years	7-9
早日	早日	zao3 ri4	soon; at an early date; the early days; the past	7-9
早晚	早晚	zao3 wan3	morning and evening; (in reference to sth that is bound to happen) sooner or later; one of these days; (coll.) (this, or that) point of time; (dialect) at some time in the future	6
早晨	早晨	zao3 chen2	early morning; also pr. [zao3chen5]	2
早期	早期	zao3 qi1	early period; early phase; early stage	5
早饭	早飯	zao3 fan4	breakfast; CL:份[fen4],頓|顿[dun4],次[ci4],餐[can1]	1
早餐	早餐	zao3 can1	breakfast; CL:份[fen4],頓|顿[dun4],次[ci4]	2
旭日	旭日	xu4 ri4	the rising sun	7-9
旱	旱	han4	drought	7-9
旱灾	旱災	han4 zai1	drought	7-9
时	旹	shi2	old variant of 時|时[shi2]	3
旺	旺	wang4	prosperous; flourishing; (of flowers) blooming; (of fire) roaring	7-9
旺季	旺季	wang4 ji4	busy season; peak period; see also 淡季[dan4 ji4]	7-9
旺盛	旺盛	wang4 sheng4	vigorous; exuberant	7-9
昂贵	昂貴	ang2 gui4	expensive; costly	7-9
昆虫	昆蟲	kun1 chong2	insect; CL:隻|只[zhi1],群[qun2],堆[dui1]	7-9
升	昇	sheng1	to ascend; to rise (variant of 升[sheng1]); to promote; to elevate (variant of 升[sheng1])	3
昌盛	昌盛	chang1 sheng4	prosperous	6
明亮	明亮	ming2 liang4	bright; shining; glittering; to become clear	5
明天	明天	ming2 tian1	tomorrow	1
明媚	明媚	ming2 mei4	bright and beautiful	7-9
明年	明年	ming2 nian2	next year	1
明日	明日	ming2 ri4	tomorrow	6
明明	明明	ming2 ming2	obviously; plainly; undoubtedly; definitely	5
明星	明星	ming2 xing1	star; celebrity	2
明智	明智	ming2 zhi4	sensible; wise; judicious; sagacious	7-9
明朗	明朗	ming2 lang3	bright; clear; obvious; forthright; open-minded; bright and cheerful	7-9
明白	明白	ming2 bai5	clear; obvious; unequivocal; sensible; reasonable; to understand; to realize	1
明确	明確	ming2 que4	clear-cut; definite; explicit; to clarify; to specify; to make definite	3
明显	明顯	ming2 xian3	clear; distinct; obvious	3
昏	昏	hun1	muddle-headed; twilight; to faint; to lose consciousness	6
昏迷	昏迷	hun1 mi2	to lose consciousness; to be in a coma; stupor; coma; stunned; disoriented	7-9
易拉罐	易拉罐	yi4 la1 guan4	pull-top can; easy-open can (with ring-pull)	7-9
昔日	昔日	xi1 ri4	former days; in the past	7-9
星座	星座	xing1 zuo4	constellation; astrological sign	7-9
星星	星星	xing1 xing5	(coll.) a star; the stars in the sky	2
星期	星期	xing1 qi1	week; CL:個|个[ge4]; day of the week; Sunday	1
星期天	星期天	Xing1 qi1 tian1	Sunday	1
星期日	星期日	Xing1 qi1 ri4	Sunday	1
映	映	ying4	(bound form) to become visible (esp. on a surface or in perception)	7-9
春天	春天	chun1 tian1	spring (season); CL:個|个[ge4]	2
春季	春季	chun1 ji4	springtime	4
春节	春節	Chun1 jie2	Spring Festival (Chinese New Year)	2
昨天	昨天	zuo2 tian1	yesterday	1
昏	昬	hun1	old variant of 昏[hun1]	6
是	是	shi4	to be (followed by substantives only); correct; right; true; (respectful acknowledgement of a command) very well; (adverb for emphatic assertion)	1
是不是	是不是	shi4 bu5 shi4	is or is not (used to form yes-no questions)	1
是否	是否	shi4 fou3	whether (or not); if; is or isn't	4
是非	是非	shi4 fei1	right and wrong; quarrel	7-9
是	昰	shi4	variant of 是[shi4]	1
时	時	Shi2	surname Shi	3
时	時	shi2	o'clock; time; when; hour; season; period	3
时不时	時不時	shi2 bu4 shi2	from time to time	7-9
时事	時事	shi2 shi4	current trends; the present situation; how things are going	5
时代	時代	Shi2 dai4	Time, US weekly news magazine	3
时代	時代	shi2 dai4	age; era; epoch; period (in one's life); CL:個|个[ge4]	3
时候	時候	shi2 hou5	time; length of time; moment; period	1
时光	時光	shi2 guang1	time; era; period of time	5
时刻	時刻	shi2 ke4	time; juncture; moment; period of time; CL:個|个[ge4],段[duan4]; constantly; always	3
时好时坏	時好時壞	shi2 hao3 shi2 huai4	sometimes good, sometimes bad	7-9
时尚	時尚	shi2 shang4	fashion; fad; fashionable	7-9
时常	時常	shi2 chang2	often; frequently	5
时时	時時	shi2 shi2	often; constantly	6
时期	時期	shi2 qi1	period; phase; CL:個|个[ge4]	6
时机	時機	shi2 ji1	opportunity; opportune moment	5
时段	時段	shi2 duan4	time interval; work shift; time slot; the twelve two-hour divisions of the day	7-9
时空	時空	shi2 kong1	time and place; world of a particular locale and era; (physics) space-time	7-9
时节	時節	shi2 jie2	season; time	6
时而	時而	shi2 er2	occasionally; from time to time	6
时装	時裝	shi2 zhuang1	fashion; fashionable clothes	6
时速	時速	shi2 su4	speed per hour	7-9
时间	時間	shi2 jian1	(concept of) time; (duration of) time; (point in) time	1
时间表	時間表	shi2 jian1 biao3	schedule; timetable	7-9
时隔	時隔	shi2 ge2	separated in time (usu. followed by a quantity of time)	7-9
时髦	時髦	shi2 mao2	in vogue; fashionable	7-9
晃	晃	huang3	to dazzle; to flash past	7-9
晃	晃	huang4	to sway; to shake; to wander about	7-9
晃荡	晃蕩	huang4 dang5	to rock; to sway; to shake	7-9
晋升	晉升	jin4 sheng1	to promote to a higher position	7-9
晒	晒	shai4	variant of 曬|晒[shai4]	4
晚	晚	wan3	evening; night; late	1
晚上	晚上	wan3 shang5	evening; night; CL:個|个[ge4]; in the evening	1
晚报	晚報	wan3 bao4	evening newspaper; (in a newspaper's name) Evening News	2
晚安	晚安	wan3 an1	Good night!; Good evening!	2
晚年	晚年	wan3 nian2	one's later years	7-9
晚会	晚會	wan3 hui4	evening party; CL:個|个[ge4]	2
晚期	晚期	wan3 qi1	later period; end stage; terminal	7-9
晚间	晚間	wan3 jian1	evening; night	7-9
晚饭	晚飯	wan3 fan4	evening meal; dinner; supper; CL:份[fen4],頓|顿[dun4],次[ci4],餐[can1]	1
晚餐	晚餐	wan3 can1	evening meal; dinner; CL:份[fen4],頓|顿[dun4],次[ci4]	2
晚点	晚點	wan3 dian3	(of trains etc) late; delayed; behind schedule; light dinner	4
昼夜	晝夜	zhou4 ye4	day and night; period of 24 hours; continuously, without stop	7-9
普及	普及	pu3 ji2	to spread extensively; to generalize; widespread; popular; universal; ubiquitous; pervasive	3
普通	普通	pu3 tong1	common; ordinary; general; average	2
普通人	普通人	pu3 tong1 ren2	ordinary person; private citizen; people; the person in the street	7-9
普通话	普通話	pu3 tong1 hua4	Putonghua; standard Mandarin	2
普遍	普遍	pu3 bian4	universal; general; widespread; common	3
景	景	Jing3	surname Jing	6
景	景	jing3	(bound form) scenery; circumstance; situation; scene (of a play); (literary) sunlight	6
景区	景區	jing3 qu1	scenic area	7-9
景色	景色	jing3 se4	scenery; landscape; view	3
景观	景觀	jing3 guan1	landscape	7-9
景象	景象	jing3 xiang4	scene; sight (to behold)	5
景点	景點	jing3 dian3	tourist attraction; scenic spot	6
晴	晴	qing2	clear; fine (weather)	2
晴天	晴天	qing2 tian1	clear sky; sunny day	2
晴朗	晴朗	qing2 lang3	sunny and cloudless	5
晶莹	晶瑩	jing1 ying2	sparkling and translucent	7-9
智力	智力	zhi4 li4	intelligence; intellect	4
智商	智商	zhi4 shang1	IQ (intelligence quotient)	7-9
智慧	智慧	zhi4 hui4	wisdom; intelligence	6
智能	智能	zhi4 neng2	intelligent; able; smart (phone, system, bomb etc)	4
暗	晻	an4	variant of 暗[an4]	4
晕	暈	yun1	confused; dizzy; giddy; to faint; to swoon; to lose consciousness; to pass out	6
晕	暈	yun4	dizzy; halo; ring around moon or sun	6
晕倒	暈倒	yun1 dao3	to faint; to swoon; to black out; to become unconscious	7-9
晕车	暈車	yun4 che1	to be carsick	6
映	暎	ying4	old variant of 映[ying4]	7-9
暑假	暑假	shu3 jia4	summer vacation; CL:個|个[ge4]	4
暑期	暑期	shu3 qi1	summer vacation time	7-9
暖	暖	nuan3	warm; to warm	5
暖和	暖和	nuan3 huo5	warm; nice and warm	3
暖气	暖氣	nuan3 qi4	central heating; heater; warm air	4
暖烘烘	暖烘烘	nuan3 hong1 hong1	nice and warm; cozy; heartwarming	7-9
暗	暗	an4	dark; to turn dark; secret; hidden; (literary) confused; ignorant	4
暗中	暗中	an4 zhong1	in the dark; in secret; on the sly; surreptitiously	7-9
暗地里	暗地裡	an4 di4 li5	secretly; inwardly; on the sly	7-9
暗杀	暗殺	an4 sha1	to assassinate	7-9
暗示	暗示	an4 shi4	to hint; to suggest; hint; suggestion	4
畅谈	暢談	chang4 tan2	to talk freely; to discuss without inhibition	7-9
畅通	暢通	chang4 tong1	unobstructed; unimpeded; free-flowing; smooth	6
畅销	暢銷	chang4 xiao1	to sell well; bestselling; chart-topping	7-9
暂	暫	zan4	temporary; Taiwan pr. [zhan4]	7-9
暂停	暫停	zan4 ting2	to suspend; time-out (e.g. in sports); stoppage; pause (media player)	5
暂时	暫時	zan4 shi2	temporary; provisional; for the time being	5
暴利	暴利	bao4 li4	sudden huge profits	7-9
暴力	暴力	bao4 li4	violence; force; violent	6
暴躁	暴躁	bao4 zao4	irascible; irritable	7-9
暴雨	暴雨	bao4 yu3	torrential rain; rainstorm; CL:場|场[chang2],陣|阵[zhen4]	6
暴露	暴露	bao4 lu4	to expose; to reveal; to lay bare; also pr. [pu4 lu4]	6
暴风雨	暴風雨	bao4 feng1 yu3	rainstorm; storm; tempest	6
暴风骤雨	暴風驟雨	bao4 feng1 zhou4 yu3	violent wind and rainstorm; hurricane; tempest	7-9
晓得	曉得	xiao3 de5	to know	6
向	曏	xiang4	variant of 向[xiang4]; direction; orientation; to face; to turn toward; to; towards; shortly before; formerly	2
曙光	曙光	shu3 guang1	the first light of dawn; (fig.) glimmer of hope after a dark period; a new beginning	7-9
曝光	曝光	bao4 guang1	to expose (photography); (fig.) to expose (a scandal); (advertising) exposure; Taiwan pr. [pu4 guang1]	7-9
旷课	曠課	kuang4 ke4	to play truant; to cut classes	7-9
叠	曡	die2	variant of 疊|叠[die2]	7-9
晒	曬	shai4	(of the sun) to shine on; to bask in (the sunshine); to dry (clothes, grain etc) in the sun; (fig.) to expose and share (one's experiences and thoughts) on the Web (loanword from "share"); (coll.) to give the cold shoulder to	4
晒太阳	曬太陽	shai4 tai4 yang2	to be in the sun (getting warm or sunbathing etc); to put sth in the sun (e.g. to dry it)	7-9
曰	曰	yue1	to speak; to say	7-9
曲	曲	Qu1	surname Qu	7-9
曲	曲	qu1	bent; crooked; wrong	7-9
曲	曲	qu3	tune; song; CL:支[zhi1]	7-9
曲折	曲折	qu1 zhe2	winding; (fig.) complicated	7-9
曲线	曲線	qu1 xian4	curve; curved line; indirect; in a roundabout way	7-9
更	更	geng1	to change or replace; to experience; one of the five two-hour periods into which the night was formerly divided; watch (e.g. of a sentry or guard)	2
更	更	geng4	more; even more; further; still; still more	2
更加	更加	geng4 jia1	more (than sth else); even more	3
更换	更換	geng1 huan4	to replace (a worn-out tire etc); to change (one's address etc)	5
更改	更改	geng1 gai3	to alter	7-9
更新	更新	geng1 xin1	to replace the old with new; to renew; to renovate; to upgrade; to update; to regenerate	5
更是	更是	geng4 shi4	even more (so)	6
更衣室	更衣室	geng1 yi1 shi4	change room; dressing room; locker room; (euphemism) toilet	7-9
书	書	Shu1	abbr. for 書經|书经[Shu1 jing1]	1
书	書	shu1	book; letter; document; CL:本[ben3],冊|册[ce4],部[bu4]; to write	1
书包	書包	shu1 bao1	schoolbag; satchel; bookbag; CL:個|个[ge4],隻|只[zhi1]	1
书写	書寫	shu1 xie3	to write	7-9
书店	書店	shu1 dian4	bookstore; CL:家[jia1]	1
书房	書房	shu1 fang2	study (room); studio; CL:間|间[jian1]	6
书架	書架	shu1 jia4	bookshelf; CL:個|个[ge4]	3
书桌	書桌	shu1 zhuo1	desk; CL:張|张[zhang1]	5
书柜	書櫃	shu1 gui4	bookcase	5
书橱	書櫥	shu1 chu2	bookcase	7-9
书法	書法	shu1 fa3	calligraphy; handwriting; penmanship	5
书籍	書籍	shu1 ji2	books; works	7-9
书记	書記	shu1 ji5	secretary (chief official of a branch of a socialist or communist party); clerk; scribe	7-9
书面	書面	shu1 mian4	in writing; written	7-9
曾	曾	Zeng1	surname Zeng	4
曾	曾	ceng2	once; already; ever (in the past); former; previously; (past tense marker used before verb or clause)	4
曾	曾	zeng1	great- (grandfather, grandchild etc)	4
曾经	曾經	ceng2 jing1	once; already; former; previously; ever; (past tense marker used before verb or clause)	3
替	替	ti4	to substitute for; to take the place of; to replace; for; on behalf of; to stand in for	4
替代	替代	ti4 dai4	to substitute for; to replace; to supersede	4
替换	替換	ti4 huan4	to exchange; to replace; to substitute for; to switch	7-9
替身	替身	ti4 shen1	stand-in; substitute; body double; stuntman; scapegoat; fall guy; to stand in for sb else	7-9
最	最	zui4	(before an adjective or verb) to the highest degree; (the) most ...; -est; (after 之[zhi1]) best or most extreme example (e.g. 世界之最[shi4 jie4 zhi1 zui4] "the greatest in the world")	1
最佳	最佳	zui4 jia1	optimum; optimal; peak; best (athlete, movie etc)	6
最初	最初	zui4 chu1	first; primary; initial; original; at first; initially; originally	4
最好	最好	zui4 hao3	best; had better ...; it would be best to ...	1
最后	最後	zui4 hou4	final; last; ultimate; finally; in the end	1
最终	最終	zui4 zhong1	final; ultimate	6
最近	最近	zui4 jin4	recently; soon; nearest	2
会员	會員	hui4 yuan2	member	3
会场	會場	hui4 chang3	meeting place; place where people gather; CL:個|个[ge4]	7-9
会意	會意	hui4 yi4	combined ideogram (one of the Six Methods 六書|六书[liu4 shu1] of forming Chinese characters); Chinese character that combines the meanings of existing elements; also known as joint ideogram or associative compound; to comprehend without being told explicitly; to cotton on; knowing (smile, glance etc)	7-9
会晤	會晤	hui4 wu4	to meet; meeting; conference	7-9
会见	會見	hui4 jian4	to meet with (sb who is paying a visit); CL:次[ci4]	6
会计	會計	kuai4 ji4	accountant; accountancy; accounting	4
会诊	會診	hui4 zhen3	consultation (medical); to meet for diagnosis; (by extension) consultation of different specialists	7-9
会谈	會談	hui4 tan2	talks; discussions; CL:次[ci4]	5
会议	會議	hui4 yi4	meeting; conference; CL:場|场[chang3],屆|届[jie4]	3
会长	會長	hui4 zhang3	president of a club, committee etc	6
会面	會面	hui4 mian4	to meet with; meeting	7-9
月	月	yue4	moon; month; monthly; CL:個|个[ge4],輪|轮[lun2]	1
月亮	月亮	yue4 liang5	the moon	2
月份	月份	yue4 fen4	month	2
月初	月初	yue4 chu1	start of month; early in the month	7-9
月底	月底	yue4 di3	end of the month	4
月球	月球	yue4 qiu2	the moon	5
月票	月票	yue4 piao4	monthly ticket	7-9
月饼	月餅	yue4 bing3	mooncake (esp. for the Mid-Autumn Festival)	5
有	有	you3	to have; there is; (bound form) having; with; -ful; -ed; -al (as in 有意[you3 yi4] intentional)	1
有事	有事	you3 shi4	to be occupied with sth; to have sth on one's mind; there is something the matter	6
有人	有人	you3 ren2	someone; people; anyone; there is someone there; occupied (as in restroom)	2
有两下子	有兩下子	you3 liang3 xia4 zi5	to have real skill; to know one's stuff	7-9
有利	有利	you3 li4	advantageous; favorable	3
有利于	有利於	you3 li4 yu2	to be advantageous to; to be beneficial for	5
有力	有力	you3 li4	powerful; forceful; vigorous	5
有助于	有助於	you3 zhu4 yu2	to contribute to; to promote	7-9
有口无心	有口無心	you3 kou3 wu2 xin1	to speak harshly but without any bad intent (idiom)	7-9
有名	有名	you3 ming2	famous; well-known	1
有害	有害	you3 hai4	destructive; harmful; damaging	5
有幸	有幸	you3 xing4	fortunately	7-9
有序	有序	you3 xu4	regular; orderly; successive; in order	7-9
有待	有待	you3 dai4	not yet (done); pending	7-9
有意	有意	you3 yi4	to intend; intentionally; interested in	7-9
有意思	有意思	you3 yi4 si5	interesting; meaningful; enjoyable; fun	2
有所	有所	you3 suo3	somewhat; to some extent	7-9
有所不同	有所不同	you3 suo3 bu4 tong2	to differ to some extent (idiom)	7-9
有效	有效	you3 xiao4	effective; in effect; valid	3
有效期	有效期	you3 xiao4 qi1	period of validity; sell-by date	7-9
有望	有望	you3 wang4	hopeful; promising	7-9
有朝一日	有朝一日	you3 zhao1 yi1 ri4	one day; sometime in the future	7-9
有机	有機	you3 ji1	organic	7-9
有毒	有毒	you3 du2	poisonous	5
有没有	有沒有	you3 mei2 you3	(before a noun) Do (you, they etc) have ...?; Is there a ...?; (before a verb) Did (you, they etc) (verb, infinitive)?; Have (you, they etc) (verb, past participle)?	6
有用	有用	you3 yong4	useful	1
有的	有的	you3 de5	(there are) some (who are...); some (exist)	1
有的放矢	有的放矢	you3 di4 fang4 shi3	lit. to have a target in mind when shooting one's arrows (idiom); fig. to have a clear objective	7-9
有的是	有的是	you3 de5 shi4	have plenty of; there's no lack of	3
有益	有益	you3 yi4	useful; beneficial; profitable	7-9
有空儿	有空兒	you3 kong4 r5	erhua form of 有空[you3 kong4]	2
有声有色	有聲有色	you3 sheng1 you3 se4	having sound and color (idiom); vivid; dazzling	7-9
有着	有著	you3 zhe5	to have; to possess	5
有趣	有趣	you3 qu4	interesting; fascinating; amusing	4
有关	有關	you3 guan1	to have sth to do with; to relate to; related to; to concern; concerning	6
有限	有限	you3 xian4	limited; finite	4
朋友	朋友	peng2 you5	friend; CL:個|个[ge4],位[wei4]	1
服	服	fu2	clothes; dress; garment; to serve (in the military, a prison sentence etc); to obey; to be convinced (by an argument); to convince; to admire; to acclimatize; to take (medicine); mourning clothes; to wear mourning clothes	6
服	服	fu4	classifier for medicine: dose; Taiwan pr. [fu2]	6
服务	服務	fu2 wu4	to serve; service; CL:項|项[xiang4]	2
服务器	服務器	fu2 wu4 qi4	server (computer); CL:臺|台[tai2]	7-9
服从	服從	fu2 cong2	to obey (an order); to comply; to defer	5
服用	服用	fu2 yong4	to take (medicine)	7-9
服装	服裝	fu2 zhuang1	dress; clothing; costume; clothes; CL:身[shen1]	3
服饰	服飾	fu2 shi4	apparel; clothing and personal adornment	7-9
朗诵	朗誦	lang3 song4	to read aloud with expression; to recite; to declaim	7-9
朗读	朗讀	lang3 du2	to read aloud	5
望	望	wang4	full moon; to hope; to expect; to visit; to gaze (into the distance); to look towards; towards	7-9
望见	望見	wang4 jian4	to espy; to spot	6
望远镜	望遠鏡	wang4 yuan3 jing4	telescope (CL:部[bu4]); binoculars (CL:副[fu4])	7-9
朝	朝	Chao2	abbr. for 朝鮮|朝鲜[Chao2 xian3] Korea	3
朝	朝	chao2	imperial or royal court; government; dynasty; reign of a sovereign or emperor; court or assembly held by a sovereign or emperor; to make a pilgrimage to; facing; towards	3
朝	朝	zhao1	morning	3
朝三暮四	朝三暮四	zhao1 san1 mu4 si4	lit. say three in the morning but four in the evening (idiom); to change sth that is already settled upon; indecisive; to blow hot and cold	7-9
朝代	朝代	chao2 dai4	dynasty; reign (of a king)	7-9
朝夕相处	朝夕相處	zhao1 xi1 xiang1 chu3	to spend all one's time together (idiom)	7-9
朝气蓬勃	朝氣蓬勃	zhao1 qi4 peng2 bo2	full of youthful energy (idiom); vigorous; energetic; a bright spark	7-9
朝着	朝著	chao2 zhe5	towards	7-9
期	朞	qi1	variant of 期[qi1]; period; cycle	3
期	期	qi1	a period of time; phase; stage; classifier for issues of a periodical, courses of study; time; term; period; to hope; Taiwan pr. [qi2]	3
期中	期中	qi1 zhong1	interim; midterm	4
期待	期待	qi1 dai4	to look forward to; to await; expectation	4
期望	期望	qi1 wang4	to have expectations; to earnestly hope; expectation; hope	5
期末	期末	qi1 mo4	the end of a term or semester (in school)	4
期盼	期盼	qi1 pan4	to expect; to await	7-9
期间	期間	qi1 jian1	period of time; time; time period; period; CL:個|个[ge4]	4
期限	期限	qi1 xian4	time limit; deadline; allotted time	4
望	朢	wang4	15th day of month (lunar calendar); old variant of 望[wang4]	7-9
朦胧	朦朧	meng2 long2	(literary) (of moonlight) dim; (literary) murky; indistinct	7-9
木偶	木偶	mu4 ou3	puppet	7-9
木匠	木匠	mu4 jiang4	carpenter	7-9
木材	木材	mu4 cai2	wood	7-9
木板	木板	mu4 ban3	slab; board; plank; CL:張|张[zhang1],塊|块[kuai4]	7-9
木头	木頭	mu4 tou5	wood; log (CL:塊|块[kuai4],根[gen1]); (fig.) blockhead; dolt	3
未	未	wei4	not yet; did not; have not; not; 8th earthly branch: 1-3 p.m., 6th solar month (7th July-6th August), year of the Sheep; ancient Chinese compass point: 210°	7-9
未来	未來	wei4 lai2	future; tomorrow; CL:個|个[ge4]; approaching; coming; pending	4
未免	未免	wei4 mian3	unavoidably; can't help; really; rather	7-9
未必	未必	wei4 bi4	not necessarily; maybe not	4
未成年人	未成年人	wei4 cheng2 nian2 ren2	minor (i.e. person under 18)	7-9
未知数	未知數	wei4 zhi1 shu4	unknown number; (fig.) an unknown; an uncertainty	7-9
未经	未經	wei4 jing1	not having undergone; without (having gone though a certain process)	7-9
末	末	me5	variant of 麼|么[me5]	4
末	末	mo4	tip; end; final stage; latter part; inessential detail; powder; dust; opera role of old man	4
末日	末日	Mo4 ri4	Judgment Day (in Christian eschatology)	7-9
末日	末日	mo4 ri4	last day; end; final days; doomsday	7-9
本事	本事	ben3 shi4	source material; original story	3
本事	本事	ben3 shi5	ability; skill	3
本人	本人	ben3 ren2	I; me; myself; oneself; yourself; himself; herself; the person concerned	5
本来	本來	ben3 lai2	original; originally; at first; it goes without saying; of course	3
本分	本分	ben3 fen4	(to play) one's part; one's role; one's duty; (to stay within) one's bounds; dutiful; keeping to one's role	7-9
本土	本土	ben3 tu3	one's native country; native; local; metropolitan territory	6
本地	本地	ben3 di4	local; this locality	6
本子	本子	ben3 zi5	book; notebook; Japanese-style self-published comic (esp. an erotic one), aka "dōjinshi"; CL:本[ben3]; edition	1
本性	本性	ben3 xing4	natural instincts; nature; inherent quality	7-9
本意	本意	ben3 yi4	original idea; real intention; etymon	7-9
本期	本期	ben3 qi1	the current period; this term (usually in finance)	6
本科	本科	ben3 ke1	undergraduate course; undergraduate (attributive)	4
本能	本能	ben3 neng2	instinct	7-9
本色	本色	ben3 se4	inherent qualities; natural qualities; distinctive character; true qualities	7-9
本色	本色	ben3 shai3	natural color	7-9
本着	本著	ben3 zhe5	based on...; in conformance with..; taking as one's main principle	7-9
本质	本質	ben3 zhi4	essence; nature; innate character; intrinsic quality	6
本身	本身	ben3 shen1	itself; in itself; per se	6
本钱	本錢	ben3 qian2	capital; (fig.) asset; advantage; the means (to do sth)	7-9
本领	本領	ben3 ling3	skill; ability; capability; CL:項|项[xiang4],個|个[ge4]	3
朱红	朱紅	zhu1 hong2	vermilion	7-9
朵	朵	duo3	flower; earlobe; fig. item on both sides; classifier for flowers, clouds etc	5
朵	朶	duo3	variant of 朵[duo3]	5
杆	杆	gan1	pole; CL:條|条[tiao2],根[gen1]	6
材料	材料	cai2 liao4	(raw) material; data; (fig.) person who has the potential to do the job	4
村	村	cun1	village; (dialect) to scold; rustic; boorish	3
村庄	村莊	cun1 zhuang1	village; hamlet; CL:座[zuo4]	6
杜绝	杜絕	du4 jue2	to put an end to	7-9
束	束	Shu4	surname Shu	3
束	束	shu4	to bind; bunch; bundle; classifier for bunches, bundles, beams of light etc; to control	3
束缚	束縛	shu4 fu4	to bind; to tie up; to fetter; to shackle	7-9
杯	杯	bei1	cup; trophy cup; classifier for certain containers of liquids: glass, cup	1
杯子	杯子	bei1 zi5	cup; glass; CL:個|个[ge4],隻|只[zhi1]	1
东	東	Dong1	surname Dong	1
东	東	dong1	east; host (i.e. sitting on east side of guest); landlord	1
东北	東北	Dong1 bei3	Northeast China; Manchuria	2
东北	東北	dong1 bei3	northeast	2
东南	東南	dong1 nan2	southeast	2
东奔西走	東奔西走	dong1 ben1 xi1 zou3	to run this way and that (idiom); to rush about busily; to bustle about; to hopscotch; also 東跑西顛|东跑西颠[dong1 pao3 xi1 dian1]	7-9
东张西望	東張西望	dong1 zhang1 xi1 wang4	to look in all directions (idiom); to glance around	7-9
东方	東方	Dong1 fang1	the East; the Orient; two-character surname Dongfang	2
东方	東方	dong1 fang1	east	2
东西	東西	dong1 xi1	east and west	1
东西	東西	dong1 xi5	thing; stuff; person; CL:個|个[ge4],件[jian4]	1
东道主	東道主	dong1 dao4 zhu3	host; official host (e.g. venue for games or a conference)	7-9
东边	東邊	dong1 bian5	east; east side; eastern part; to the east of	1
东部	東部	dong1 bu4	the east; eastern part	3
松	松	Song1	surname Song	4
松	松	song1	pine; CL:棵[ke1]	4
松树	松樹	song1 shu4	pine; pine tree; CL:棵[ke1]	4
板	板	ban3	board; plank; plate; shutter; table tennis bat; clappers (music); CL:塊|块[kuai4]; accented beat in Chinese music; hard; stiff; to stop smiling or look serious	3
板块	板塊	ban3 kuai4	slab; (geology) tectonic plate; (fig.) sector (of the stock market or of industry); (economic) bloc	7-9
枕头	枕頭	zhen3 tou5	pillow	7-9
枚	枚	Mei2	surname Mei	7-9
枚	枚	mei2	classifier for small objects: coins, badges, rings, carved seals, chess pieces, eggs, fingerprints etc (more formal than 個|个[ge4]); classifier for bombs, missiles, satellites etc; (on product packaging) classifier for flat items (from Japanese 枚 "mai"); (old) stick used as a gag to prevent soldiers from talking while sneaking up on the enemy	7-9
果园	果園	guo3 yuan2	orchard	7-9
果实	果實	guo3 shi2	fruit (produced by a plant); (fig.) fruits (of success etc); results; gains	4
果断	果斷	guo3 duan4	firm; decisive	7-9
果树	果樹	guo3 shu4	fruit tree; CL:棵[ke1]	6
果汁	果汁	guo3 zhi1	fruit juice	3
果然	果然	guo3 ran2	really; sure enough; as expected; if indeed	3
果真	果真	guo3 zhen1	really; as expected; sure enough; if indeed...; if it's really...	7-9
果酱	果醬	guo3 jiang4	jam	6
枝	枝	zhi1	branch; classifier for sticks, rods, pencils etc	6
枯燥	枯燥	ku1 zao4	dry and dull; uninteresting; tedious	7-9
拐	枴	guai3	cane; walking stick; crutch; old man's staff	6
架	架	jia4	to support; frame; rack; framework; classifier for planes, large vehicles, radios etc	3
架势	架勢	jia4 shi5	attitude; position (on an issue etc)	7-9
架子	架子	jia4 zi5	shelf; frame; stand; framework; airs; arrogance	7-9
柏树	柏樹	bai3 shu4	cypress tree; Taiwan pr. [bo2 shu4]	7-9
某	某	mou3	some; a certain; sb or sth indefinite; such-and-such	3
染	染	ran3	to dye; to catch (a disease); to acquire (bad habits etc); to contaminate; to add color washes to a painting	5
柔和	柔和	rou2 he2	gentle; soft	7-9
柔软	柔軟	rou2 ruan3	soft	7-9
查	查	Zha1	surname Zha	2
查	查	cha2	to research; to check; to investigate; to examine; to refer to; to look up (e.g. a word in a dictionary)	2
查	查	zha1	variant of 楂[zha1]	2
查出	查出	cha2 chu1	to find out; to discover	6
查找	查找	cha2 zhao3	to search for; to look up	7-9
查明	查明	cha2 ming2	to investigate and find out; to ascertain	7-9
查看	查看	cha2 kan4	to look over; to examine; to check up; to ferret out	6
查处	查處	cha2 chu3	to investigate and handle (a criminal case)	7-9
查询	查詢	cha2 xun2	to check; to inquire; to consult (a document etc); inquiry; query	5
柱子	柱子	zhu4 zi5	pillar; CL:根[gen1]	6
柳树	柳樹	liu3 shu4	willow	7-9
拐	柺	guai3	variant of 枴|拐[guai3]	6
柿子	柿子	shi4 zi5	persimmon; (Northeastern dialect) tomato	7-9
校园	校園	xiao4 yuan2	campus	2
校长	校長	xiao4 zhang3	(college, university) president; headmaster; CL:個|个[ge4],位[wei4],名[ming2]	2
株	株	zhu1	tree trunk; stump (tree root); a plant; classifier for trees or plants; strain (biology); to involve others (in shady business)	7-9
核	核	he2	pit; stone; nucleus; nuclear; to examine; to check; to verify	7-9
核实	核實	he2 shi2	to verify; to check	7-9
核对	核對	he2 dui4	to check; to verify; to audit; to examine	7-9
核心	核心	he2 xin1	core; nucleus	6
核桃	核桃	he2 tao5	walnut; CL:顆|颗[ke1]	7-9
核武器	核武器	he2 wu3 qi4	nuclear weapon	7-9
核能	核能	he2 neng2	nuclear energy	7-9
核电站	核電站	he2 dian4 zhan4	nuclear power plant	7-9
根	根	gen1	root; basis; classifier for long slender objects, e.g. cigarettes, guitar strings; CL:條|条[tiao2]; radical (chemistry)	4
根基	根基	gen1 ji1	foundation	7-9
根据	根據	gen1 ju4	according to; based on; basis; foundation; CL:個|个[ge4]	4
根本	根本	gen1 ben3	fundamental; basic; root; simply; absolutely (not); (not) at all; CL:個|个[ge4]	3
根治	根治	gen1 zhi4	to bring under permanent control; to effect a radical cure	7-9
根深蒂固	根深蒂固	gen1 shen1 di4 gu4	deep-rooted (problem etc)	7-9
根源	根源	gen1 yuan2	origin; root (cause)	7-9
格	格	ge1	used in 格登[ge1 deng1]; used in 格格[ge1 ge1]	7-9
格	格	ge2	square; lattice; grid; frame; compartment; partition; slot (within a larger unit); (bound form) standard; norm; specification; (bound form) character; disposition; moral quality; style; aesthetic tone; (bound form) rhetorical form; stylistic pattern; (bound form) (linguistics) grammatical case; (literary) to correct; to rectify; (literary) to arrive at; to reach; (literary) to obstruct; to hinder; (literary) to investigate exhaustively; classifier for compartments, slots or cells within a larger unit	7-9
格外	格外	ge2 wai4	especially; particularly; even more than usual; extra; additional	4
格局	格局	ge2 ju2	structure; pattern; layout	7-9
格式	格式	ge2 shi4	form; specification; format	7-9
格格不入	格格不入	ge2 ge2 bu4 ru4	(idiom) inharmonious; incompatible	7-9
栽	栽	zai1	to plant; to grow; to insert; to erect (e.g. a bus stop sign); to impose sth on sb; to stumble; to fall down	7-9
栽培	栽培	zai1 pei2	to grow; to cultivate; to train; to educate; to patronize	7-9
桂花	桂花	gui4 hua1	osmanthus flowers; Osmanthus fragrans	7-9
桃	桃	tao2	peach	5
桃树	桃樹	tao2 shu4	peach tree; CL:株[zhu1]	5
桃花	桃花	tao2 hua1	peach blossom; (fig.) love affair	5
框	框	kuang4	frame (e.g. door frame); casing; fig. framework; template; to circle (i.e. draw a circle around sth); to frame; to restrict; Taiwan pr. [kuang1]	7-9
框架	框架	kuang4 jia4	(construction) frame; (fig.) framework	7-9
案件	案件	an4 jian4	case; instance; CL:宗[zong1],樁|桩[zhuang1],起[qi3]	7-9
桌子	桌子	zhuo1 zi5	table; desk; CL:張|张[zhang1],套[tao4]	1
桑拿	桑拿	sang1 na2	(loanword) sauna	7-9
杯	桮	bei1	variant of 杯[bei1]	1
桶	桶	tong3	bucket; (trash) can; barrel (of oil etc); CL:個|个[ge4],隻|只[zhi1]	7-9
杆	桿	gan3	stick; pole; lever; classifier for long objects such as guns	6
梅花	梅花	mei2 hua1	plum blossom; clubs ♣ (a suit in card games); (dialect) wintersweet	6
条	條	tiao2	strip; item; article; clause (of law or treaty); classifier for long thin things (ribbon, river, road, trousers etc)	2
条件	條件	tiao2 jian4	condition; circumstance; term; factor; requirement; prerequisite; qualification; situation; state; condition; CL:個|个[ge4]	2
条例	條例	tiao2 li4	regulations; rules; code of conduct; ordinances; statutes	7-9
条款	條款	tiao2 kuan3	clause (of contract or law); CL:項|项[xiang4]	7-9
条约	條約	tiao2 yue1	treaty; pact; CL:個|个[ge4]	7-9
梨	梨	li2	pear; CL:個|个[ge4]	5
梯子	梯子	ti1 zi5	ladder; stepladder; (Internet slang) VPN or other tool used to circumvent internet censorship	7-9
梳	梳	shu1	to comb; (bound form) a comb	7-9
梳子	梳子	shu1 zi5	comb; CL:把[ba3]	7-9
梳理	梳理	shu1 li3	to comb; fig. to sort out	7-9
棉	棉	mian2	generic term for cotton or kapok; cotton; padded or quilted with cotton	6
棉花	棉花	mian2 hua5	cotton	7-9
棋	棊	qi2	variant of 棋[qi2]	7-9
棋	棋	qi2	chess; chess-like game; a game of chess; CL:盤|盘[pan2]; chess piece; CL:個|个[ge4],顆|颗[ke1]	7-9
棋子	棋子	qi2 zi3	chess piece; CL:個|个[ge4],顆|颗[ke1]; (fig.) a pawn (used by others for their own purposes)	7-9
棍	棍	gun4	stick; rod; truncheon; scoundrel; villain	7-9
棍子	棍子	gun4 zi5	stick; rod	7-9
棒	棒	bang4	stick; club; cudgel; smart; capable; strong; wonderful; classifier for legs of a relay race	5
棒球	棒球	bang4 qiu2	baseball; CL:個|个[ge4],隻|只[zhi1]	7-9
枣	棗	zao3	(bound form) jujube; Chinese date (Zizyphus jujuba)	7-9
棘手	棘手	ji2 shou3	thorny (problem); intractable	7-9
栋	棟	dong4	classifier for houses or buildings; ridgepole (old)	7-9
栋梁	棟梁	dong4 liang2	ridgepole; ridgepole and beams; person able to bear heavy responsibility; mainstay (of organization); pillar (of state)	7-9
森林	森林	sen1 lin2	forest; CL:片[pian4]	4
棵	棵	ke1	classifier for trees, cabbages, plants etc	4
棺材	棺材	guan1 cai5	coffin; CL:具[ju4],口[kou3]	7-9
碗	椀	wan3	variant of 碗[wan3]	2
椅子	椅子	yi3 zi5	chair; CL:把[ba3],張|张[zhang1]	2
乘	椉	cheng2	old variant of 乘[cheng2]	5
植物	植物	zhi2 wu4	plant; vegetation; CL:種|种[zhong3]	4
椰子	椰子	ye1 zi5	a coconut palm; a coconut	7-9
杨树	楊樹	yang2 shu4	poplar tree; various trees of genus Populus	7-9
业务	業務	ye4 wu4	business; professional work; service; CL:項|项[xiang4]	5
业绩	業績	ye4 ji4	achievement; accomplishment; (in more recent usage) performance (of a business, employee etc); results	7-9
业余	業餘	ye4 yu2	in one's spare time; outside working hours; amateur (historian etc)	4
极	極	ji2	extremely; pole (geography, physics); utmost; top	4
极其	極其	ji2 qi2	extremely	4
极力	極力	ji2 li4	to make a supreme effort; at all costs	7-9
极少数	極少數	ji2 shao3 shu4	extremely few; a small minority	7-9
极度	極度	ji2 du4	extremely	7-9
极为	極為	ji2 wei2	extremely; exceedingly	7-9
极端	極端	ji2 duan1	extreme	6
极限	極限	ji2 xian4	limit; extreme boundary	7-9
楷模	楷模	kai3 mo2	model; example	7-9
概念	概念	gai4 nian4	concept; idea; CL:個|个[ge4]	3
概括	概括	gai4 kuo4	to summarize; to generalize; briefly; in broad outline	4
概况	概況	gai4 kuang4	general situation; summary	7-9
概率	概率	gai4 lu:4	probability (math.)	7-9
概论	概論	gai4 lun4	outline; introduction; survey; general discussion	7-9
榜样	榜樣	bang3 yang4	model; example (for people to follow); (in reference to a person) role model	7-9
榨	榨	zha4	to press; to extract (juice); device for extracting juice, oils etc	7-9
荣幸	榮幸	rong2 xing4	honored (to have the privilege of ...)	7-9
荣获	榮獲	rong2 huo4	be honored with	7-9
荣誉	榮譽	rong2 yu4	honor; credit; glory; (honorable) reputation; honorary	7-9
构建	構建	gou4 jian4	to construct (sth abstract)	6
构思	構思	gou4 si1	to design; to plot; to plan out; to compose; to draw a mental sketch; conception; plan; idea; composition	7-9
构想	構想	gou4 xiang3	to conceive; concept	7-9
构成	構成	gou4 cheng2	to constitute; to form; to compose; to make up; to configure (computing)	4
构造	構造	gou4 zao4	structure; composition; tectonic (geology); CL:個|个[ge4]	4
枪	槍	Qiang1	surname Qiang	5
枪	槍	qiang1	gun; firearm; rifle; spear; thing with shape or function similar to a gun; CL:支[zhi1],把[ba3],桿|杆[gan3],條|条[tiao2],枝[zhi1]; to substitute for another person in a test; to knock; classifier for rifle shots	5
枪毙	槍斃	qiang1 bi4	to execute by firing squad; to shoot dead; fig. to discard; to get rid of	7-9
槐树	槐樹	huai2 shu4	locust tree (Sophora japonica)	7-9
杠铃	槓鈴	gang4 ling2	barbell	7-9
槽	槽	cao2	trough; manger; groove; channel; (Tw) (computing) hard drive	7-9
桩	樁	zhuang1	stump; stake; pile; classifier for events, cases, transactions, affairs etc	7-9
乐	樂	Le4	surname Le	3
乐	樂	Yue4	surname Yue	3
乐	樂	lao4	used in place names	3
乐	樂	le4	happy; cheerful; to laugh	3
乐	樂	yue4	music	3
乐器	樂器	yue4 qi4	musical instrument; CL:件[jian4]	7-9
乐园	樂園	le4 yuan2	paradise	7-9
乐意	樂意	le4 yi4	to be willing to do sth; to be ready to do sth; to be happy to do sth; content; satisfied	7-9
乐曲	樂曲	yue4 qu3	musical composition	6
乐观	樂觀	le4 guan1	optimistic; hopeful	3
乐趣	樂趣	le4 qu4	delight; pleasure; joy	4
乐队	樂隊	yue4 dui4	band; pop group; CL:支[zhi1]	3
楼	樓	Lou2	surname Lou	1
楼	樓	lou2	house with more than 1 story; storied building; floor; CL:層|层[ceng2],座[zuo4],棟|栋[dong4]	1
楼上	樓上	lou2 shang4	upstairs; (Internet slang) previous poster in a forum thread	1
楼下	樓下	lou2 xia4	downstairs	1
楼房	樓房	lou2 fang2	a building of two or more stories; CL:棟|栋[dong4],幢[zhuang4],座[zuo4]	6
楼梯	樓梯	lou2 ti1	stair; staircase; CL:個|个[ge4]	4
楼道	樓道	lou2 dao4	corridor; passageway (in storied building)	6
标	標	biao1	mark; sign; label; to mark with a symbol, label, lettering etc; to bear (a brand name, registration number etc); prize; award; bid; target; quota; (old) the topmost branches of a tree; visible symptom; classifier for military units	7-9
标本	標本	biao1 ben3	specimen; sample; the root cause and symptoms of a disease	7-9
标榜	標榜	biao1 bang3	to flaunt; to advertise; to parade; boost; excessive praise	7-9
标准	標準	biao1 zhun3	standard; norm; criterion; (adjective) standard; good; correct; conforming to a standard	3
标示	標示	biao1 shi4	to indicate	7-9
标签	標籤	biao1 qian1	label; tag; (computing) tab (GUI element)	7-9
标致	標致	Biao1 zhi4	Peugeot (automobile brand)	7-9
标致	標致	biao1 zhi5	(of a woman) beautiful; pretty	7-9
标志	標誌	biao1 zhi4	sign; mark; symbol; logo; to symbolize; to indicate; to mark	4
标语	標語	biao1 yu3	written slogan; placard; CL:幅[fu2],張|张[zhang1],條|条[tiao2]	7-9
标题	標題	biao1 ti2	title; heading; headline; caption; subject	3
枢纽	樞紐	shu1 niu3	hub (e.g. of traffic network); hinge; pivot; fulcrum	7-9
模仿	模仿	mo2 fang3	to imitate; to copy; to emulate; to mimic; model	5
模型	模型	mo2 xing2	model; mold; matrix; pattern	4
模式	模式	mo2 shi4	mode; pattern; model	5
模拟	模擬	mo2 ni3	imitation; to simulate; to imitate; analog (device, as opposed to digital)	7-9
模样	模樣	mu2 yang4	look; style; appearance; approximation; about; CL:個|个[ge4]; also pr. [mo2 yang4]	5
模特儿	模特兒	mo2 te4 r5	(fashion) model (loanword)	4
模范	模範	mo2 fan4	model; fine example	5
模糊	模糊	mo2 hu5	vague; indistinct; fuzzy; to blur; to obscure; to confuse; to mix up	5
样	樣	yang4	manner; pattern; way; appearance; shape; classifier: kind, type	6
样品	樣品	yang4 pin3	sample; specimen	7-9
样子	樣子	yang4 zi5	appearance; manner; pattern; model	2
样本	樣本	yang4 ben3	sample; specimen	7-9
朴实	樸實	pu3 shi2	plain; simple; guileless; down-to-earth; sincere and honest	7-9
朴素	樸素	pu3 su4	plain and simple; unadorned; simple living; not frivolous	7-9
树	樹	shu4	tree; CL:棵[ke1]; to cultivate; to set up	1
树木	樹木	shu4 mu4	tree	7-9
树林	樹林	Shu4 lin2	Shulin city in New Taipei City 新北市[Xin1 bei3 shi4], Taiwan	4
树林	樹林	shu4 lin2	woods; grove; forest	4
树枝	樹枝	shu4 zhi1	branch; twig	7-9
树梢	樹梢	shu4 shao1	the tip of a tree; treetop	7-9
树立	樹立	shu4 li4	to set up; to establish	7-9
树叶	樹葉	shu4 ye4	tree leaves	4
树荫	樹蔭	shu4 yin1	shade of a tree; Taiwan pr. [shu4yin4]	7-9
桥	橋	qiao2	bridge; CL:座[zuo4]	3
桥梁	橋梁	qiao2 liang2	bridge (lit. and fig.)	6
橘子	橘子	ju2 zi5	tangerine; CL:個|个[ge4],瓣[ban4]	7-9
橙汁	橙汁	cheng2 zhi1	orange juice; CL:瓶[ping2],杯[bei1],罐[guan4],盒[he2]	7-9
机制	機制	ji1 zhi4	mechanism	5
机动	機動	ji1 dong4	locomotive; motorized; power-driven; adaptable; flexible (use, treatment, timing etc)	7-9
机动车	機動車	ji1 dong4 che1	motor vehicle	6
机器	機器	ji1 qi4	machine; CL:臺|台[tai2],部[bu4],個|个[ge4]	3
机器人	機器人	ji1 qi4 ren2	robot; android	5
机场	機場	ji1 chang3	airport; airfield; (slang) service provider for Shadowsocks or similar software for circumventing Internet censorship; CL:家[jia1],處|处[chu4]	1
机密	機密	ji1 mi4	secret; classified; classified information; secret	7-9
机智	機智	ji1 zhi4	quick-witted; resourceful	7-9
机会	機會	ji1 hui4	opportunity; chance; occasion; CL:個|个[ge4]	2
机械	機械	ji1 xie4	machine; machinery; mechanical; (old) cunning; scheming	6
机构	機構	ji1 gou4	mechanism; structure; organization; agency; institution; CL:所[suo3]	4
机票	機票	ji1 piao4	plane ticket; airline ticket; CL:張|张[zhang1]	1
机舱	機艙	ji1 cang1	cabin of a plane	7-9
机制	機製	ji1 zhi4	machine-processed; machine-made	5
机遇	機遇	ji1 yu4	opportunity; favorable turn of events; stroke of luck	4
机关	機關	ji1 guan1	mechanism; gear; machine-operated; office; agency; organ; organization; establishment; institution; body; stratagem; scheme; intrigue; plot; trick	6
机灵	機靈	ji1 ling5	clever; quick-witted	7-9
橡皮	橡皮	xiang4 pi2	rubber; an eraser; CL:塊|块[kuai4]	7-9
橡胶	橡膠	xiang4 jiao1	rubber; caoutchouc	7-9
横	橫	heng2	horizontal; across; crosswise; horizontal stroke (in Chinese characters); to place (sth) flat (on a surface); to cross (a river, etc); in a jumble; chaotic; (in fixed expressions) harsh and unreasonable; violent	7-9
横	橫	heng4	harsh and unreasonable; unexpected	7-9
横七竖八	橫七豎八	heng2 qi1 shu4 ba1	in disorder; at sixes and sevens (idiom)	7-9
横向	橫向	heng2 xiang4	horizontal; orthogonal; perpendicular; lateral; crosswise	7-9
档	檔	dang3	(Tw) gear (variant of 擋|挡[dang3])	6
档	檔	dang4	(bound form) shelves (for files); pigeonholes; (bound form) files; crosspiece (of a table etc); (bound form) (of goods) grade; vendor's open-air stall; (Tw) timeslot for a show or program; classifier for shows; classifier for events, affairs etc; Taiwan pr. [dang3]	6
档案	檔案	dang4 an4	file; record; archive	6
档次	檔次	dang4 ci4	grade; class; quality; level	7-9
检察	檢察	jian3 cha2	to inspect; (law) to prosecute; to investigate	7-9
检查	檢查	jian3 cha2	inspection; to examine; to inspect; CL:次[ci4]	2
检测	檢測	jian3 ce4	to test; to detect	4
检讨	檢討	jian3 tao3	to examine or inspect; self-criticism; review	7-9
检验	檢驗	jian3 yan4	to inspect; to examine; to test	5
台	檯	tai2	desk; table; counter	3
台灯	檯燈	tai2 deng1	desk lamp; table lamp	6
柜台	櫃台	gui4 tai2	variant of 櫃檯|柜台[gui4 tai2]	7-9
柜子	櫃子	gui4 zi5	cupboard; cabinet	5
柜台	櫃檯	gui4 tai2	sales counter; front desk; bar; (of financial trading, medicines etc) OTC (over-the-counter)	7-9
柜台	櫃臺	gui4 tai2	variant of 櫃檯|柜台[gui4 tai2]	7-9
栏	欄	lan2	fence; railing; hurdle; column or box (of text or other data)	7-9
栏杆	欄杆	lan2 gan1	railing; banister	7-9
栏目	欄目	lan2 mu4	regular column or segment (in a publication or broadcast program); program (TV or radio)	6
权	權	Quan2	surname Quan	6
权	權	quan2	authority; power; right; (literary) to weigh; expedient; temporary	6
权利	權利	quan2 li4	right (i.e. an entitlement to sth); (classical) power and wealth	4
权力	權力	quan2 li4	power; authority	6
权威	權威	quan2 wei1	authority; authoritative; power and prestige	7-9
权益	權益	quan2 yi4	rights; interests; rights and benefits	7-9
权衡	權衡	quan2 heng2	to consider; to weigh (a matter); to balance (pros and cons)	7-9
欠	欠	qian4	to owe; to lack; (literary) to be deficient in; (bound form) yawn; to raise slightly (a part of one's body)	5
欠条	欠條	qian4 tiao2	IOU; certificate of indebtedness	7-9
欠缺	欠缺	qian4 que1	to be deficient in; lapse; deficiency	7-9
次数	次數	ci4 shu4	number of times; frequency; order number (in a series); power (math.); degree of a polynomial (math.)	6
次日	次日	ci4 ri4	next day; the morrow	7-9
欣喜	欣喜	xin1 xi3	happy	7-9
欣慰	欣慰	xin1 wei4	to be gratified	7-9
欣欣向荣	欣欣向榮	xin1 xin1 xiang4 rong2	(idiom) flourishing; thriving	7-9
欣赏	欣賞	xin1 shang3	to appreciate; to enjoy; to admire	5
欺诈	欺詐	qi1 zha4	to cheat	7-9
欺负	欺負	qi1 fu5	to bully	6
欺骗	欺騙	qi1 pian4	to deceive; to cheat	7-9
钦佩	欽佩	qin1 pei4	to admire; to look up to; to respect sb greatly	7-9
款式	款式	kuan3 shi4	pattern; style; design; CL:種|种[zhong3]	7-9
款式	款式	kuan3 shi5	elegant; elegance; good taste	7-9
款项	款項	kuan3 xiang4	funds; a sum of money; CL:宗[zong1]	7-9
歇	歇	xie1	to rest; to take a break; to stop; to halt; (dialect) to sleep; a moment; a short while	5
歉意	歉意	qian4 yi4	apology; regret	7-9
歌	歌	ge1	song (CL:首[shou3],支[zhi1]); (bound form) to sing	1
歌剧	歌劇	ge1 ju4	Western opera; CL:場|场[chang3],齣|出[chu1]	7-9
歌唱	歌唱	ge1 chang4	to sing	6
歌手	歌手	ge1 shou3	singer	3
歌星	歌星	ge1 xing1	singing star; famous singer	6
歌曲	歌曲	ge1 qu3	song	5
歌声	歌聲	ge1 sheng1	singing voice; fig. original voice of a poet	3
歌舞	歌舞	ge1 wu3	singing and dancing	7-9
歌词	歌詞	ge1 ci2	song lyric; lyrics	6
歌咏	歌詠	ge1 yong3	to sing	7-9
歌迷	歌迷	ge1 mi2	fan of a singer	3
歌颂	歌頌	ge1 song4	to sing the praises of; to extol; to eulogize	7-9
欢呼	歡呼	huan1 hu1	to cheer for; to acclaim	7-9
欢快	歡快	huan1 kuai4	cheerful and lighthearted; lively	7-9
欢乐	歡樂	huan1 le4	gaiety; gladness; glee; merriment; pleasure; happy; joyous; gay	3
欢聚	歡聚	huan1 ju4	to get together socially; to celebrate; party; celebration	7-9
欢声笑语	歡聲笑語	huan1 sheng1 xiao4 yu3	cheers and laughter	7-9
欢迎	歡迎	huan1 ying2	to welcome; welcome	2
止	止	zhi3	to stop; to prohibit; until; only	6
止咳	止咳	zhi3 ke2	to suppress coughing	7-9
止步	止步	zhi3 bu4	to halt; to stop; to go no farther	7-9
止血	止血	zhi3 xue4	to staunch (bleeding); hemostatic (drug)	7-9
正在	正在	zheng4 zai4	to be in the process of (doing sth); to be currently ...-ing	1
正好	正好	zheng4 hao3	just (in time); just right; just enough; to happen to; to chance to; by chance; it just so happens that	2
正如	正如	zheng4 ru2	just as; precisely as	5
正宗	正宗	zheng4 zong1	orthodox school; fig. traditional; old school; authentic; genuine	7-9
正常	正常	zheng4 chang2	normal; regular	2
正式	正式	zheng4 shi4	formal; official	3
正是	正是	zheng4 shi4	is precisely	2
正版	正版	zheng4 ban3	genuine; legal; see also 盜版|盗版[dao4 ban3]	5
正当	正當	zheng4 dang1	timely; just (when needed)	6
正当	正當	zheng4 dang4	honest; reasonable; fair; sensible	6
正直	正直	zheng4 zhi2	upright; upstanding; honest	7-9
正确	正確	zheng4 que4	correct; sound; right; proper	2
正义	正義	zheng4 yi4	justice; righteousness; just; righteous	5
正能量	正能量	zheng4 neng2 liang4	positive energy; positivity	7-9
正规	正規	zheng4 gui1	regular; according to standards	5
正视	正視	zheng4 shi4	to face squarely; to meet head on; to face up to	7-9
正面	正面	zheng4 mian4	front; obverse side; right side; positive; direct; open	7-9
此	此	ci3	this; these	4
此事	此事	ci3 shi4	this matter	6
此刻	此刻	ci3 ke4	this moment; now; at present	5
此前	此前	ci3 qian2	before this; before then; previously	6
此外	此外	ci3 wai4	besides; in addition; moreover; furthermore	4
此后	此後	ci3 hou4	after this; afterwards; hereafter	5
此时	此時	ci3 shi2	now; this moment	5
此次	此次	ci3 ci4	this time	6
此致	此致	ci3 zhi4	(used at the end of a letter to introduce a polite salutation)	6
此处	此處	ci3 chu4	this place; here (literary)	6
此起彼伏	此起彼伏	ci3 qi3 bi3 fu2	up here, down there (idiom); to rise and fall in succession; no sooner one subsides, the next arises; repeating continuously; occurring again and again (of applause, fires, waves, protests, conflicts, uprisings etc)	7-9
步	步	Bu4	surname Bu	3
步	步	bu4	a step; a pace; walk; march; stages in a process; situation	3
步伐	步伐	bu4 fa2	pace; (measured) step; march	7-9
步入	步入	bu4 ru4	to step into; to enter	7-9
步行	步行	bu4 xing2	to go on foot; to walk	4
步骤	步驟	bu4 zhou4	procedure; step	7-9
武力	武力	wu3 li4	military force	7-9
武器	武器	wu3 qi4	weapon; arms; CL:種|种[zhong3]	3
武术	武術	wu3 shu4	military skill or technique (in former times); all kinds of martial art sports (some claiming spiritual development); self-defense; tradition of choreographed fights from opera and film (recent usage); also called kungfu 功夫; CL:種|种[zhong3]	3
武装	武裝	wu3 zhuang1	arms; equipment; to arm; military; armed (forces)	7-9
歧视	歧視	qi2 shi4	to discriminate against; discrimination	7-9
歪	歪	wai1	askew; at a crooked angle; devious; noxious; (coll.) to lie on one's side	7-9
歪	歪	wai3	to sprain (one's ankle) (Tw)	7-9
歪曲	歪曲	wai1 qu1	to distort; to misrepresent	7-9
岁	歲	sui4	classifier for years (of age); year; year (of crop harvests)	1
岁数	歲數	sui4 shu5	age (number of years old)	6
岁月	歲月	sui4 yue4	years; time	5
历来	歷來	li4 lai2	always; throughout (a period of time); (of) all-time	7-9
历史	歷史	li4 shi3	history; CL:門|门[men2],段[duan4]	4
历届	歷屆	li4 jie4	all previous (meetings, sessions etc)	7-9
历时	歷時	li4 shi2	to last; to take (time); period; diachronic	7-9
历程	歷程	li4 cheng2	course; process	7-9
历经	歷經	li4 jing1	to experience; to go through	7-9
归	歸	Gui1	surname Gui	4
归	歸	gui1	to return; to go back to; to give back to; (of a responsibility) to be taken care of by; to belong to; to gather together; (used between two identical verbs) despite; to marry (of a woman) (old); division on the abacus with a one-digit divisor	4
归来	歸來	gui1 lai2	to return; to come back	7-9
归宿	歸宿	gui1 su4	place to return to; home; final destination; ending	7-9
归属	歸屬	gui1 shu3	to belong to; to be affiliated to; to fall under the jurisdiction of; a place where one feels that one belongs; one's final destination (where one need look no further)	7-9
归根到底	歸根到底	gui1 gen1 dao4 di3	after all; in the final analysis; ultimately	7-9
归纳	歸納	gui1 na4	to sum up; to summarize; to conclude from facts; induction (method of deduction in logic)	7-9
归结	歸結	gui1 jie2	to sum up; to conclude; to put in a nutshell; conclusion; end (of a story etc)	7-9
归还	歸還	gui1 huan2	to return sth; to revert	7-9
歹徒	歹徒	dai3 tu2	evildoer; malefactor; gangster; hoodlum	7-9
死	死	si3	to die; impassable; uncrossable; inflexible; rigid; extremely; damned	3
死亡	死亡	si3 wang2	to die; death	6
死心	死心	si3 xin1	to give up; to admit failure; to drop the matter; to reconcile oneself to loss; to have no more illusions about	7-9
死心塌地	死心塌地	si3 xin1 ta1 di4	to be hell-bent on; dead set on sth; unswerving	7-9
残	殘	can2	to destroy; to spoil; to ruin; to injure; cruel; oppressive; savage; brutal; incomplete; disabled; to remain; to survive; remnant; surplus	7-9
残忍	殘忍	can2 ren3	cruel; merciless; ruthless	7-9
残留	殘留	can2 liu2	to remain; to be left over; residual; remnant; residue	7-9
残疾	殘疾	can2 ji2	disabled; handicapped; deformity on a person or animal	6
残疾人	殘疾人	can2 ji2 ren2	disabled person	6
残缺	殘缺	can2 que1	badly damaged; shattered	7-9
残酷	殘酷	can2 ku4	cruel; harsh; merciless	6
僵	殭	jiang1	variant of 僵[jiang1]	7-9
歼灭	殲滅	jian1 mie4	to wipe out; to crush; to annihilate	7-9
段	段	Duan4	surname Duan	2
段	段	duan4	paragraph; section; segment; stage (of a process); classifier for stories, periods of time, lengths of thread etc	2
段落	段落	duan4 luo4	phase; time interval; paragraph; (written) passage	7-9
殷勤	殷勤	yin1 qin2	politely; solicitously; eagerly attentive	7-9
杀	殺	sha1	to kill; to slay; to murder; to attack; to weaken; to reduce; (dialect) to smart; (used after a verb) extremely	5
杀害	殺害	sha1 hai4	to murder	7-9
杀手	殺手	sha1 shou3	killer; murderer; hit man; (sports) formidable player	7-9
杀毒	殺毒	sha1 du2	to disinfect; (computing) to destroy a computer virus	5
壳	殻	qiao4	variant of 殼|壳[qiao4]	7-9
壳	殼	ke2	(coll.) shell (of an egg, nut, crab etc); case; casing; housing (of a machine or device)	7-9
壳	殼	qiao4	(bound form) shell; Taiwan pr. [ke2]	7-9
殿堂	殿堂	dian4 tang2	palace; hall; temple buildings	7-9
毁	毀	hui3	to destroy; to ruin; to defame; to slander	6
毁坏	毀壞	hui3 huai4	to damage; to devastate; to vandalize; damage; destruction	7-9
毁灭	毀滅	hui3 mie4	to perish; to ruin; to destroy	7-9
毅力	毅力	yi4 li4	perseverance; willpower	7-9
毅然	毅然	yi4 ran2	firmly; resolutely; without hesitation	7-9
殴打	毆打	ou1 da3	to beat up; to come to blows; battery (law)	7-9
母	母	mu3	mother; elderly female relative; origin; source; (of animals) female	6
母女	母女	mu3 nu:3	mother and daughter; mother-daughter	6
母子	母子	mu3 zi3	mother and child; parent and subsidiary (companies); principal and interest	6
母亲	母親	mu3 qin1	mother	3
母鸡	母雞	mu3 ji1	hen; don't know (humorous slang mimicking Cantonese 唔知, Jyutping: m4 zi1)	6
每	每	mei3	each; every	3
每当	每當	mei3 dang1	whenever; every time	7-9
每逢	每逢	mei3 feng2	every time; on each occasion; whenever	7-9
毒	毒	du2	poison; to poison; poisonous; malicious; cruel; fierce; narcotics	5
毒品	毒品	du2 pin3	drugs; narcotics	6
比	比	Bi3	Belgium; Belgian; abbr. for 比利時|比利时[Bi3 li4 shi2]	1
比	比	bi1	euphemistic variant of 屄[bi1]	1
比	比	bi3	to compare; (followed by a noun and adjective) more {adj.} than {noun}; ratio; to gesture; (Taiwan pr. [bi4] in some compounds derived from Classical Chinese)	1
比不上	比不上	bi3 bu4 shang4	can't compare with	7-9
比例	比例	bi3 li4	proportion; scale	3
比分	比分	bi3 fen1	score (of a game or competition)	4
比喻	比喻	bi3 yu4	to compare; to liken to; metaphor; analogy; figure of speech; figuratively	7-9
比如	比如	Bi3 ru2	see 比如縣|比如县[Bi3 ru2 Xian4]	2
比如	比如	bi3 ru2	for example; for instance; such as	2
比如说	比如說	bi3 ru2 shuo1	for example	2
比方	比方	bi3 fang5	analogy; instance; for instance	5
比比皆是	比比皆是	bi3 bi3 jie1 shi4	can be found everywhere	7-9
比试	比試	bi3 shi4	to have a competition; to measure with one's hand or arm; to make a gesture of measuring	7-9
比赛	比賽	bi3 sai4	competition (sports etc); match; CL:場|场[chang3],次[ci4]; to compete	3
比起	比起	bi3 qi3	compared with	7-9
比较	比較	bi3 jiao4	to compare; to contrast; comparatively; relatively; quite; comparison	3
比重	比重	bi3 zhong4	proportion; specific gravity	5
毛巾	毛巾	mao2 jin1	towel; CL:條|条[tiao2]	4
毛病	毛病	mao2 bing4	fault; defect; shortcomings; ailment; CL:個|个[ge4]	3
毛笔	毛筆	mao2 bi3	writing brush; CL:枝[zhi1],管[guan3]	5
毛衣	毛衣	mao2 yi1	(wool) sweater; CL:件[jian4]	4
毫不	毫不	hao2 bu4	hardly; not in the least; not at all	7-9
毫不犹豫	毫不猶豫	hao2 bu4 you2 yu4	without the slightest hesitation	7-9
毫升	毫升	hao2 sheng1	milliliter	4
毫无	毫無	hao2 wu2	not in the least; to completely lack	7-9
毫米	毫米	hao2 mi3	millimeter	4
球	毬	qiu2	ball used for playing games (variant of 球[qiu2])	1
毯子	毯子	tan3 zi5	blanket; CL:條|条[tiao2],張|张[zhang1],床[chuang2],面[mian4]	7-9
民主	民主	min2 zhu3	democracy; democratic	6
民俗	民俗	min2 su2	popular custom	7-9
民工	民工	min2 gong1	migrant worker (who moved from a rural area of China to a city to find work); temporary worker enlisted on a public project	6
民意	民意	min2 yi4	public opinion; popular will; public will	6
民族	民族	min2 zu2	nationality; ethnic group	3
民歌	民歌	min2 ge1	folk song; CL:支[zhi1],首[shou3]	6
民用	民用	min2 yong4	(for) civilian use	7-9
民众	民眾	min2 zhong4	the populace; the masses; the common people	7-9
民警	民警	min2 jing3	civil police; PRC police; abbr. for 人民警察	6
民办	民辦	min2 ban4	run by the local people; privately operated	7-9
民间	民間	min2 jian1	among the people; popular; folk; non-governmental; involving people rather than governments	3
氛围	氛圍	fen1 wei2	ambience; atmosphere	7-9
气	氣	qi4	gas; air; smell; weather; to make angry; to annoy; to get angry; vital energy; qi	2
气候	氣候	qi4 hou4	(meteorology) climate; (fig.) climate; prevailing conditions (in human affairs)	3
气势	氣勢	qi4 shi4	imposing manner; loftiness; grandeur; energetic looks; vigor	7-9
气味	氣味	qi4 wei4	odor; scent	7-9
气息	氣息	qi4 xi1	breath; smell; odor; flavor	7-9
气愤	氣憤	qi4 fen4	indignant; furious	7-9
气氛	氣氛	qi4 fen1	atmosphere; mood	6
气泡	氣泡	qi4 pao4	bubble; blister (in metal); (of beverages) sparkling; carbonated	7-9
气派	氣派	qi4 pai4	impressive; stylish; magnificent; imposing manner; dignified air	7-9
气温	氣溫	qi4 wen1	air temperature	2
气球	氣球	qi4 qiu2	balloon	4
气管	氣管	qi4 guan3	windpipe; trachea; respiratory tract; air duct; gas pipe	7-9
气象	氣象	qi4 xiang4	meteorological condition; weather; meteorology; atmosphere; ambience; scene	5
气质	氣質	qi4 zhi4	personality traits; temperament; disposition; aura; air; feel; vibe; refinement; sophistication; class	7-9
气馁	氣餒	qi4 nei3	to be discouraged	7-9
气体	氣體	qi4 ti3	gas (i.e. gaseous substance)	5
气魄	氣魄	qi4 po4	spirit; boldness; positive outlook; imposing attitude	7-9
氧	氧	yang3	oxygen (chemistry)	7-9
氧气	氧氣	yang3 qi4	oxygen	6
水	水	Shui3	surname Shui; Shui ethnic group	1
水	水	shui3	water; (after a name) ... River; to swim (used mostly in 會水|会水[hui4 shui3] and 水性[shui3 xing4]); (coll.) lacking in substance; shoddy; (bound form) additional cost; extra income; classifier for washings of a garment	1
水分	水分	shui3 fen4	moisture content; (fig.) overstatement; padding	5
水利	水利	shui3 li4	water conservancy; irrigation works	7-9
水域	水域	shui3 yu4	waters; body of water	7-9
水壶	水壺	shui3 hu2	kettle; canteen; watering can	7-9
水平	水平	shui3 ping2	horizontal; level; a standard; a level (of ability, development etc)	2
水库	水庫	shui3 ku4	reservoir; CL:座[zuo4]	5
水手	水手	shui3 shou3	mariner; sailor; seaman	7-9
水晶	水晶	shui3 jing1	crystal	7-9
水果	水果	shui3 guo3	fruit	1
水槽	水槽	shui3 cao2	sink	7-9
水泥	水泥	shui3 ni2	cement; CL:袋[dai4]	6
水源	水源	shui3 yuan2	water source; water supply; headwaters of a river	7-9
水准	水準	shui3 zhun3	level (of achievement etc); standard; level (surveying)	7-9
水温	水溫	shui3 wen1	water temperature	7-9
水涨船高	水漲船高	shui3 zhang3 chuan2 gao1	the tide rises, the boat floats (idiom); fig. to change with the overall trend; to develop according to the situation	7-9
水灾	水災	shui3 zai1	flood; flood damage	5
水产品	水產品	shui3 chan3 pin3	aquatic products (including fish, crabs, seaweed etc)	5
水稻	水稻	shui3 dao4	rice; paddy; CL:株[zhu1]	7-9
水管	水管	shui3 guan3	water pipe	7-9
水落石出	水落石出	shui3 luo4 shi2 chu1	lit. as the water recedes, the rocks appear (idiom); fig. the truth comes to light	7-9
水货	水貨	shui3 huo4	smuggled goods; unauthorized goods	7-9
水灵灵	水靈靈	shui3 ling2 ling2	see 水靈|水灵[shui3 ling2]	7-9
水面	水面	shui3 mian4	water surface	7-9
水龙头	水龍頭	shui3 long2 tou2	faucet; tap	7-9
冰	氷	bing1	variant of 冰[bing1]	4
永不	永不	yong3 bu4	never; will never	7-9
永久	永久	yong3 jiu3	everlasting; perpetual; lasting; forever; permanent	7-9
永恒	永恆	yong3 heng2	eternal; everlasting; fig. to pass into eternity (i.e. to die)	7-9
永远	永遠	yong3 yuan3	forever; eternal	2
泛滥	氾濫	fan4 lan4	to overflow; to inundate; to flood; (fig.) to proliferate unchecked	7-9
汁	汁	zhi1	juice	7-9
求	求	qiu2	to seek; to look for; to request; to demand; to beseech	2
求助	求助	qiu2 zhu4	to request help; to appeal (for help)	7-9
求婚	求婚	qiu2 hun1	to propose marriage	7-9
求学	求學	qiu2 xue2	to pursue one's studies; to attend school; to seek knowledge	7-9
求救	求救	qiu2 jiu4	to seek help (when in distress or having difficulties)	7-9
求职	求職	qiu2 zhi2	to seek employment	6
求证	求證	qiu2 zheng4	to seek proof; to seek confirmation	7-9
求医	求醫	qiu2 yi1	to seek medical treatment; to see a doctor	7-9
汗	汗	han2	see 可汗[ke4 han2], 汗國|汗国[han2 guo2]	5
汗	汗	han4	perspiration; sweat; CL:滴[di1],頭|头[tou2],身[shen1]; to be speechless (out of helplessness, embarrassment etc) (Internet slang used as an interjection)	5
汗水	汗水	han4 shui3	sweat; perspiration	7-9
江	江	Jiang1	surname Jiang; (bound form) Yangtze River; (bound form) Jiangsu Province (abbr. for 江蘇|江苏[Jiang1 su1])	4
江	江	jiang1	river; CL:條|条[tiao2],道[dao4]	4
池塘	池塘	chi2 tang2	pool; pond	7-9
池子	池子	chi2 zi5	pond; bathhouse pool; dance floor of a ballroom; (old) stalls (front rows in a theater)	5
污染	污染	wu1 ran3	(lit. and fig.) to pollute; to contaminate	5
污水	污水	wu1 shui3	sewage	5
污秽	污穢	wu1 hui4	(literary) dirty; filthy; (literary) dirt; filth	7-9
汪洋	汪洋	wang1 yang2	vast body of water; CL:片[pian4]	7-9
决不	決不	jue2 bu4	not at all; simply (can) not	5
决定	決定	jue2 ding4	to decide; to determine; to make up one's mind; decision (CL:個|个[ge4],項|项[xiang4])	3
决心	決心	jue2 xin1	determination; resolution; determined; firm and resolute; to make up one's mind; CL:個|个[ge4]	3
决策	決策	jue2 ce4	strategic decision; decision-making; policy decision; to determine policy	6
决议	決議	jue2 yi4	a resolution; to pass a resolution	7-9
决赛	決賽	jue2 sai4	finals (of a competition)	3
汽水	汽水	qi4 shui3	soda pop; carbonated soft drink	4
汽油	汽油	qi4 you2	gasoline	4
汽车	汽車	qi4 che1	car; automobile; bus; CL:輛|辆[liang4]	1
沉	沈	chen2	variant of 沉[chen2]	4
沉淀	沈澱	chen2 dian4	variant of 沉澱|沉淀[chen2 dian4]	7-9
沉	沉	chen2	to submerge; to immerse; to sink; to keep down; to lower; to drop; deep; profound; heavy	4
沉思	沉思	chen2 si1	to contemplate; to ponder; contemplation; meditation	7-9
沉闷	沉悶	chen2 men4	oppressive (of weather); heavy; depressed; not happy; (of sound) dull; muffled	7-9
沉浸	沉浸	chen2 jin4	to soak; to permeate; to immerse	7-9
沉淀	沉澱	chen2 dian4	(chemistry) to settle; to precipitate; (chemistry) sediment; precipitate; (fig.) (of emotions, thoughts, experience etc) to settle and be absorbed over time; to take shape gradually (through reflection or maturation)	7-9
沉甸甸	沉甸甸	chen2 dian4 dian4	heavy	7-9
沉稳	沉穩	chen2 wen3	steady; calm; unflustered	7-9
沉着	沉著	chen2 zhuo2	steady; calm and collected; not nervous	7-9
沉迷	沉迷	chen2 mi2	to be engrossed; to be absorbed with; to lose oneself in; to be addicted to	7-9
沉重	沉重	chen2 zhong4	heavy; hard; serious; critical	4
沉默	沉默	chen2 mo4	taciturn; uncommunicative; silent	4
沏	沏	qi1	to steep (tea)	7-9
沐浴露	沐浴露	mu4 yu4 lu4	shower gel	7-9
没	沒	mei2	(negative prefix for verbs) have not; not	1
没	沒	mo4	drowned; to end; to die; to inundate	1
没事儿	沒事兒	mei2 shi4 r5	to have spare time; free from work; it's not important; it's nothing; never mind	1
没什么	沒什麼	mei2 shen2 me5	it doesn't matter; it's nothing; never mind; think nothing of it; it's my pleasure; you're welcome	1
没劲	沒勁	mei2 jin4	to have no strength; to feel weak; exhausted; feeling listless; boring; of no interest	7-9
没完没了	沒完沒了	mei2 wan2 mei2 liao3	without end; incessantly; on and on	7-9
没想到	沒想到	mei2 xiang3 dao4	didn't expect	4
没意思	沒意思	mei2 yi4 si5	boring; of no interest	7-9
没收	沒收	mo4 shou1	to confiscate; to seize	6
没有	沒有	mei2 you3	haven't; hasn't; doesn't exist; to not have; to not be	1
没法儿	沒法兒	mei2 fa3 r5	(coll.) can't do anything about it; (coll.) there's no way that ...; it's simply not credible that ...; (coll.) couldn't be (better) (i.e. simply wonderful)	4
没准儿	沒準兒	mei2 zhun3 r5	erhua variant of 沒準|没准[mei2 zhun3]	7-9
没用	沒用	mei2 yong4	useless	3
没落	沒落	mo4 luo4	to decline; to wane	7-9
没说的	沒說的	mei2 shuo1 de5	(coll.) nothing to pick on; really good; (coll.) nothing to discuss; settled matter; no problem	7-9
没辙	沒轍	mei2 zhe2	at one's wit's end; unable to find a way out	7-9
没错	沒錯	mei2 cuo4	that's right; sure!; rest assured!; that's good; can't go wrong	4
没关系	沒關係	mei2 guan1 xi5	it doesn't matter	1
冲	沖	chong1	(of water) to dash against; to mix with water; to infuse; to rinse; to flush; to develop (a film); to rise in the air; to clash; to collide with	6
冲击	沖擊	chong1 ji1	variant of 衝擊|冲击[chong1 ji1]	6
冲洗	沖洗	chong1 xi3	to rinse; to wash; (photography) to develop (film)	7-9
沙子	沙子	sha1 zi5	sand; grit; CL:粒[li4],把[ba3]	3
沙漠	沙漠	sha1 mo4	desert; CL:個|个[ge4]	5
沙滩	沙灘	sha1 tan1	beach; sandy shore; CL:片[pian4]	7-9
沙发	沙發	sha1 fa1	(loanword) sofa (CL:條|条[tiao2],張|张[zhang1]); (Internet slang) first reply to a forum post	3
沙龙	沙龍	sha1 long2	salon (loanword)	7-9
沮丧	沮喪	ju3 sang4	dispirited; dejected; dismayed	7-9
河	河	he2	river (CL:條|条[tiao2],道[dao4]); (bound form) the Yellow River; (bound form) the Milky Way; (bound form) (on restaurant menus) rice noodles 河粉[he2 fen3]	2
河流	河流	he2 liu2	river; CL:條|条[tiao2]	7-9
河畔	河畔	he2 pan4	riverside; river plain	7-9
沸沸扬扬	沸沸揚揚	fei4 fei4 yang2 yang2	bubbling and gurgling; hubbubing; abuzz	7-9
沸腾	沸騰	fei4 teng2	(of a liquid) to boil; (of sentiments etc) to boil over; to flare up; to be impassioned	7-9
油	油	you2	oil; fat; grease; petroleum; to apply tung oil, paint or varnish; oily; greasy; glib; cunning	2
油画	油畫	you2 hua4	oil painting	7-9
治	治	zhi4	to rule; to govern; to manage; to control; to harness (a river); to treat (a disease); to wipe out (a pest); to punish; to research	4
治学	治學	zhi4 xue2	scholarship; high-level study; to do scholarly research; to pursue a high level of study	7-9
治安	治安	zhi4 an1	law and order; public security	5
治理	治理	zhi4 li3	to govern; to administer; to manage; to control; governance	5
治病	治病	zhi4 bing4	to treat an illness	6
治疗	治療	zhi4 liao2	to treat (an illness); medical treatment; therapy	4
治愈	治癒	zhi4 yu4	to cure; to restore to health; uplifting; heartwarming	7-9
沼泽	沼澤	zhao3 ze2	marsh; swamp; wetlands; glade	7-9
沽名钓誉	沽名釣譽	gu1 ming2 diao4 yu4	to angle for fame (idiom); to fish for compliments	7-9
沾	沾	zhan1	to moisten; to be infected by; to receive benefit or advantage through a contact; to touch	7-9
沾光	沾光	zhan1 guang1	to bask in the light; fig. to benefit from association with sb or sth; reflected glory	7-9
沿	沿	yan2	along; to follow (a line, tradition etc); to carry on; to trim (a border with braid, tape etc); border; edge	6
沿岸	沿岸	yan2 an4	coastal area; littoral or riparian	7-9
沿海	沿海	yan2 hai3	coastal	6
沿线	沿線	yan2 xian4	along the line (e.g. railway); the region near the line	7-9
沿着	沿著	yan2 zhe5	to go along; to follow	6
沿途	沿途	yan2 tu2	along the sides of the road; by the wayside	7-9
况且	況且	kuang4 qie3	moreover; besides; in addition; furthermore	7-9
泄	泄	xie4	variant of 洩|泄[xie4]	7-9
泄露	泄露	xie4 lu4	to leak (information); to divulge; also pr. [xie4lou4]	7-9
泉	泉	quan2	spring (small stream); mouth of a spring; coin (archaic)	5
法	法	Fa3	France; French; abbr. for 法國|法国[Fa3 guo2]; Taiwan pr. [Fa4]	4
法	法	fa3	law; method; way; to emulate; (Buddhism) dharma; (abbr. for 法家[Fa3 jia1]) the Legalists; (physics) farad (abbr. for 法拉[fa3 la1])	4
法制	法制	fa3 zhi4	legal system and institutions	5
法官	法官	fa3 guan1	judge (in court)	4
法庭	法庭	fa3 ting2	court of law	6
法律	法律	fa3 lu:4	law; CL:條|条[tiao2], 套[tao4], 個|个[ge4]	4
法制	法製	Fa3 zhi4	made in France	5
法规	法規	fa3 gui1	legislation; statute	5
法语	法語	Fa3 yu3	French (language)	6
法院	法院	fa3 yuan4	court of law; court	4
泛滥	泛濫	fan4 lan4	variant of 氾濫|泛滥[fan4 lan4]	7-9
泡	泡	pao1	puffed; swollen; spongy; small lake (esp. in place names); classifier for urine or feces	6
泡	泡	pao4	bubble; foam; blister; to soak; to steep; to infuse; to dawdle; to loiter; to pick up (a girl); to get off with (a sexual partner); classifier for occurrences of an action; classifier for number of infusions	6
泡沫	泡沫	pao4 mo4	foam; (soap) bubble; (economic) bubble	7-9
波动	波動	bo1 dong4	to undulate; to fluctuate; wave motion; rise and fall	6
波及	波及	bo1 ji2	to spread to; to involve; to affect	7-9
波折	波折	bo1 zhe2	twists and turns	7-9
波浪	波浪	bo1 lang4	wave	6
波涛	波濤	bo1 tao1	billows; great waves; surging waves	7-9
波澜	波瀾	bo1 lan2	billows; great waves (fig. of a story with great momentum)	7-9
泥	泥	ni2	mud; clay; paste; pulp	6
泥	泥	ni4	restrained	6
泥土	泥土	ni2 tu3	earth; soil; mud; clay	7-9
泥潭	泥潭	ni2 tan2	quagmire	7-9
注	注	zhu4	(bound form) to pour into; to flow into; to inject; (bound form) to focus (one's spirit, gaze etc) on a single point; to concentrate; (bound form) stake (in gambling); classifier for stakes, sums of money, transactions or beams of light; variant of 註|注[zhu4]	7-9
注入	注入	zhu4 ru4	to pour into; to empty into	7-9
注射	注射	zhu4 she4	injection; to inject	5
注意	注意	zhu4 yi4	to take note of; to pay attention to	3
注视	注視	zhu4 shi4	to look attentively at; to closely watch; to gaze at	5
注重	注重	zhu4 zhong4	to pay attention to; to emphasize	5
泰斗	泰斗	tai4 dou3	abbr. for 泰山北斗[Tai4 shan1 Bei3 dou3]	7-9
洋	洋	yang2	ocean; vast; foreign; silver dollar or coin	6
洋溢	洋溢	yang2 yi4	brimming with; steeped in	7-9
洗	洗	xi3	to wash; to bathe; to develop (photographs); to shuffle (cards etc); to erase (a recording)	1
洗	洗	xian3	used in 洗馬|洗马[xian3 ma3]	1
洗手间	洗手間	xi3 shou3 jian1	toilet; lavatory; washroom	1
洗涤剂	洗滌劑	xi3 di2 ji4	cleaning agent; detergent	7-9
洗澡	洗澡	xi3 zao3	to bathe; to take a shower	2
洗礼	洗禮	xi3 li3	baptism (lit. or fig.)	7-9
洗衣机	洗衣機	xi3 yi1 ji1	washing machine; washer; CL:臺|台[tai2]	2
洗衣粉	洗衣粉	xi3 yi1 fen3	laundry detergent; washing powder	6
洞	洞	dong4	cave; hole; zero (unambiguous spoken form when spelling out numbers); CL:個|个[ge4]	5
洞	洞	tong2	used in 洪洞[Hong2 tong2] (the name of a place in Shanxi)	5
津津有味	津津有味	jin1 jin1 you3 wei4	with keen interest (idiom); with great pleasure; with gusto; eagerly	7-9
津贴	津貼	jin1 tie1	allowance	7-9
泄	洩	xie4	(bound form) to leak out; to discharge; (fig.) to divulge	7-9
泄密	洩密	xie4 mi4	to leak secrets	7-9
泄气	洩氣	xie4 qi4	to leak (gas); to be discouraged; to despair; (disparaging) pathetic; to vent one's anger; (of a tire) to be flat	7-9
泄漏	洩漏	xie4 lou4	(of a liquid or gas) to leak; to divulge; to leak (information)	7-9
洪亮	洪亮	hong2 liang4	loud and clear; resonant	7-9
洪水	洪水	hong2 shui3	deluge; flood	6
汹涌	洶湧	xiong1 yong3	to surge up violently (of ocean, river, lake etc); turbulent	7-9
活	活	huo2	to live; alive; living; work; workmanship	3
活儿	活兒	huo2 r5	work; (lots of) things to do	7-9
活力	活力	huo2 li4	energy; vitality; vigor; vital force	5
活动	活動	huo2 dong4	to exercise; to move about; to work out; shaky; unsteady; loose (tooth etc); movable; flexible; liquid (capital etc); (volcanic, seismic, economic etc) activity; (outdoor etc) activity; event; (political) campaign; (military) maneuver (CL:項|项[xiang4]); to use personal influence, connections, bribes etc	2
活期	活期	huo2 qi1	(banking) current (account); checking (account); demand (deposit etc)	7-9
活泼	活潑	huo2 po5	lively; vivacious; brisk; active; (chemistry) reactive	5
活该	活該	huo2 gai1	(coll.) serve sb right; deservedly; ought; should	7-9
活跃	活躍	huo2 yue4	active; lively; excited; to enliven; to brighten up	6
洽谈	洽談	qia4 tan2	to discuss	7-9
派	派	pa1	used in 派司[pa1 si5]	3
派	派	pai4	(literary) tributary; branch of a river; clique; school; group; faction; (bound form) style; manner; to send (a person or resource); to dispatch; to allocate (a resource or task); to appoint (sb); classifier for factions, groups etc; (preceded by 一[yi1]) classifier used in characterizing a scene, atmosphere, demeanor, sound, remark etc; (loanword) pi (Greek letter Π, π); the circular ratio 𝜋 = 3.14159...; (loanword) pie	3
派出	派出	pai4 chu1	to send; to dispatch	6
派别	派別	pai4 bie2	group; sect; clique; faction; school	7-9
派遣	派遣	pai4 qian3	to send (on a mission); to dispatch	7-9
流	流	liu2	to flow; to disseminate; to circulate or spread; to move or drift; to degenerate; to banish or send into exile; stream of water or sth resembling one; class, rate or grade	2
流传	流傳	liu2 chuan2	to spread; to circulate; to hand down	4
流入	流入	liu2 ru4	to flow into; inflow	7-9
流利	流利	liu2 li4	fluent	2
流动	流動	liu2 dong4	to flow; to circulate; to move about; mobile; (of assets) liquid	5
流向	流向	liu2 xiang4	direction of a current; direction of flow; to flow toward	7-9
流域	流域	liu2 yu4	river basin; valley; drainage area	7-9
流失	流失	liu2 shi1	(of soil etc) to wash away; to be eroded; (fig.) (of talented staff, followers of a religious faith, investment funds etc) to go elsewhere; to fail to be retained	7-9
流感	流感	liu2 gan3	flu; influenza	6
流畅	流暢	liu2 chang4	flowing (of speech, writing); fluent; smooth and easy	7-9
流氓	流氓	liu2 mang2	rogue; hoodlum; gangster; immoral behavior	7-9
流水	流水	liu2 shui3	running water; (business) turnover	7-9
流浪	流浪	liu2 lang4	to drift about; to wander; to roam; nomadic; homeless; unsettled (e.g. population); vagrant	7-9
流淌	流淌	liu2 tang3	to flow	7-9
流泪	流淚	liu2 lei4	to shed tears	7-9
流程	流程	liu2 cheng2	course; stream; sequence of processes; work flow in manufacturing	7-9
流血	流血	liu2 xue4	to bleed; to shed blood	7-9
流行	流行	liu2 xing2	(of a contagious disease etc) to spread; to propagate; (of a style of clothing, song etc) popular; fashionable	2
流转	流轉	liu2 zhuan3	to be on the move; to roam or wander; to circulate (of goods or capital)	7-9
流通	流通	liu2 tong1	to circulate; to distribute; circulation; distribution	5
流量	流量	liu2 liang4	flow rate; throughput of passengers; volume of traffic; (hydrology) discharge; data traffic; network traffic; website traffic; mobile data	7-9
流露	流露	liu2 lu4	to reveal (indirectly, implicitly); to show (interest, contempt etc) by means of one's actions, tone of voice etc	7-9
浩劫	浩劫	hao4 jie2	calamity; catastrophe; apocalypse	7-9
浪	浪	lang4	wave; breaker; unrestrained; dissipated; to stroll; to ramble	7-9
浪漫	浪漫	lang4 man4	romantic	5
浪费	浪費	lang4 fei4	to waste; to squander	3
浮	浮	fu2	to float; superficial; floating; unstable; movable; provisional; temporary; transient; impetuous; hollow; inflated; to exceed; superfluous; excessive; surplus	6
浮力	浮力	fu2 li4	buoyancy	7-9
浮现	浮現	fu2 xian4	(of a thought or image) to come to mind; (of a smile etc) to appear (on sb's face); (of a problem etc) to emerge	7-9
浮躁	浮躁	fu2 zao4	fickle and impatient; restless; giddy; scatterbrained	7-9
浴室	浴室	yu4 shi4	bathroom; shower room (CL:間|间[jian1]); bathhouse	7-9
海	海	Hai3	surname Hai	2
海	海	hai3	ocean; sea; CL:個|个[ge4],片[pian4]; great number of people or things; (dialect) numerous	2
海内外	海內外	hai3 nei4 wai4	domestic and international; at home and abroad	7-9
海啸	海嘯	hai3 xiao4	tsunami	7-9
海域	海域	hai3 yu4	sea area; territorial waters; maritime space	7-9
海报	海報	hai3 bao4	poster; playbill; notice	6
海外	海外	hai3 wai4	overseas; abroad	6
海岸	海岸	hai3 an4	coastal; seacoast	7-9
海峡	海峽	hai3 xia2	strait; channel	7-9
海底	海底	hai3 di3	seabed; seafloor; bottom of the ocean	6
海拔	海拔	hai3 ba2	height above sea level; elevation	7-9
海水	海水	hai3 shui3	seawater	4
海洋	海洋	hai3 yang2	ocean	6
海浪	海浪	hai3 lang4	sea wave	6
海滨	海濱	hai3 bin1	shore; seaside	7-9
海滩	海灘	hai3 tan1	beach; CL:片[pian4]	7-9
海湾	海灣	Hai3 wan1	(Persian) Gulf	6
海湾	海灣	hai3 wan1	bay; gulf	6
海盗	海盜	hai3 dao4	pirate	7-9
海绵	海綿	hai3 mian2	(zoology) sea sponge; (esp.) dried sea sponge; sponge (made from polyester or cellulose etc); foam rubber	7-9
海藻	海藻	hai3 zao3	seaweed; marine alga; kelp	7-9
海军	海軍	hai3 jun1	navy	6
海运	海運	hai3 yun4	shipping by sea	7-9
海边	海邊	hai3 bian1	coast; seaside; seashore; beach	2
海量	海量	hai3 liang4	huge volume	7-9
海关	海關	hai3 guan1	customs (i.e. border crossing inspection); CL:個|个[ge4]	3
海面	海面	hai3 mian4	the surface of the sea; ocean surface	7-9
海鲜	海鮮	hai3 xian1	seafood	4
浸泡	浸泡	jin4 pao4	to steep; to soak; to immerse	7-9
涂	涂	Tu2	surname Tu	7-9
涂	涂	tu2	variant of 途[tu2]	7-9
消	消	xiao1	to diminish; to subside; to consume; to reduce; to idle away (the time); (after 不[bu4] or 只[zhi3] or 何[he2] etc) to need; to require; to take	7-9
消化	消化	xiao1 hua4	to digest (food); (fig.) to absorb (information etc); to assimilate; to process	4
消失	消失	xiao1 shi1	to disappear; to fade away	3
消息	消息	xiao1 xi5	(piece of) news; information; message; CL:條|条[tiao2]	3
消极	消極	xiao1 ji2	negative; passive; inactive	5
消毒	消毒	xiao1 du2	to disinfect; to sterilize	5
消沉	消沉	xiao1 chen2	to sink into despondency; (of morale, willpower etc) to diminish; to plummet	7-9
消灭	消滅	xiao1 mie4	to put an end to; to annihilate; to cause to perish; to perish; annihilation (in quantum field theory)	6
消耗	消耗	xiao1 hao4	to consume; to use up; to deplete; to expend; (old) news; mail; message	6
消费	消費	xiao1 fei4	to consume (goods and services, resources etc)	3
消费者	消費者	xiao1 fei4 zhe3	consumer	5
消遣	消遣	xiao1 qian3	to while the time away; amusement; pastime; recreation; to make sport of	7-9
消防	消防	xiao1 fang2	firefighting; fire control	5
消除	消除	xiao1 chu2	to eliminate; to remove	5
涉及	涉及	she4 ji2	to involve; to relate to; to concern; to touch upon	6
涉嫌	涉嫌	she4 xian2	to be a suspect (in a crime); to be suspected of	7-9
涌	涌	chong1	(used in place names)	7-9
涌	涌	yong3	variant of 湧|涌[yong3]	7-9
涮	涮	shuan4	to rinse; to swish (in water); to trick; to fool sb; to cook by dipping finely sliced ingredients briefly in boiling water or soup (generally done at the dining table)	7-9
液晶	液晶	ye4 jing1	liquid crystal	7-9
液体	液體	ye4 ti3	liquid	7-9
涵义	涵義	han2 yi4	content; meaning; connotation; implication	7-9
涵盖	涵蓋	han2 gai4	to cover; to comprise; to include	7-9
凉	涼	Liang2	the five Liang of the Sixteen Kingdoms, namely: Former Liang 前涼|前凉 (314-376), Later Liang 後涼|后凉 (386-403), Northern Liang 北涼|北凉 (398-439), Southern Liang 南涼|南凉[Nan2 Liang2] (397-414), Western Liang 西涼|西凉 (400-421)	2
凉	涼	liang2	cool; cold	2
凉	涼	liang4	to let sth cool down	2
凉快	涼快	liang2 kuai5	pleasantly cool (weather etc); to cool oneself; to cool off; (Tw) (slang) (of clothing) scanty; revealing; (coll.) to stay out of it; to butt out	2
凉水	涼水	liang2 shui3	cool water; unboiled water	3
凉爽	涼爽	liang2 shuang3	cool and refreshing	7-9
凉鞋	涼鞋	liang2 xie2	sandal	6
淋	淋	lin2	to sprinkle; to drip; to pour; to drench	7-9
淋	淋	lin4	to filter; to strain; to drain; gonorrhea; (TCM) strangury	7-9
淌	淌	tang3	to drip; to trickle; to shed (tears)	7-9
凄凉	淒涼	qi1 liang2	desolate (place)	7-9
淘	淘	tao2	to wash (rice, sand etc in water to remove impurities); to dredge; to scoop out (sediment or waste); (dialect) to hunt for and buy (bargains or second-hand goods); (dialect) naughty; mischievous	7-9
淘气	淘氣	tao2 qi4	naughty; mischievous	7-9
淘汰	淘汰	tao2 tai4	to wash out; (fig.) to cull; to weed out; to eliminate; to die out; to phase out	7-9
泪	淚	lei4	(bound form) tears; teardrops	4
泪水	淚水	lei4 shui3	teardrop; tears	4
淡	淡	dan4	insipid; diluted; weak; mild; light in color; tasteless; indifferent; (variant of 氮[dan4]) nitrogen	4
淡化	淡化	dan4 hua4	to water down; to play down; to trivialize; to weaken; to become dull with time; to desalinate; desalination	7-9
淡季	淡季	dan4 ji4	off season; slow business season; see also 旺季[wang4 ji4]	7-9
净	淨	jing4	clean; completely; only; net (income, exports etc); (Chinese opera) painted face male role	6
净化	淨化	jing4 hua4	to purify	7-9
深	深	shen1	(lit. and fig.) deep	3
深信	深信	shen1 xin4	to believe firmly	7-9
深入	深入	shen1 ru4	to penetrate deeply; thorough	3
深入人心	深入人心	shen1 ru4 ren2 xin1	to enter deeply into people's hearts; to have a real impact on the people (idiom)	7-9
深切	深切	shen1 qie4	deeply felt; heartfelt; sincere; honest	7-9
深刻	深刻	shen1 ke4	profound; deep; deep-going	3
深化	深化	shen1 hua4	to deepen; to intensify	6
深厚	深厚	shen1 hou4	deep; profound	4
深受	深受	shen1 shou4	to receive in no small measure	7-9
深夜	深夜	shen1 ye4	very late at night	7-9
深奥	深奧	shen1 ao4	profound; abstruse; recondite; profoundly	7-9
深度	深度	shen1 du4	depth; (of a speech etc) profundity; advanced stage of development	5
深思	深思	shen1 si1	to ponder; to consider	7-9
深情	深情	shen1 qing2	deep emotion; deep feeling; deep love; affectionate; loving	7-9
深深	深深	shen1 shen1	deep; profound	6
深处	深處	shen1 chu4	abyss; depths; deepest or most distant part	5
深远	深遠	shen1 yuan3	far-reaching; profound and long-lasting	7-9
渊源	淵源	yuan1 yuan2	origin; source; relationship	7-9
混	混	hun2	muddy; turbid (variant of 渾|浑[hun2]); brainless; foolish (variant of 渾|浑[hun2]); Taiwan pr. [hun4]	6
混	混	hun4	to mix; to mingle; muddled; to drift along; to muddle along; to pass for; to get along with sb; thoughtless; reckless	6
混乱	混亂	hun4 luan4	confused; chaotic; disorderly	6
混凝土	混凝土	hun4 ning2 tu3	concrete (building material)	7-9
混合	混合	hun4 he2	to mix; to blend; hybrid; composite	6
混淆	混淆	hun4 xiao2	to obscure; to confuse; to mix up; to blur; to mislead	7-9
混浊	混濁	hun4 zhuo2	turbid; muddy; dirty	7-9
淹	淹	yan1	to flood; to submerge; to drown; to irritate the skin (of liquids); to delay	7-9
浅	淺	jian1	sound of moving water	4
浅	淺	qian3	shallow; light (color)	4
添	添	tian1	to add; to increase; to replenish	6
添加	添加	tian1 jia1	to add; to increase	7-9
清	清	Qing1	Qing (Wade-Giles: Ch'ing) dynasty of China (1644–1911); surname Qing	6
清	清	qing1	(of water etc) clear; clean; quiet; still; pure; uncorrupted; clear; distinct; to clear; to settle (accounts)	6
清单	清單	qing1 dan1	list of items	7-9
清新	清新	Qing1 xin1	see 清新區|清新区[Qing1 xin1 Qu1]	7-9
清新	清新	qing1 xin1	fresh and clean	7-9
清明	清明	Qing1 ming2	Qingming or Pure Brightness, 5th of the 24 solar terms 二十四節氣|二十四节气[er4 shi2 si4 jie2 qi5] 5th-19th April; Pure Brightness Festival or Tomb Sweeping Day (in early April)	7-9
清明	清明	qing1 ming2	clear and bright; sober and calm; (of a government or administration) well ordered	7-9
清明节	清明節	Qing1 ming2 jie2	Qingming or Pure Brightness Festival or Tomb Sweeping Day, celebration for the dead (in early April)	6
清晨	清晨	qing1 chen2	early morning	5
清晰	清晰	qing1 xi1	clear; distinct	7-9
清楚	清楚	qing1 chu5	clear; distinct; to understand thoroughly; to be clear about	2
清洗	清洗	qing1 xi3	to wash; to rinse; to clean; (fig.) to purge; to get rid of (corrupt individuals etc)	6
清凉	清涼	qing1 liang2	cool; refreshing; (of clothing) skimpy; revealing	7-9
清淡	清淡	qing1 dan4	light (of food, not greasy or strongly flavored); insipid; slack (sales)	7-9
清洁	清潔	qing1 jie2	clean; to clean	6
清洁工	清潔工	qing1 jie2 gong1	cleaner; janitor; garbage collector	6
清理	清理	qing1 li3	to clear up; to tidy up; to dispose of	5
清真寺	清真寺	qing1 zhen1 si4	mosque	7-9
清脆	清脆	qing1 cui4	sharp and clear; crisp; melodious; ringing; tinkling; silvery (of sound); fragile; frail; also written 輕脆|轻脆	7-9
清醒	清醒	qing1 xing3	clear-headed; sober; awake	4
清除	清除	qing1 chu2	to clear away; to eliminate; to get rid of	7-9
清静	清靜	qing1 jing4	quiet; peaceful and quiet	7-9
减	減	jian3	to lower; to decrease; to reduce; to subtract; to diminish	4
减免	減免	jian3 mian3	to reduce or waive (taxes, punishment, rent, tuition etc)	7-9
减压	減壓	jian3 ya1	to reduce pressure; to relax	7-9
减少	減少	jian3 shao3	to lessen; to decrease; to reduce; to lower	4
减弱	減弱	jian3 ruo4	to weaken; to diminish	7-9
减肥	減肥	jian3 fei2	to lose weight	4
减轻	減輕	jian3 qing1	to lighten; to ease; to alleviate	5
减速	減速	jian3 su4	to reduce speed; to slow down	7-9
渠道	渠道	qu2 dao4	irrigation ditch; (fig.) channel; avenue	6
渡	渡	du4	to cross; to pass through; to ferry	6
渡过	渡過	du4 guo4	to cross over; to pass through	7-9
渣子	渣子	zha1 zi5	dregs; bits; dregs (of society)	7-9
测	測	ce4	to survey; to measure; to conjecture	4
测定	測定	ce4 ding4	to determine (by measuring or surveying)	6
测算	測算	ce4 suan4	to take measurements and calculate	7-9
测试	測試	ce4 shi4	to test (machinery etc); to test (a person's skill in a particular area); a test; (computing) beta (version of software)	4
测量	測量	ce4 liang2	survey; to measure; to gauge; to determine	4
测验	測驗	ce4 yan4	test; to test; CL:次[ci4],個|个[ge4]	7-9
港	港	Gang3	Hong Kong (abbr. for 香港[Xiang1 gang3]); surname Gang	7-9
港	港	gang3	harbor; port; CL:個|个[ge4]	7-9
港口	港口	gang3 kou3	port; harbor	6
渴	渴	ke3	thirsty	1
渴望	渴望	ke3 wang4	to thirst for; to long for	5
游	游	You2	surname You	3
游	游	you2	to swim; variant of 遊|游[you2]	3
游泳	游泳	you2 yong3	swimming; to swim	3
游泳池	游泳池	you2 yong3 chi2	swimming pool	5
渺小	渺小	miao3 xiao3	minute; tiny; negligible; insignificant	7-9
浑身	渾身	hun2 shen1	all over; from head to foot	7-9
凑	湊	cou4	to gather together, pool or collect; to happen by chance; to move close to; to exploit an opportunity	7-9
凑合	湊合	cou4 he5	to bring together; to make do in a bad situation; to just get by; to improvise; passable; not too bad	7-9
凑巧	湊巧	cou4 qiao3	fortuitously; luckily; as chance has it	7-9
湖	湖	hu2	lake	2
湖泊	湖泊	hu2 po1	lake	7-9
涌	湧	yong3	to bubble up; to rush forth	7-9
涌入	湧入	yong3 ru4	to come pouring in; influx	7-9
涌现	湧現	yong3 xian4	to emerge in large numbers; to spring up; to emerge prominently	7-9
汤	湯	Tang1	surname Tang	3
汤	湯	shang1	rushing current	3
汤	湯	tang1	soup; hot or boiling water; decoction of medicinal herbs; water in which sth has been boiled	3
汤圆	湯圓	tang1 yuan2	boiled or deep-fried balls of glutinous rice flour, usually eaten during Lantern Festival	7-9
源于	源於	yuan2 yu2	has its origins in	7-9
源泉	源泉	yuan2 quan2	fountainhead; well-spring; water source; fig. origin	7-9
源源不断	源源不斷	yuan2 yuan2 bu4 duan4	(idiom) in an unending stream; continuous	7-9
源头	源頭	yuan2 tou2	source; origin; fountainhead	7-9
准	準	zhun3	accurate; standard; definitely; certainly; about to become (bride, son-in-law etc); quasi-; para-	3
准备	準備	zhun3 bei4	preparation; to prepare; to intend; to be about to; reserve (fund)	1
准则	準則	zhun3 ze2	norm; standard; criterion	7-9
准时	準時	zhun3 shi2	on time; punctual; on schedule	4
准确	準確	zhun3 que4	accurate; exact; precise	2
溜	溜	liu1	to slip away; to escape in stealth; to skate	7-9
溜	溜	liu4	swift current; rapids; (dialect) (of speech, actions etc) skilled; proficient; (of movements) quick; speedy; (bound form) rain runoff from a roof; (bound form) roof gutter; classifier for rows, lines etc; surroundings; neighborhood; (dialect) to practice; (dialect) to plaster; to fill in the cracks (with cement, lime plaster etc)	7-9
溜达	溜達	liu1 da5	to stroll; to go for a walk	7-9
沟	溝	gou1	ditch; gutter; groove; gully; ravine; CL:道[dao4]	5
沟通	溝通	gou1 tong1	to join; to connect; to link up; to communicate	5
溢	溢	yi4	to overflow; (literary) excessive; old variant of 鎰|镒[yi4]	7-9
温和	溫和	wen1 he2	mild; gentle; moderate	5
温和	溫和	wen1 huo5	lukewarm	5
温室	溫室	wen1 shi4	greenhouse	7-9
温度	溫度	wen1 du4	temperature; CL:個|个[ge4]	2
温度计	溫度計	wen1 du4 ji4	thermometer; thermograph	7-9
温暖	溫暖	wen1 nuan3	warm	3
温柔	溫柔	wen1 rou2	gentle and soft; tender; sweet (commonly used to describe a girl or woman)	7-9
温泉	溫泉	Wen1 quan2	see 溫泉縣|温泉县[Wen1 quan2 Xian4]	7-9
温泉	溫泉	wen1 quan2	hot spring	7-9
温习	溫習	wen1 xi2	to review (a lesson etc)	7-9
温馨	溫馨	wen1 xin1	comfort; soft and fragrant; warm	7-9
溶解	溶解	rong2 jie3	to dissolve	7-9
湿	溼	shi1	variant of 濕|湿[shi1]	4
沧桑	滄桑	cang1 sang1	great changes; ups and downs; vicissitudes; abbr. of 滄海桑田|沧海桑田[cang1 hai3 sang1 tian2]	7-9
灭	滅	mie4	to extinguish or put out; to go out (of a fire etc); to exterminate or wipe out; to drown	6
灭亡	滅亡	mie4 wang2	to be destroyed; to become extinct; to perish; to die out; to destroy; to exterminate	7-9
灭绝	滅絕	mie4 jue2	to become extinct; to die out; to lose (sth abstract) completely; to exterminate	7-9
滋味	滋味	zi1 wei4	taste; flavor; feeling	7-9
滋润	滋潤	zi1 run4	moist; humid; to moisten; to provide moisture; comfortably off	7-9
滑	滑	Hua2	surname Hua	5
滑	滑	hua2	to slip; to slide; slippery; smooth; sly; slippery; not to be trusted	5
滑冰	滑冰	hua2 bing1	to skate; skating	7-9
滑梯	滑梯	hua2 ti1	(children's) sliding board; a slide	7-9
滑稽	滑稽	hua2 ji1	comical; funny; amusing (old pr. [gu3 ji1]); huaji, a form of comedy performance popular in Shanghai, Jiangsu and Zhejiang	7-9
滑雪	滑雪	hua2 xue3	to ski; skiing	7-9
滔滔不绝	滔滔不絕	tao1 tao1 bu4 jue2	(idiom) to produce a torrent of words; to talk on and on	7-9
汇	滙	hui4	variant of 匯|汇[hui4]	4
滞后	滯後	zhi4 hou4	to lag behind	7-9
滞留	滯留	zhi4 liu2	(of a person) to remain in (a place) (due to circumstances that prevent one leaving); to be stranded; (of sth that would typically dissipate, e.g. floodwater, pollutants) to remain; to linger	7-9
渗	滲	shen4	to seep; to ooze; to horrify	7-9
渗透	滲透	shen4 tou4	(lit. and fig.) to permeate; to seep into; (of a product, idea etc) to penetrate (in a population); (of hostile forces) to infiltrate; (chemistry) osmosis	7-9
滴	滴	di1	to drip; to let drip; to apply (eye drops etc); (bound form) a drop (of liquid); classifier for drops of liquid	6
卤味	滷味	lu3 wei4	food prepared by stewing in soy sauce and spices	7-9
滚	滾	gun3	to boil; to roll; to take a hike; Get lost!	5
滚动	滾動	gun3 dong4	to roll; (to do sth) in a loop; to scroll (computing); to progressively expand (economics); to rumble (of thunder)	7-9
满	滿	Man3	Manchu ethnic group	2
满	滿	man3	to fill; full; filled; packed; fully; completely; quite; to reach the limit; to satisfy; satisfied; contented	2
满意	滿意	man3 yi4	satisfied; pleased; to one's satisfaction	2
满怀	滿懷	man3 huai2	to have one's heart filled with; (to collide) full on; (of farm animals) heavy with young	7-9
满足	滿足	man3 zu2	to satisfy; to meet (the needs of); satisfied; content	3
渔民	漁民	yu2 min2	fisherman; fisher folk	7-9
渔船	漁船	yu2 chuan2	fishing boat; CL:條|条[tiao2]	7-9
漂	漂	piao1	to float; to drift	7-9
漂	漂	piao3	to bleach	7-9
漂	漂	piao4	used in 漂亮[piao4 liang5]	7-9
漂亮	漂亮	piao4 liang5	pretty; beautiful	2
漆	漆	qi1	paint; lacquer; CL:道[dao4]; to paint (furniture, walls etc)	7-9
漏	漏	lou4	to leak; to divulge; to leave out by mistake; waterclock or hourglass (old)	5
漏洞	漏洞	lou4 dong4	leak; hole; gap; loophole	5
演	演	yan3	to perform (a play etc); to stage (a show); (bound form) to develop; to play out; to carry out (a task)	3
演出	演出	yan3 chu1	to act (in a play); to perform; to put on (a performance); performance; concert; show; CL:場|场[chang3],次[ci4]	3
演员	演員	yan3 yuan2	actor; actress; performer	3
演唱	演唱	yan3 chang4	to sing (for an audience); vocal performance	3
演唱会	演唱會	yan3 chang4 hui4	vocal recital or concert	3
演奏	演奏	yan3 zou4	to perform on a musical instrument	6
演戏	演戲	yan3 xi4	to put on a play; to perform; fig. to pretend; to feign	7-9
演技	演技	yan3 ji4	acting; performing skills	7-9
演播室	演播室	yan3 bo1 shi4	broadcasting studio	7-9
演示	演示	yan3 shi4	to demonstrate; to show; presentation; demonstration	7-9
演练	演練	yan3 lian4	to drill; to practice	7-9
演绎	演繹	yan3 yi4	(of a story etc) to unfold; to play out; to develop (a technique etc); to enact; (logic) to deduce; to infer	7-9
演习	演習	yan3 xi2	(military, firefighting etc) (verb and noun) drill; exercise; maneuver	7-9
演艺圈	演藝圈	yan3 yi4 quan1	show business	7-9
演说	演說	yan3 shuo1	speech; to deliver a speech	7-9
演讲	演講	yan3 jiang3	to give a lecture; to make a speech	4
演变	演變	yan3 bian4	to develop; to evolve	7-9
漠然	漠然	mo4 ran2	indifferent; apathetic; cold	7-9
汉字	漢字	han4 zi4	Chinese character(s)	1
汉语	漢語	Han4 yu3	Chinese language	1
漫	漫	man4	free; unrestrained; to inundate	7-9
漫画	漫畫	man4 hua4	caricature; cartoon; Japanese manga	5
漫游	漫遊	man4 you2	to travel around; to roam; (mobile telephony) roaming	7-9
漫长	漫長	man4 chang2	very long; endless	5
涨	漲	zhang3	to rise (of prices, rivers)	6
涨	漲	zhang4	to swell; to distend	6
涨价	漲價	zhang3 jia4	to appreciate (in value); to increase in price	5
渐渐	漸漸	jian4 jian4	gradually	4
泼	潑	po1	to splash; to spill; rough and coarse; brutish	5
泼冷水	潑冷水	po1 leng3 shui3	to pour cold water on; (fig.) to dampen sb's enthusiasm	7-9
洁净	潔淨	jie2 jing4	clean; to cleanse	7-9
潜力	潛力	qian2 li4	potential; latent capacity	6
潜在	潛在	qian2 zai4	hidden; potential; latent	7-9
潜水	潛水	qian2 shui3	to dive; to go under water; (in an online forum) to lurk	7-9
潜移默化	潛移默化	qian2 yi2 mo4 hua4	imperceptible influence; to influence secretly	7-9
潜能	潛能	qian2 neng2	potential; hidden capability	7-9
潜艇	潛艇	qian2 ting3	a submarine	7-9
润	潤	run4	moist; glossy; sleek; to moisten; to lubricate; to embellish; to enhance; profit; remuneration; (neologism c. 2021) (slang) (loanword from "run") to emigrate (in order to flee adverse conditions)	7-9
潦草	潦草	liao2 cao3	slipshod; careless; slovenly; (of handwriting) scrawly; illegible	7-9
潮	潮	chao2	tide; damp; moist; humid; fashionable; trendy; (coll.) inferior; substandard	4
潮流	潮流	chao2 liu2	tide; current; trend	4
潮湿	潮濕	chao2 shi1	damp; moist	4
澄清	澄清	cheng2 qing1	clear (of liquid); limpid; to clarify; to make sth clear; to be clear (about the facts)	7-9
澄清	澄清	deng4 qing1	to settle (of liquid); to become clear (by precipitation of impurities); precipitate (chemistry); to put in order; to quell disturbances	7-9
浇	澆	jiao1	to pour liquid; to irrigate (using waterwheel); to water; to cast (molten metal); to mold	7-9
涝	澇	lao4	flooded	7-9
淀粉	澱粉	dian4 fen3	starch; amylum (C6H10O5)n	7-9
激光	激光	ji1 guang1	laser	7-9
激动	激動	ji1 dong4	to move emotionally; to stir up (emotions); to excite	4
激励	激勵	ji1 li4	to encourage; to urge; motivation; incentive	7-9
激化	激化	ji1 hua4	to intensify	7-9
激情	激情	ji1 qing2	passion; fervor; enthusiasm; strong emotion	6
激活	激活	ji1 huo2	to activate	7-9
激烈	激烈	ji1 lie4	(of competition or fighting) intense; fierce; (of pain) acute; (of an expression of opinion) impassioned; vehement; (of a course of action) drastic; extreme	4
激发	激發	ji1 fa1	to arouse; to stimulate; (physics) to excite	7-9
激素	激素	ji1 su4	hormone	7-9
激起	激起	ji1 qi3	to arouse; to evoke; to cause; to stir up	7-9
浓	濃	nong2	concentrated; dense; strong (smell etc)	4
浓厚	濃厚	nong2 hou4	dense; thick (fog, clouds etc); to have a strong interest in; deep; fully saturated (color)	7-9
浓缩	濃縮	nong2 suo1	to concentrate; to condense; (nuclear energy) to enrich; espresso coffee (abbr. for 意式濃縮咖啡|意式浓缩咖啡[Yi4 shi4 nong2 suo1 ka1 fei1])	7-9
浓郁	濃郁	nong2 yu4	rich; strong; heavy (fragrance); dense; full-bodied; intense	7-9
浓重	濃重	nong2 zhong4	dense; thick; strong; rich (colors); heavy (aroma); deep (friendship); profound (effect)	7-9
湿	濕	shi1	moist; wet	4
湿度	濕度	shi1 du4	humidity level	7-9
湿润	濕潤	shi1 run4	moist	7-9
蒙	濛	meng2	drizzle; mist	6
滥用	濫用	lan4 yong4	to misuse; to abuse	7-9
滨海	濱海	Bin1 hai3	Binhai (place name); Binhai New District, subprovincial district of Tianjin; Binhai county in Yancheng 鹽城|盐城[Yan2 cheng2], Jiangsu; fictitious city Binhai in political satire; Primorsky, a territory in the far east of Russia	7-9
滨海	濱海	bin1 hai3	coastal; bordering the sea	7-9
阔	濶	kuo4	variant of 闊|阔[kuo4]	6
溅	濺	jian4	to splash	7-9
泻	瀉	xie4	to flow out swiftly; to flood; a torrent; diarrhea; laxative	7-9
浏览	瀏覽	liu2 lan3	to skim over; to browse	7-9
浏览器	瀏覽器	liu2 lan3 qi4	browser (software)	7-9
瀑布	瀑布	pu4 bu4	waterfall	7-9
潇洒	瀟灑	xiao1 sa3	confident and at ease; free and easy	7-9
弥漫	瀰漫	mi2 man4	variant of 彌漫|弥漫[mi2 man4]	7-9
法	灋	fa3	old variant of 法[fa3]; law	4
灌	灌	guan4	to irrigate; to pour; to install (software); to record (music)	7-9
灌溉	灌溉	guan4 gai4	to irrigate	7-9
灌输	灌輸	guan4 shu1	to imbue with; to inculcate; to instill into; to teach; to impart; to channel water to another place	7-9
洒	灑	sa3	to sprinkle; to spray; to spill; to shed	5
火候	火候	huo3 hou5	heat control; (fig.) mastery; (fig.) crucial moment	7-9
火山	火山	huo3 shan1	volcano	7-9
火暴	火暴	huo3 bao4	variant of 火爆[huo3 bao4]	7-9
火柴	火柴	huo3 chai2	match (for lighting fire); CL:根[gen1],盒[he2]	5
火灾	火災	huo3 zai1	serious fire (in a city or a forest etc)	5
火炬	火炬	huo3 ju4	(flaming) torch; CL:把[ba3]	7-9
火焰	火焰	huo3 yan4	blaze; flame	7-9
火热	火熱	huo3 re4	fiery; burning; fervent; ardent; passionate	7-9
火箭	火箭	huo3 jian4	rocket; CL:枚[mei2]	6
火腿	火腿	huo3 tui3	ham; CL:個|个[ge4]	5
火花	火花	huo3 hua1	spark; sparkle	7-9
火药	火藥	huo3 yao4	gunpowder	7-9
火车	火車	huo3 che1	train; CL:列[lie4],節|节[jie2],班[ban1],趟[tang4]	1
火辣辣	火辣辣	huo3 la4 la4	scorching hot; (of a burn or other injury) painful; burning; (of one's mood) agitated; heated; intense; (of a personality) fiery; sharp-tongued; (Tw) (of a woman's figure) smoking hot	7-9
火速	火速	huo3 su4	at top speed; at a tremendous lick	7-9
火锅	火鍋	huo3 guo1	hotpot; (basketball) a blocked shot; a block	7-9
灰	灰	hui1	ash; dust; lime; gray; discouraged; dejected	7-9
灰尘	灰塵	hui1 chen2	dust	7-9
灰心	灰心	hui1 xin1	to lose heart; to be discouraged	7-9
灰色	灰色	hui1 se4	gray; ash gray; grizzly; pessimistic; gloomy; dispirited; ambiguous	5
灼热	灼熱	zhuo2 re4	burning hot; scorching	7-9
灾	災	zai1	disaster; calamity	5
灾区	災區	zai1 qu1	disaster area; stricken region	5
灾害	災害	zai1 hai4	calamity; disaster; CL:個|个[ge4]	5
灾难	災難	zai1 nan4	disaster; catastrophe	5
炎热	炎熱	yan2 re4	blistering hot; sizzling hot (weather)	7-9
炎症	炎症	yan2 zheng4	inflammation	7-9
炒	炒	chao3	to sauté; to stir-fry; to speculate (in real estate etc); to scalp; to hype up; to sack; to fire (sb)	6
炒作	炒作	chao3 zuo4	to hype; to promote (in the media)	6
炒股	炒股	chao3 gu3	(coll.) to speculate in stocks	6
照	炤	zhao4	variant of 照[zhao4]; to shine; to illuminate	3
炫耀	炫耀	xuan4 yao4	dazzling; to show off; to flaunt	7-9
炭	炭	tan4	wood charcoal; coal	7-9
炮	炮	bao1	to sauté; to fry; to dry by heating	6
炮	炮	pao2	to prepare herbal medicine by roasting or parching (in a pan)	6
炮	炮	pao4	cannon; CL:座[zuo4]; firecracker	6
炸	炸	zha2	to deep fry; (coll.) to blanch (a vegetable); Taiwan pr. [zha4]	7-9
炸	炸	zha4	to burst; to explode; to blow up; to bomb; (coll.) to fly into a rage; (coll.) to scamper off; to scatter	7-9
炸弹	炸彈	zha4 dan4	bomb; CL:枚[mei2],顆|颗[ke1]	6
炸药	炸藥	zha4 yao4	explosive; blasting agent; dynamite	6
为	為	wei2	as (in the capacity of); to take sth as; to act as; to serve as; to behave as; to become; to be; to do; by (in the passive voice)	2
为	為	wei4	because of; for; to	2
为主	為主	wei2 zhu3	to rely mainly on; to attach most importance to	5
为了	為了	wei4 le5	for; for the purpose of; in order to	3
为人	為人	wei2 ren2	to conduct oneself; behavior; conduct; personal character	7-9
为人	為人	wei4 ren2	for sb; for others' interest	7-9
为什么	為什麼	wei4 shen2 me5	why?; for what reason?	2
为何	為何	wei4 he2	why	6
为期	為期	wei2 qi1	(to be done) by (a certain date); lasting (a certain time)	5
为止	為止	wei2 zhi3	until; (used in combination with words like 到[dao4] or 至[zhi4] in constructs of the form 到...為止|到...为止)	5
为此	為此	wei4 ci3	for this reason; with regards to this; in this respect; in order to do this; to this end	6
为难	為難	wei2 nan2	to feel embarrassed or awkward; to make things difficult (for someone); to find things difficult (to do or manage)	5
烈士	烈士	lie4 shi4	martyr	7-9
乌云	烏雲	wu1 yun2	black cloud	6
灾	烖	zai1	variant of 災|灾[zai1]	5
烘干	烘乾	hong1 gan1	to dry over a stove	7-9
烘托	烘托	hong1 tuo1	background (of a painting); backdrop; a foil (to set off something to advantage); to offset (something to advantage)	7-9
烤	烤	kao3	to roast; to grill; to broil; to bake; to toast (bread); to warm oneself by a fire	7-9
烤肉	烤肉	kao3 rou4	to barbecue meat; to roast meat; barbecued meat; roast meat	5
烤鸭	烤鴨	kao3 ya1	roast duck	5
烹调	烹調	peng1 tiao2	to cook	7-9
焊	焊	han4	to weld; to braze; to solder	7-9
焚烧	焚燒	fen2 shao1	to burn; to set on fire	7-9
无	無	mo2	used in 南無|南无[na1 mo2]	4
无	無	wu2	not to have; no; none; not; to lack; un-; -less	4
无不	無不	wu2 bu4	none lacking; none missing; everything is there; everyone without exception	7-9
无偿	無償	wu2 chang2	free; no charge; at no cost	7-9
无力	無力	wu2 li4	powerless; lacking strength	7-9
无可厚非	無可厚非	wu2 ke3 hou4 fei1	see 未可厚非[wei4 ke3 hou4 fei1]	7-9
无可奈何	無可奈何	wu2 ke3 nai4 he2	have no way out; have no alternative; abbr. to 無奈|无奈[wu2 nai4]	7-9
无可奉告	無可奉告	wu2 ke3 feng4 gao4	(idiom) no comment	7-9
无奈	無奈	wu2 nai4	to have no alternative; frustrated; exasperated; helpless; (conjunction) but unfortunately	5
无家可归	無家可歸	wu2 jia1 ke3 gui1	(idiom) homeless	7-9
无形	無形	wu2 xing2	incorporeal; virtual; formless; invisible (assets); intangible	7-9
无形中	無形中	wu2 xing2 zhong1	imperceptibly; virtually	7-9
无微不至	無微不至	wu2 wei1 bu4 zhi4	in every possible way (idiom); meticulous	7-9
无情	無情	wu2 qing2	pitiless; ruthless; merciless; heartless	7-9
无情无义	無情無義	wu2 qing2 wu2 yi4	completely lacking any feeling or sense of justice (idiom); cold and ruthless	7-9
无恶不作	無惡不作	wu2 e4 bu4 zuo4	not to shrink from any crime (idiom); to commit any imaginable misdeed	7-9
无意	無意	wu2 yi4	inadvertent; accidental; to have no intention of (doing sth)	7-9
无忧无虑	無憂無慮	wu2 you1 wu2 lu:4	(idiom) carefree; without worries	7-9
无所事事	無所事事	wu2 suo3 shi4 shi4	to have nothing to do; to idle one's time away (idiom)	7-9
无所作为	無所作為	wu2 suo3 zuo4 wei2	attempting nothing and accomplishing nothing (idiom); without any initiative or drive; feckless	7-9
无所谓	無所謂	wu2 suo3 wei4	to be indifferent; not to matter; cannot be said to be	4
无故	無故	wu2 gu4	without cause or reason	7-9
无效	無效	wu2 xiao4	not valid; ineffective; in vain	6
无敌	無敵	wu2 di2	unequalled; without rival; a paragon	7-9
无数	無數	wu2 shu4	countless; numberless; innumerable	4
无条件	無條件	wu2 tiao2 jian4	unconditional	7-9
无比	無比	wu2 bi3	incomparable; matchless	7-9
无法	無法	wu2 fa3	unable to; incapable of	4
无济于事	無濟於事	wu2 ji4 yu2 shi4	(idiom) to no avail; of no use	7-9
无理	無理	wu2 li3	irrational; unreasonable	7-9
无疑	無疑	wu2 yi2	undoubtedly; without doubt; for sure	5
无知	無知	wu2 zhi1	ignorant; ignorance	7-9
无私	無私	wu2 si1	selfless; unselfish; disinterested; altruistic	7-9
无穷	無窮	wu2 qiong2	endless; boundless; inexhaustible	7-9
无精打采	無精打采	wu2 jing1 da3 cai3	dispirited and downcast (idiom); listless; in low spirits; washed out	7-9
无线	無線	wu2 xian4	wireless	7-9
无线电	無線電	wu2 xian4 dian4	radio; wireless (i.e. the technology used in radio telecommunication); a radio	7-9
无缘	無緣	wu2 yuan2	to have no opportunity; no way (of doing sth); no chance; no connection; not placed (in a competition); (in pop lyrics) no chance of love, no place to be together etc	7-9
无聊	無聊	wu2 liao2	bored; boring; senseless	4
无能	無能	wu2 neng2	incompetence; inability; incapable; powerless	7-9
无能为力	無能為力	wu2 neng2 wei2 li4	(idiom) powerless to do anything about it	7-9
无话可说	無話可說	wu2 hua4 ke3 shuo1	to have nothing to say (idiom)	7-9
无论	無論	wu2 lun4	no matter what or how; regardless of whether...	4
无论如何	無論如何	wu2 lun4 ru2 he2	(idiom) whatever the case; in any event; no matter what; by all possible means	7-9
无足轻重	無足輕重	wu2 zu2 qing1 zhong4	insignificant	7-9
无辜	無辜	wu2 gu1	innocent; innocence; not guilty (law)	7-9
无边	無邊	wu2 bian1	without boundary; not bordered	6
无关	無關	wu2 guan1	unrelated; having nothing to do (with sth else)	6
无关紧要	無關緊要	wu2 guan1 jin3 yao4	indifferent; insignificant	7-9
无限	無限	wu2 xian4	unlimited; unbounded	4
无非	無非	wu2 fei1	only; nothing else	7-9
无须	無須	wu2 xu1	need not; not obliged to; not necessarily	7-9
焦	焦	Jiao1	surname Jiao	7-9
焦	焦	jiao1	burnt; scorched; charred; worried; anxious; coke; joule (abbr. for 焦耳[jiao1 er3])	7-9
焦急	焦急	jiao1 ji2	anxiety; anxious	7-9
焦虑	焦慮	jiao1 lu:4	anxious; worried; apprehensive	7-9
焦距	焦距	jiao1 ju4	focal length; focal distance	7-9
焦躁	焦躁	jiao1 zao4	fretful; impatient	7-9
焦点	焦點	jiao1 dian3	(lit. and fig.) focal point; focus	6
焰火	焰火	yan4 huo3	fireworks	7-9
然后	然後	ran2 hou4	then; after that; afterwards	2
然而	然而	ran2 er2	however; but; yet	4
炼	煉	lian4	to refine; to smelt	7-9
煎	煎	jian1	to pan fry; to sauté	7-9
煮	煑	zhu3	variant of 煮[zhu3]	6
暖	煖	nuan3	variant of 暖[nuan3]	5
暖	煗	nuan3	variant of 暖[nuan3], warm	5
烟	煙	yan1	cigarette or pipe tobacco; CL:根[gen1]; smoke; mist; vapour; CL:縷|缕[lu:3]; tobacco plant; (of the eyes) to be irritated by smoke	3
烟囱	煙囪	yan1 cong1	chimney; smokestack; stovepipe	7-9
烟火	煙火	yan1 huo3	smoke and fire; cooked food; (literary) beacon fire; (literary) descendants; posterity	7-9
烟火	煙火	yan1 huo5	fireworks	7-9
烟花	煙花	yan1 hua1	fireworks; prostitute (esp. in Yuan theater)	6
煤	煤	mei2	coal; CL:塊|块[kuai4]	5
煤气	煤氣	mei2 qi4	coal gas; gas (fuel)	5
煤炭	煤炭	mei2 tan4	coal	7-9
煤矿	煤礦	mei2 kuang4	coal mine; coal seam	7-9
焕发	煥發	huan4 fa1	to shine; to glow; to irradiate; to flash	7-9
照	照	zhao4	according to; in accordance with; to shine; to illuminate; to reflect; to look at (one's reflection); to take (a photo); photo; as requested; as before	3
照例	照例	zhao4 li4	as a rule; as usual; usually	7-9
照常	照常	zhao4 chang2	as usual	7-9
照料	照料	zhao4 liao4	to tend; to take care of sb	7-9
照明	照明	zhao4 ming2	lighting; illumination; to light up; to illuminate	7-9
照样	照樣	zhao4 yang4	as before; (same) as usual; in the same manner; still; nevertheless	6
照片	照片	zhao4 pian4	photograph; CL:張|张[zhang1],幅[fu2]	2
照相	照相	zhao4 xiang4	to take a photograph	2
照耀	照耀	zhao4 yao4	to shine; to illuminate	6
照办	照辦	zhao4 ban4	to follow the rules; to do as instructed; to play by the book; to comply with a request	7-9
照顾	照顧	zhao4 gu5	to take care of; to show consideration; to attend to; to look after	2
烦	煩	fan2	to feel vexed; to bother; to trouble; superfluous and confusing; edgy	4
烦闷	煩悶	fan2 men4	moody; gloomy	7-9
烦恼	煩惱	fan2 nao3	to be worried; to be distressed; worries	7-9
烦躁	煩躁	fan2 zao4	jittery; twitchy; fidgety	7-9
煮	煮	zhu3	to cook; to boil	6
煲	煲	bao1	to cook slowly over a low flame; pot; saucepan	7-9
煽动	煽動	shan1 dong4	to incite; to instigate	7-9
熄火	熄火	xi1 huo3	(of fire, lamp etc) to go out; to put out (fire); (fig.) to die down; (of a vehicle) to stall	7-9
熊	熊	Xiong2	surname Xiong	5
熊	熊	xiong2	bear; (coll.) to scold; to rebuke; (coll.) weak; incapable	5
熏	熏	xun1	to smoke; to fumigate; to assail the nostrils; to perfume	7-9
荧光	熒光	ying2 guang1	fluorescence; fluorescent light	7-9
熙熙攘攘	熙熙攘攘	xi1 xi1 rang3 rang3	(idiom) bustling with activity	7-9
熟	熟	shu2	ripe; mature; thoroughly cooked; done; familiar; acquainted; experienced; skilled; (of sleep etc) deep; profound; also pr. [shou2]	2
熟人	熟人	shu2 ren2	acquaintance; friend	3
熟悉	熟悉	shu2 xi1	to be familiar with; to know well	5
熟练	熟練	shu2 lian4	practiced; proficient; skilled; skillful	4
熬	熬	ao1	to simmer; to boil slowly	7-9
熬	熬	ao2	to cook on a slow fire; to extract by heating; to decoct; to endure	7-9
熬夜	熬夜	ao2 ye4	to stay up late or all night	7-9
热	熱	re4	to warm up; to heat up; hot (of weather); heat; fervent	1
热带	熱帶	re4 dai4	the tropics; tropical	7-9
热心	熱心	re4 xin1	enthusiastic; ardent; zealous	4
热情	熱情	re4 qing2	cordial; enthusiastic; passion; passionate; passionately	2
热爱	熱愛	re4 ai4	to love ardently; to adore	3
热气	熱氣	re4 qi4	steam; heat; CL:股[gu3]	7-9
热气球	熱氣球	re4 qi4 qiu2	hot air balloon	7-9
热水	熱水	re4 shui3	hot water	6
热水器	熱水器	re4 shui3 qi4	water heater	6
热潮	熱潮	re4 chao2	wave of enthusiasm; craze; upsurge	7-9
热烈	熱烈	re4 lie4	enthusiastic; ardent; warm	3
热线	熱線	re4 xian4	hotline (communications link)	6
热衷	熱衷	re4 zhong1	to feel strongly about; to be fond of; obsession; deep commitment	7-9
热量	熱量	re4 liang4	heat; quantity of heat; calorific value	5
热门	熱門	re4 men2	popular; hot; in vogue	5
热腾腾	熱騰騰	re4 teng2 teng2	steaming hot; (fig.) bustling; hectic; (fig.) excited; stirred up; (fig.) created only a short time before; freshly minted; hot off the press; (coll.) also pr. [re4 teng1 teng1]	7-9
热闹	熱鬧	re4 nao5	bustling with noise and excitement; lively	4
热点	熱點	re4 dian3	hot spot; point of special interest	6
燃放	燃放	ran2 fang4	to light; to set off (firecrackers etc)	7-9
燃料	燃料	ran2 liao4	fuel	4
燃气	燃氣	ran2 qi4	fuel gas (coal gas, natural gas, methane etc)	7-9
燃油	燃油	ran2 you2	fuel oil	7-9
燃烧	燃燒	ran2 shao1	to ignite; to combust; to burn; combustion; flaming	4
灯	燈	deng1	lamp; light; lantern; CL:盞|盏[zhan3]	2
灯光	燈光	deng1 guang1	(stage) lighting; light	4
灯泡	燈泡	deng1 pao4	light bulb; see also 電燈泡|电灯泡[dian4 deng1 pao4]; third-wheel or unwanted third party spoiling a couple's date (slang); CL:個|个[ge4]	7-9
灯笼	燈籠	deng1 long2	lantern	7-9
炖	燉	dun4	to stew	7-9
烧	燒	shao1	to burn; to cook; to stew; to bake; to roast; to heat; to boil (tea, water etc); fever; to run a temperature; (coll.) to let things go to one's head	4
烧烤	燒烤	shao1 kao3	barbecue; to roast	7-9
烧毁	燒燬	shao1 hui3	to destroy (or be destroyed) by fire	7-9
燕子	燕子	yan4 zi5	swallow	7-9
烫	燙	tang4	to scald; to burn (by scalding); to blanch (cooking); to heat (sth) up in hot water; to perm; to iron; scalding hot	7-9
营救	營救	ying2 jiu4	to rescue	7-9
营业	營業	ying2 ye4	to do business; to trade	4
营造	營造	ying2 zao4	to build (housing); to construct; to make	7-9
营养	營養	ying2 yang3	nutrition; nourishment; CL:種|种[zhong3]	3
灿烂	燦爛	can4 lan4	to glitter; brilliant; splendid	7-9
毁	燬	hui3	to destroy by fire	6
熏	燻	xun1	variant of 熏[xun1]	7-9
爆	爆	bao4	to explode; to burst; to stir-fry briefly; to quick-boil	6
爆冷门	爆冷門	bao4 leng3 men2	an upset (esp. in sports); unexpected turn of events; to pull off a coup; a breakthrough	7-9
爆满	爆滿	bao4 man3	filled to capacity (of theater, stadium, gymnasium etc)	7-9
爆炸	爆炸	bao4 zha4	explosion; to explode; to blow up; to detonate	6
爆发	爆發	bao4 fa1	to break out; to erupt; to explode; to burst out	6
爆竹	爆竹	bao4 zhu2	firecracker	7-9
炉子	爐子	lu2 zi5	stove; oven; furnace	7-9
炉灶	爐灶	lu2 zao4	stove	7-9
烂	爛	lan4	soft; mushy; well-cooked and soft; to rot; to decompose; rotten; worn out; chaotic; messy; utterly; thoroughly; crappy; bad	5
爪子	爪子	zhua3 zi5	(animal's) claw	7-9
爬	爬	pa2	to crawl; to climb; to get up or sit up	2
爬山	爬山	pa2 shan1	to go for a hike (esp. in the hills or mountains)	2
争	爭	zheng1	to strive for; to vie for; to argue or debate; deficient or lacking (dialect); how or what (literary)	3
争先恐后	爭先恐後	zheng1 xian1 kong3 hou4	(idiom) to compete to be first; to scramble to get ahead; to rush forward for fear of falling behind	7-9
争光	爭光	zheng1 guang1	to win an honor; to strive to win a prize	7-9
争分夺秒	爭分奪秒	zheng1 fen1 duo2 miao3	lit. fight minutes, snatch seconds (idiom); a race against time; making every second count	7-9
争取	爭取	zheng1 qu3	to fight for; to strive for; to win over	3
争吵	爭吵	zheng1 chao3	to quarrel; dispute	7-9
争执	爭執	zheng1 zhi2	to dispute; to disagree; to argue opinionatedly; to wrangle	7-9
争夺	爭奪	zheng1 duo2	to fight over; to contest; to vie over	6
争气	爭氣	zheng1 qi4	to work hard for sth; to resolve on improvement; determined not to fall short	7-9
争端	爭端	zheng1 duan1	dispute; controversy; conflict	7-9
争论	爭論	zheng1 lun4	to argue; to debate; to contend; argument; contention; controversy; debate; CL:次[ci4],場|场[chang3]	4
争议	爭議	zheng1 yi4	controversy; dispute; to dispute	5
为	爲	wei2	variant of 為|为[wei2]	2
为	爲	wei4	variant of 為|为[wei4]	2
爵士	爵士	jue2 shi4	knight; Sir; (loanword) jazz	7-9
父女	父女	fu4 nu:3	father and daughter	6
父子	父子	fu4 zi3	father and son	6
父母	父母	fu4 mu3	father and mother; parents	3
父亲	父親	fu4 qin1	father; also pr. [fu4 qin5]; CL:個|个[ge4]	3
爹	爹	die1	dad	7-9
爷爷	爺爺	ye2 ye5	(coll.) paternal grandfather; grandpa	1
爽	爽	shuang3	bright; clear; crisp; open; frank; straightforward; to feel well; fine; pleasurable; invigorating; to deviate	6
爽快	爽快	shuang3 kuai5	refreshed; rejuvenated; frank and straightforward	7-9
床	牀	chuang2	variant of 床[chuang2]	1
墙	牆	qiang2	wall (CL:面[mian4],堵[du3]); (slang) to block (a website) (usu. in the passive: 被牆|被墙[bei4 qiang2])	2
墙壁	牆壁	qiang2 bi4	wall	5
片	片	pian1	disk; sheet	2
片	片	pian4	thin piece; flake; a slice; film; TV play; to slice; to carve thin; partial; incomplete; one-sided; classifier for slices, tablets, tract of land, area of water; classifier for CDs, movies, DVDs etc; used with numeral 一[yi1]: classifier for scenario, scene, feeling, atmosphere, sound etc; Kangxi radical 91	2
片子	片子	pian1 zi5	film; movie; film reel; phonograph record; X-ray image	7-9
片子	片子	pian4 zi5	thin flake; small piece	7-9
片段	片段	pian4 duan4	fragment (of speech etc); extract (from book etc); episode (of story etc)	7-9
片面	片面	pian4 mian4	unilateral; one-sided	4
版	版	ban3	a register; block of printing; edition; version; page	5
牌	牌	pai2	signboard; plaque; plate; tablet (CL:塊|块[kuai4]); brand; trademark; mahjong tile; domino; playing card (CL:張|张[zhang1]); (bound form) fixed pattern for lyrics or set melody in classical poetry or music (used in 詞牌|词牌[ci2 pai2] and 曲牌[qu3 pai2])	4
牌子	牌子	pai2 zi5	sign; trademark; brand	3
牌照	牌照	pai2 zhao4	(business) license; vehicle license; car registration; license plate	7-9
闸	牐	zha2	old variant of 閘|闸[zha2]; sluice; lock (on waterway)	7-9
牙	牙	ya2	tooth; ivory; CL:顆|颗[ke1]	4
牙刷	牙刷	ya2 shua1	toothbrush; CL:把[ba3]	4
牙膏	牙膏	ya2 gao1	toothpaste; CL:管[guan3]	7-9
牙齿	牙齒	ya2 chi3	tooth; dental; CL:顆|颗[ke1]	7-9
牛仔裤	牛仔褲	niu2 zai3 ku4	jeans; CL:條|条[tiao2]	5
牛奶	牛奶	niu2 nai3	cow's milk; CL:瓶[ping2],杯[bei1]	1
它	牠	ta1	it (pronoun for an animal)	2
牡丹	牡丹	Mu3 dan5	Mudan District of Heze City 菏澤市|菏泽市[He2 ze2 Shi4], Shandong; Mutan township in Pingtung County 屏東縣|屏东县[Ping2 dong1 Xian4], Taiwan	7-9
牡丹	牡丹	mu3 dan5	tree peony (Paeonia suffruticosa)	7-9
牢	牢	lao2	(literary) pen; fold (for livestock); prison; jail; firm; secure; fast	6
牢固	牢固	lao2 gu4	firm; secure	7-9
牢牢	牢牢	lao2 lao2	firmly; safely	7-9
牢记	牢記	lao2 ji4	to keep in mind; to remember	7-9
牧场	牧場	mu4 chang3	pasture; grazing land; ranch	7-9
牧民	牧民	mu4 min2	herdsman	7-9
物价	物價	wu4 jia4	(commodity) prices; CL:個|个[ge4]	5
物品	物品	wu4 pin3	articles; goods	6
物业	物業	wu4 ye4	property; real estate; abbr. for 物業管理|物业管理[wu4 ye4 guan3 li3], property management	5
物流	物流	wu4 liu2	distribution (business); logistics	7-9
物证	物證	wu4 zheng4	material evidence	7-9
物资	物資	wu4 zi1	goods; supplies	7-9
物质	物質	wu4 zhi4	matter; substance; material; materialistic; CL:個|个[ge4]	5
物体	物體	wu4 ti3	object; body; substance	7-9
牲畜	牲畜	sheng1 chu4	farm animal; livestock	7-9
特	特	te4	special; unique; distinguished; especially; unusual; very; abbr. for 特克斯[te4 ke4 si1], tex	6
特例	特例	te4 li4	special case; isolated example	7-9
特价	特價	te4 jia4	special price	4
特别	特別	te4 bie2	unusual; special; very; especially; particularly; expressly; for a specific purpose; (often followed by 是[shi4]) in particular	2
特地	特地	te4 di4	specially; for a special purpose	6
特大	特大	te4 da4	exceptionally big	6
特定	特定	te4 ding4	special; specific; designated; particular	5
特征	特徵	te4 zheng1	characteristic; diagnostic property; distinctive feature; trait	4
特快	特快	te4 kuai4	express (train, delivery etc)	6
特性	特性	te4 xing4	property; characteristic	5
特意	特意	te4 yi4	specially; intentionally	6
特有	特有	te4 you3	specific (to); characteristic (of); distinctive	5
特权	特權	te4 quan2	prerogative; privilege; privileged	7-9
特殊	特殊	te4 shu1	special; particular; unusual; extraordinary	4
特产	特產	te4 chan3	special local product; (regional) specialty	7-9
特色	特色	te4 se4	a characteristic; a distinctive feature or quality	3
特制	特製	te4 zhi4	specially made; custom-made	7-9
特质	特質	te4 zhi4	characteristic; special quality	7-9
特邀	特邀	te4 yao1	special invitation	7-9
特长	特長	te4 chang2	personal strength; one's special ability or strong points	7-9
特点	特點	te4 dian3	characteristic; trait; feature	2
牵	牽	qian1	to lead along; to pull (an animal on a tether); (bound form) to involve; to draw in	6
牵制	牽制	qian1 zhi4	to control; to curb; to restrict; to impede; to pin down (enemy troops)	7-9
牵扯	牽扯	qian1 che3	to involve; to implicate; to be interrelated	7-9
牵挂	牽掛	qian1 gua4	to worry about; to be concerned about	7-9
牵涉	牽涉	qian1 she4	to involve; implicated	7-9
牵头	牽頭	qian1 tou2	to lead (an animal by the head); to take the lead; to coordinate (a combined operation); to mediate; a go-between (e.g. marriage broker)	7-9
奔	犇	ben1	variant of 奔[ben1]	7-9
牺牲	犧牲	xi1 sheng1	to sacrifice one's life; to sacrifice (sth valued); beast slaughtered as a sacrifice	6
犯	犯	fan4	to violate; to offend; to assault; criminal; crime; to make a mistake; recurrence (of mistake or sth bad)	6
犯愁	犯愁	fan4 chou2	to worry; to be anxious	7-9
犯罪	犯罪	fan4 zui4	to commit a crime; crime; offense	6
犯规	犯規	fan4 gui1	to break the rules; an illegality; a foul	6
状元	狀元	zhuang4 yuan2	top scorer in the palace examination (highest rank of the Imperial examination system); see 榜眼[bang3 yan3] and 探花[tan4 hua1]; top scorer in college entrance examination 高考[gao1 kao3]; (fig.) the most brilliantly talented person in the field; leading light	7-9
状态	狀態	zhuang4 tai4	condition; state; state of affairs	3
状况	狀況	zhuang4 kuang4	condition; state; situation	3
狂	狂	kuang2	mad; wild; violent	5
狂欢	狂歡	kuang2 huan1	party; carousal; hilarity; merriment; whoopee; to carouse	7-9
狂欢节	狂歡節	kuang2 huan1 jie2	carnival	7-9
狂热	狂熱	kuang2 re4	zealotry; fanatical; feverish	7-9
狗	狗	gou3	dog; CL:隻|只[zhi1],條|条[tiao2]	2
狠	狠	hen3	ruthless; fierce; ferocious; determined; resolute; to harden (one's heart); old variant of 很[hen3]	6
狡猾	狡猾	jiao3 hua2	crafty; cunning; sly	7-9
狭小	狹小	xia2 xiao3	narrow	7-9
狭窄	狹窄	xia2 zhai3	narrow	7-9
狭隘	狹隘	xia2 ai4	(of a path etc) narrow; (of a living space etc) cramped; (of a way of thinking, a definition etc) narrow; limited	7-9
狼	狼	lang2	wolf; CL:匹[pi3],隻|只[zhi1],條|条[tiao2]	7-9
狼狈	狼狽	lang2 bei4	in a difficult situation; to cut a sorry figure; scoundrel! (derog.)	7-9
猖狂	猖狂	chang1 kuang2	savage; furious	7-9
猛	猛	meng3	ferocious; fierce; violent; brave; suddenly; abrupt; (slang) awesome	6
猛烈	猛烈	meng3 lie4	fierce; violent; vigorous; intense	7-9
猛然	猛然	meng3 ran2	suddenly; abruptly	7-9
猜	猜	cai1	to guess	5
猜想	猜想	cai1 xiang3	to guess; to conjecture; to suppose; (math.) hypothesis	7-9
猜测	猜測	cai1 ce4	to guess; to conjecture; to surmise	5
猜谜	猜謎	cai1 mi2	to answer a riddle; to guess (i.e. form an opinion without much evidence)	7-9
猩猩	猩猩	xing1 xing5	orangutan; (slang) dialect speaker whose speech is corrupted by Standard Mandarin	7-9
猴	猴	hou2	monkey; CL:隻|只[zhi1]	5
犹如	猶如	you2 ru2	similar to; like	7-9
犹豫	猶豫	you2 yu4	to hesitate	5
犹豫不决	猶豫不決	you2 yu4 bu4 jue2	hesitancy; indecision; to waver	7-9
呆	獃	dai1	foolish; stupid (variant of 呆[dai1]); expressionless; blank (variant of 呆[dai1])	5
狮子	獅子	Shi1 zi3	Leo (star sign); Shihtzu township in Pingtung County 屏東縣|屏东县[Ping2 dong1 Xian4], Taiwan	7-9
狮子	獅子	shi1 zi5	lion; CL:隻|只[zhi1],頭|头[tou2]	7-9
奖	獎	jiang3	prize; award; bonus; reward; (bound form) to encourage; to commend; to praise; to award; to give as a reward	4
奖励	獎勵	jiang3 li4	to reward; reward (as encouragement)	5
奖品	獎品	jiang3 pin3	award; prize	7-9
奖学金	獎學金	jiang3 xue2 jin1	scholarship; CL:筆|笔[bi3]	4
奖杯	獎杯	jiang3 bei1	trophy cup	7-9
奖牌	獎牌	jiang3 pai2	medal (awarded as a prize)	7-9
奖金	獎金	jiang3 jin1	premium; award money; bonus	4
奖项	獎項	jiang3 xiang4	award; prize; CL:項|项[xiang4]	7-9
独	獨	du2	alone; independent; single; sole; only	7-9
独一无二	獨一無二	du2 yi1 wu2 er4	(idiom) unique; unmatched; unrivalled	7-9
独唱	獨唱	du2 chang4	(in singing) solo; to solo	7-9
独家	獨家	du2 jia1	exclusive	7-9
独特	獨特	du2 te4	unique; distinctive	4
独立	獨立	du2 li4	independent; independence; to stand alone	4
独立自主	獨立自主	du2 li4 zi4 zhu3	independent and autonomous (idiom); self-determination; to act independently; to maintain control over one's own affairs	7-9
独自	獨自	du2 zi4	alone	4
独身	獨身	du2 shen1	unmarried; single; alone	7-9
获	獲	huo4	(literary) to catch; to capture; (literary) to get; to obtain; to win	4
获胜	獲勝	huo4 sheng4	to win	7-9
获取	獲取	huo4 qu3	to gain; to get; to acquire	4
获得	獲得	huo4 de2	to obtain; to receive; to get	4
获悉	獲悉	huo4 xi1	to learn of sth; to find out; to get news	7-9
获奖	獲獎	huo4 jiang3	to win an award	4
猎人	獵人	lie4 ren2	hunter	7-9
猎犬	獵犬	lie4 quan3	hound; hunting dog	7-9
献	獻	xian4	to offer; to present; to dedicate; to donate; to show; to put on display; worthy person (old)	5
献血	獻血	xian4 xue4	to donate blood	7-9
玄	玄	xuan2	black; mysterious	7-9
玄机	玄機	xuan2 ji1	profound theory (in Daoism and Buddhism); mysterious principles	7-9
妙	玅	miao4	variant of 妙[miao4]	6
率	率	lu:4	(bound form) ratio; rate; proportion	7-9
率	率	shuai4	to lead; to command; rash; hasty; frank; straightforward; generally; usually	7-9
率先	率先	shuai4 xian1	to take the lead; to show initiative	4
率领	率領	shuai4 ling3	to lead; to command; to head	5
玉	玉	yu4	jade	4
玉米	玉米	yu4 mi3	corn; maize; CL:粒[li4]	4
王	王	Wang2	surname Wang	4
王	王	wang2	king or monarch; best or strongest of its type; grand; great	4
王	王	wang4	(literary) (of a monarch) to reign over (a kingdom)	4
王后	王后	wang2 hou4	queen; CL:個|个[ge4],位[wei4]	6
王国	王國	wang2 guo2	kingdom; realm	7-9
王子	王子	wang2 zi3	prince; son of a king	6
王牌	王牌	wang2 pai2	(card games) trump card; (fig.) ace; star player; top performer; best asset; secret weapon	7-9
玩儿	玩兒	wan2 r5	to play; to have fun; to hang out	1
玩具	玩具	wan2 ju4	plaything; toy	3
玩意儿	玩意兒	wan2 yi4 r5	erhua variant of 玩意[wan2 yi4]	7-9
玩耍	玩耍	wan2 shua3	to play (as children do); to amuse oneself	7-9
玫瑰	玫瑰	mei2 gui1	rugosa rose (shrub) (Rosa rugosa) (CL:棵[ke1]); rose flower (CL:朵[duo3])	7-9
玻璃	玻璃	bo1 li5	glass; CL:張|张[zhang1],塊|块[kuai4]; (slang) male homosexual	5
珍惜	珍惜	zhen1 xi1	to treasure; to value; to cherish	5
珍珠	珍珠	zhen1 zhu1	pearl (CL:顆|颗[ke1],粒[li4]); (fig.) teardrop; tear	5
珍藏	珍藏	zhen1 cang2	a collection of rare and valuable items; to collect (such items)	7-9
珍视	珍視	zhen1 shi4	to place great importance on; to treasure	7-9
珍贵	珍貴	zhen1 gui4	precious	5
珍重	珍重	zhen1 zhong4	to treasure; to cherish; to value highly; (in parting) take good care of yourself	7-9
珠宝	珠寶	zhu1 bao3	pearls; jewels; precious stones	6
班	班	Ban1	surname Ban	1
班	班	ban1	team; class; grade; (military) squad; work shift; classifier for groups of people and scheduled transport vehicles	1
班级	班級	ban1 ji2	class (group of students); grade (in school)	3
班长	班長	ban1 zhang3	class monitor; squad leader; team leader; CL:個|个[ge4]	2
现代	現代	Xian4 dai4	Hyundai, South Korean company	3
现代	現代	xian4 dai4	modern times; modern age; modern era	3
现任	現任	xian4 ren4	to occupy a post currently; current (president etc); incumbent; (coll.) current boyfriend (girlfriend, spouse)	7-9
现在	現在	xian4 zai4	now; at present; currently	1
现场	現場	xian4 chang3	the scene (of a crime, accident etc); (on) the spot; (at) the site	3
现实	現實	xian4 shi2	reality; actuality; real; actual; realistic; pragmatic; materialistic; self-interested	3
现成	現成	xian4 cheng2	ready-made; readily available	7-9
现有	現有	xian4 you3	currently existing; currently available	5
现状	現狀	xian4 zhuang4	current situation	5
现行	現行	xian4 xing2	to be in effect; in force; current	7-9
现象	現象	xian4 xiang4	phenomenon; CL:個|个[ge4],種|种[zhong3]; appearance	3
现金	現金	xian4 jin1	cash	3
球	球	qiu2	ball; sphere; globe; CL:個|个[ge4]; ball game; match; CL:場|场[chang3]	1
球员	球員	qiu2 yuan2	(ball sports) player; team member	6
球场	球場	qiu2 chang3	stadium; sports ground; court; pitch; field; golf course; CL:個|个[ge4],處|处[chu4]	2
球拍	球拍	qiu2 pai1	(tennis, badminton etc) racket; (table tennis) paddle; (cricket) bat	6
球星	球星	qiu2 xing1	sports star (ball sport)	6
球迷	球迷	qiu2 mi2	fan (ball sports); CL:個|个[ge4]	3
球队	球隊	qiu2 dui4	sports team (basketball, soccer, football etc)	2
球鞋	球鞋	qiu2 xie2	athletic shoes	2
理	理	li3	texture; grain (of wood); inner essence; intrinsic order; reason; logic; truth; science; natural science (esp. physics); to manage; to pay attention to; to run (affairs); to handle; to put in order; to tidy up	6
理事	理事	li3 shi4	member of council; (literary) to take care of matters	7-9
理念	理念	li3 nian4	idea; concept; philosophy; theory	7-9
理性	理性	li3 xing4	reason; rationality; rational	7-9
理想	理想	li3 xiang3	an ideal; a dream; ideal; perfect	2
理所当然	理所當然	li3 suo3 dang1 ran2	as it should be by rights (idiom); proper and to be expected as a matter of course; inevitable and right	7-9
理智	理智	li3 zhi4	reason; intellect; rationality; rational	6
理会	理會	li3 hui4	to understand; to pay attention to; to take notice of	7-9
理由	理由	li3 you2	reason; grounds; justification; CL:個|个[ge4]	3
理直气壮	理直氣壯	li3 zhi2 qi4 zhuang4	in the right and self-confident (idiom); bold and confident with justice on one's side; to have the courage of one's convictions; just and forceful	7-9
理睬	理睬	li3 cai3	to heed; to pay attention to	7-9
理科	理科	li3 ke1	the sciences (as opposed to the humanities 文科[wen2 ke1])	7-9
理解	理解	li3 jie3	to comprehend; to understand	3
理论	理論	li3 lun4	theory; CL:個|个[ge4]; to argue; to take notice of	3
理财	理財	li3 cai2	to manage wealth; to manage finances; money management	6
理发	理髮	li3 fa4	to get a haircut; to have one's hair done; to cut (sb's) hair; to give (sb) a haircut	3
琢磨	琢磨	zhuo2 mo2	to carve and polish (jade); to polish and refine a literary work	7-9
琢磨	琢磨	zuo2 mo5	to ponder; to mull over; to think through; Taiwan pr. [zhuo2 mo2]	7-9
琴	琴	qin2	guqin 古琴[gu3 qin2] (a type of zither); musical instrument in general	5
琴	琹	qin2	variant of 琴[qin2], guqin or zither	5
瑞雪	瑞雪	rui4 xue3	timely snow	7-9
瑰宝	瑰寶	gui1 bao3	a treasure; a rare and valuable thing	7-9
环	環	Huan2	surname Huan	3
环	環	huan2	ring; hoop; loop; (chain) link; classifier for scores in archery etc; to surround; to encircle; to hem in	3
环保	環保	huan2 bao3	environmental protection; environmentally friendly; abbr. for 環境保護|环境保护[huan2 jing4 bao3 hu4]	3
环境	環境	huan2 jing4	environment; circumstances; surroundings; CL:個|个[ge4]; ambient	3
环球	環球	huan2 qiu2	around the world; worldwide	7-9
环节	環節	huan2 jie2	(zoology) segment (of the body of a worm, centipede etc); (fig.) a part of an integrated whole: aspect (of a project), element (of a policy), sector (of the economy), stage (of a process) etc	5
环绕	環繞	huan2 rao4	to surround; to circle; to revolve around	7-9
瓜	瓜	gua1	melon; gourd; squash; (slang) a piece of gossip	4
瓜分	瓜分	gua1 fen1	to partition; to divide up	7-9
瓜子	瓜子	gua1 zi3	melon seed; seeds of pumpkin, watermelon or sunflower etc, roasted and flavored, consumed as a snack	7-9
瓦	瓦	wa3	roof tile; abbr. for 瓦特[wa3 te4]	7-9
瓶	瓶	ping2	bottle; vase; pitcher; CL:個|个[ge4]; classifier for wine and liquids	2
瓶子	瓶子	ping2 zi5	bottle; CL:個|个[ge4]	2
瓶颈	瓶頸	ping2 jing3	neck of a bottle; (fig.) bottleneck; problem that impedes progress	7-9
瓷	瓷	ci2	chinaware; porcelain; china	7-9
瓷器	瓷器	ci2 qi4	chinaware; porcelain	7-9
砖	甎	zhuan1	variant of 磚|砖[zhuan1]	7-9
甘心	甘心	gan1 xin1	to be willing to; to resign oneself to	7-9
甚至	甚至	shen4 zhi4	even; so much so that	4
甚至于	甚至於	shen4 zhi4 yu2	so much (that); even (to the extent that)	7-9
甜	甜	tian2	sweet; (fig.) pleasant; endearing; lovely	3
甜美	甜美	tian2 mei3	sweet; pleasant; happy	7-9
甜蜜	甜蜜	tian2 mi4	sweet; happy	7-9
甜头	甜頭	tian2 tou5	sweet taste (of power, success etc); benefit	7-9
尝	甞	chang2	old variant of 嘗|尝[chang2]	5
生前	生前	sheng1 qian2	(of a deceased) during one's life; while living	7-9
生动	生動	sheng1 dong4	(of descriptions, writing etc) vivid; lively	3
生命	生命	sheng1 ming4	life (as the characteristic of living beings); living being; creature (CL:條|条[tiao2])	3
生命线	生命線	sheng1 ming4 xian4	lifeline	7-9
生存	生存	sheng1 cun2	to exist; to survive	3
生平	生平	sheng1 ping2	life (a person's whole life); in one's entire life	7-9
生怕	生怕	sheng1 pa4	to fear; afraid; extremely nervous; for fear that; to avoid; so as not to	7-9
生意	生意	sheng1 yi4	life force; vitality	3
生意	生意	sheng1 yi5	business; CL:筆|笔[bi3]	3
生态	生態	sheng1 tai4	ecology (the study of interactions between organisms and their environment); ecological state (the condition or health of a natural environment); (fig.) ecosystem (a complex network, e.g. in tech, business or media, as in 數字生態|数字生态[shu4 zi4 sheng1 tai4] "digital ecosystem")	7-9
生成	生成	sheng1 cheng2	to generate; to produce; to form; to be formed; to come into being; to be born with; to be blessed with	5
生效	生效	sheng1 xiao4	(of a law, contract, agreement, ban etc) to come into force; to go into effect; to become operative	7-9
生日	生日	sheng1 ri4	birthday; CL:個|个[ge4]	1
生机	生機	sheng1 ji1	opportunity to live; hope of success; vigor; vitality	7-9
生死	生死	sheng1 si3	life or death	7-9
生气	生氣	sheng1 qi4	to get angry; to be furious; vitality; liveliness	1
生活	生活	sheng1 huo2	to live; life; livelihood	2
生活费	生活費	sheng1 huo2 fei4	cost of living; living expenses; alimony	6
生涯	生涯	sheng1 ya2	career; life (way in which sb lives); period of one's life	7-9
生物	生物	sheng1 wu4	organism; living creature; life form; biological; CL:個|个[ge4]	7-9
生理	生理	sheng1 li3	physiology	7-9
生产	生產	sheng1 chan3	to produce; to manufacture; to give birth to a child	3
生病	生病	sheng1 bing4	to fall ill	1
生硬	生硬	sheng1 ying4	rigid; stiff; lacking naturalness or smoothness; awkward; forced	7-9
生育	生育	sheng1 yu4	to give birth to; to bear; fertility	7-9
生词	生詞	sheng1 ci2	new word (in textbook); word that is unfamiliar or not yet studied; CL:組|组[zu3],個|个[ge4]	2
生长	生長	sheng1 zhang3	to grow; to grow up; to be brought up	3
产	產	chan3	to give birth; to reproduce; to produce; product; resource; estate; property	7-9
产值	產值	chan3 zhi2	value of output; output value	7-9
产品	產品	chan3 pin3	goods; merchandise; product; CL:個|个[ge4]	4
产地	產地	chan3 di4	source (of a product); place of origin; manufacturing location	7-9
产业	產業	chan3 ye4	industry; estate; property; industrial	5
产物	產物	chan3 wu4	product; result (of)	7-9
产生	產生	chan3 sheng1	to arise; to come into being; to come about; to give rise to; to bring into being; to bring about; to produce; to engender; to generate	3
产量	產量	chan3 liang4	output	6
产	産	chan3	variant of 產|产[chan3]	7-9
苏醒	甦醒	su1 xing3	to come to; to awaken; to regain consciousness	7-9
用	用	yong4	to use; to make use of; to employ; (coverb) with; using; to need; to have to (usu. used in the negative or in questions); usefulness; utility; (bound form) expense; outlay; (courteous) to eat; to drink; (literary) hence; therefore	1
用不着	用不著	yong4 bu5 zhao2	not need; have no use for	5
用人	用人	yong4 ren2	servant; to employ sb for a job; to manage people; to be in need of staff	7-9
用来	用來	yong4 lai2	to be used for	5
用力	用力	yong4 li4	to exert oneself physically	7-9
用功	用功	yong4 gong1	diligent; industrious (in one's studies); to study hard; to make great effort	7-9
用品	用品	yong4 pin3	articles for use; products; goods	6
用得着	用得著	yong4 de5 zhao2	to be able to use; useable; to have a use for; (in a question) to be necessary to	6
用心	用心	yong4 xin1	motive; intention; to be diligent or attentive; careful	6
用意	用意	yong4 yi4	intention; purpose	7-9
用户	用戶	yong4 hu4	user; consumer; subscriber; customer	5
用于	用於	yong4 yu2	to use in; to use on; to use for	5
用法	用法	yong4 fa3	usage	6
用处	用處	yong4 chu5	usefulness; CL:個|个[ge4]	6
用途	用途	yong4 tu2	use; application	4
用餐	用餐	yong4 can1	to eat a meal	7-9
甩	甩	shuai3	to throw; to fling; to swing; to leave behind; to throw off; to dump (sb)	7-9
田	田	Tian2	surname Tian	6
田	田	tian2	field; farm; CL:片[pian4]	6
田径	田徑	tian2 jing4	track and field (athletics)	6
由	由	you2	to follow; from; because of; due to; by; via; through; (before a noun and a verb) it is for ... to ...	3
由来	由來	you2 lai2	origin	7-9
由于	由於	you2 yu2	due to; as a result of; thanks to; owing to; since; because	3
由此	由此	you2 ci3	hereby; from this	5
由此可见	由此可見	you2 ci3 ke3 jian4	from this, it can be seen that...	7-9
由此看来	由此看來	you2 ci3 kan4 lai2	thereby; judging from this	7-9
由衷	由衷	you2 zhong1	heartfelt; sincere; unfeigned	7-9
甲	甲	jia3	first of the ten Heavenly Stems 十天干[shi2 tian1 gan1]; (used for an unspecified person or thing); first (in a list, as a party to a contract etc); letter "A" or roman "I" in list "A, B, C", or "I, II, III" etc; armor plating; shell or carapace; (of the fingers or toes) nail; bladed leather or metal armor (old); ranking system used in the Imperial examinations (old); civil administration unit in the baojia 保甲[bao3 jia3] system (old); ancient Chinese compass point: 75°	5
申报	申報	shen1 bao4	to report (to the authorities); to declare (to customs)	7-9
申请	申請	shen1 qing3	to apply for sth; application form (CL:份[fen4])	4
申办	申辦	shen1 ban4	to apply for; to bid for	7-9
申领	申領	shen1 ling3	to apply (for license, visa etc)	7-9
男	男	nan2	(bound form) male; baron, the lowest of the five ranks of nobility 五等爵位[wu3 deng3 jue2 wei4]	1
男人	男人	nan2 ren2	a man; a male; men; CL:個|个[ge4]	1
男士	男士	nan2 shi4	man; gentleman	4
男女	男女	nan2 nu:3	male-female; male and female	4
男子	男子	nan2 zi3	a man; a male	3
男孩儿	男孩兒	nan2 hai2 r5	erhua form of 男孩[nan2 hai2]	1
男性	男性	nan2 xing4	the male sex; a male	5
男朋友	男朋友	nan2 peng2 you5	boyfriend	1
男生	男生	nan2 sheng1	schoolboy; male student; boy; guy (young adult male)	1
亩	畂	mu3	old variant of 畝|亩[mu3]	7-9
亩	畆	mu3	old variant of 畝|亩[mu3]	7-9
界	界	jie4	(bound form) boundary; border; (bound form) realm	6
界定	界定	jie4 ding4	definition; to delimit	7-9
界线	界線	jie4 xian4	limits; bounds; dividing line	7-9
界限	界限	jie4 xian4	boundary	7-9
畏惧	畏懼	wei4 ju4	to fear; to dread; foreboding	7-9
畏缩	畏縮	wei4 suo1	to cower; to flinch; to quail; to recoil	7-9
留	留	liu2	to leave (a message etc); to retain; to stay; to remain; to keep; to preserve	2
留下	留下	liu2 xia4	to leave behind; to stay behind; to remain; to keep; not to let (sb) go	2
留学	留學	liu2 xue2	to study abroad	3
留学生	留學生	liu2 xue2 sheng1	student studying abroad; returned student; foreign student; international student	2
留心	留心	liu2 xin1	to be careful; to pay attention to	7-9
留念	留念	liu2 nian4	to keep as a souvenir; to recall fondly	7-9
留意	留意	liu2 yi4	to be mindful; to pay attention to; to take note of	7-9
留恋	留戀	liu2 lian4	reluctant to leave; to hate to have to go; to recall fondly	7-9
留神	留神	liu2 shen2	to take care; to be careful	7-9
留言	留言	liu2 yan2	to leave a message; to leave one's comments; message	6
亩	畝	mu3	classifier for fields; unit of area equal to one fifteenth of a hectare	7-9
毕业	畢業	bi4 ye4	graduation; to graduate; to finish school	4
毕业生	畢業生	bi4 ye4 sheng1	graduate	4
毕竟	畢竟	bi4 jing4	after all; all in all; when all is said and done; in the final analysis	5
略	略	lu:e4	brief; sketchy; outline; summary; to omit; (bound form before a single-character verb) a bit; somewhat; slightly; plan; strategy; to capture (territory)	7-9
略微	略微	lu:e4 wei1	a little bit; slightly	7-9
略	畧	lu:e4	variant of 略[lu:e4]	7-9
番	番	Pan1	surname Pan	6
番	番	fan1	(bound form) foreign (non-Chinese); barbarian; classifier for processes or actions that take time and effort; (classifier) a kind; a sort; (classifier) (used after the verb 翻[fan1] to indicate how many times a quantity doubles, as in 翻一番[fan1 yi1 fan1] "to double")	6
番茄	番茄	fan1 qie2	tomato	6
画	畫	hua4	to draw; to paint; picture; painting (CL:幅[fu2],張|张[zhang1]); to draw (a line) (variant of 劃|划[hua4]); stroke of a Chinese character (variant of 劃|划[hua4]); (calligraphy) horizontal stroke (variant of 劃|划[hua4])	2
画儿	畫兒	hua4 r5	picture; drawing; painting	2
画册	畫冊	hua4 ce4	picture album	7-9
画家	畫家	hua4 jia1	painter; CL:個|个[ge4]	2
画展	畫展	hua4 zhan3	art exhibition	7-9
画蛇添足	畫蛇添足	hua4 she2 tian1 zu2	lit. draw legs on a snake (idiom); fig. to ruin the effect by adding sth superfluous; to overdo it	7-9
画面	畫面	hua4 mian4	scene; tableau; picture; image; screen (displayed by a computer); (motion picture) frame; field of view	5
画龙点睛	畫龍點睛	hua4 long2 dian3 jing1	to paint a dragon and dot in the eyes (idiom); fig. to add the vital finishing touch; the crucial point that brings the subject to life; a few words to clinch the point	7-9
亩	畮	mu3	old variant of 畝|亩[mu3]	7-9
异口同声	異口同聲	yi4 kou3 tong2 sheng1	different mouths, same voice; to speak in unison (idiom)	7-9
异常	異常	yi4 chang2	unusual; abnormal; extremely; exceptionally	6
异性	異性	yi4 xing4	the opposite sex; of the opposite sex; heterosexual; different in nature	7-9
异想天开	異想天開	yi4 xiang3 tian1 kai1	(idiom) to imagine the wildest thing; to indulge in fantasy	7-9
异议	異議	yi4 yi4	objection; dissent	7-9
留	畱	liu2	old variant of 留[liu2]	2
当	當	dang1	to be; to act as; manage; withstand; when; during; ought; should; match equally; equal; same; obstruct; just at (a time or place); on the spot; right; just at	6
当	當	dang4	at or in the very same...; suitable; adequate; fitting; proper; to replace; to regard as; to think; to pawn; (coll.) to fail (a student)	6
当下	當下	dang1 xia4	immediately; at once; at that moment; at the moment	7-9
当中	當中	dang1 zhong1	among; in the middle; in the center	3
当之无愧	當之無愧	dang1 zhi1 wu2 kui4	fully deserving, without any reservations (idiom); entirely worthy (of a title, honor etc)	7-9
当事人	當事人	dang1 shi4 ren2	persons involved or implicated; party (to an affair)	7-9
当今	當今	dang1 jin1	the present time; (old) (in reference to the reigning monarch) His Majesty	7-9
当代	當代	dang1 dai4	the present age; the contemporary era	5
当作	當作	dang4 zuo4	to treat as; to regard as	6
当初	當初	dang1 chu1	at that time; originally	3
当前	當前	dang1 qian2	the present time; to be faced with	5
当务之急	當務之急	dang1 wu4 zhi1 ji2	(idiom) top priority job; a matter of the greatest urgency	7-9
当即	當即	dang1 ji2	at once; on the spot	7-9
当地	當地	dang1 di4	local	3
当场	當場	dang1 chang3	at the scene; on the spot	5
当天	當天	dang1 tian1	on that day	6
当天	當天	dang4 tian1	the same day	6
当年	當年	dang1 nian2	in those days; back then; in those years; to be in the prime of life	5
当年	當年	dang4 nian2	that very same year	5
当心	當心	dang1 xin1	to take care; to look out	7-9
当成	當成	dang4 cheng2	to consider as; to take to be	6
当日	當日	dang1 ri4	on that day	7-9
当日	當日	dang4 ri4	that very day; the same day	7-9
当时	當時	dang1 shi2	then; at that time	2
当时	當時	dang4 shi2	immediately; right then	2
当晚	當晚	dang1 wan3	on that evening	7-9
当晚	當晚	dang4 wan3	the same evening	7-9
当然	當然	dang1 ran2	only natural; as it should be; certainly; of course; without doubt	3
当真	當真	dang4 zhen1	to take seriously; serious; No joking, really!	7-9
当众	當眾	dang1 zhong4	in public; in front of everybody	7-9
当着	當著	dang1 zhe5	in front of; in the presence of	7-9
当选	當選	dang1 xuan3	to be elected; to be selected	5
当面	當面	dang1 mian4	to sb's face; in sb's presence	7-9
畸形	畸形	ji1 xing2	deformed; malformed; lopsided; unbalanced	7-9
叠	疉	die2	variant of 疊|叠[die2]	7-9
叠	疊	die2	to pile up; (bound form) repeated; to fold; classifier: stack, pile (of thin objects); classifier for repeated sections in a musical composition	7-9
匹	疋	pi3	variant of 匹[pi3]; classifier for cloth: bolt	5
疏导	疏導	shu1 dao3	to dredge; to open up a path for; to remove obstructions; to clear the way; to enlighten; persuasion	7-9
疏忽	疏忽	shu1 hu5	to neglect; to overlook; negligence; carelessness	7-9
疏散	疏散	shu1 san3	idle; leisurely; laid-back; Taiwan pr. [shu1san4]	7-9
疏散	疏散	shu1 san4	to scatter; to disperse; to evacuate; scattered; sparse	7-9
疏通	疏通	shu1 tong1	to unblock; to dredge; to clear the way; to get things flowing; to facilitate; to mediate; to lobby; to explicate (a text)	7-9
疑问	疑問	yi2 wen4	question; interrogation; doubt	4
疑惑	疑惑	yi2 huo4	to doubt; to distrust; unconvincing; to puzzle over; misgivings; suspicions	7-9
疑虑	疑慮	yi2 lu:4	hesitation; misgivings; doubt	7-9
疑点	疑點	yi2 dian3	a doubtful point	7-9
疫苗	疫苗	yi4 miao2	vaccine	7-9
疲倦	疲倦	pi2 juan4	to tire; tired	7-9
疲劳	疲勞	pi2 lao2	fatigue; wearily; weariness; weary	7-9
疲惫	疲憊	pi2 bei4	beaten; exhausted; tired	7-9
疲惫不堪	疲憊不堪	pi2 bei4 bu4 kan1	exhausted; fatigued to the extreme	7-9
疼	疼	teng2	(it) hurts; sore; to love dearly	2
疼痛	疼痛	teng2 tong4	pain; (of a body part) to be painful; to be sore; to hurt; (of a person) to be in pain	6
疾病	疾病	ji2 bing4	disease; sickness; ailment	6
病	病	bing4	illness; CL:場|场[chang2]; disease; to fall ill; defect	1
病人	病人	bing4 ren2	sick person; patient; invalid; CL:個|个[ge4]	1
病床	病床	bing4 chuang2	hospital bed; sickbed	7-9
病情	病情	bing4 qing2	state of an illness; patient's condition	6
病房	病房	bing4 fang2	ward (of a hospital); sickroom; CL:間|间[jian1]	6
病毒	病毒	bing4 du2	virus	5
病症	病症	bing4 zheng4	disease; illness	7-9
症状	症狀	zheng4 zhuang4	symptom (of an illness)	6
痒	痒	yang3	variant of 癢|痒[yang3]; to itch; to tickle	7-9
痕迹	痕跡	hen2 ji4	vestige; mark; trace	7-9
痛心	痛心	tong4 xin1	grieved; pained	7-9
痛快	痛快	tong4 kuai4	delighted; to one's heart's content; straightforward; also pr. [tong4 kuai5]	4
痛苦	痛苦	tong4 ku3	pain; suffering; painful; CL:個|个[ge4]	3
痰	痰	tan2	phlegm; spittle	7-9
痴呆	痴呆	chi1 dai1	stupid; dull; (medicine) dementia	7-9
痴心	痴心	chi1 xin1	infatuation	7-9
痴呆	痴獃	chi1 dai1	variant of 痴呆[chi1 dai1]	7-9
痴迷	痴迷	chi1 mi2	infatuated; obsessed	7-9
疯	瘋	feng1	insane; mad; wild	5
疯子	瘋子	feng1 zi5	madman; lunatic	7-9
疯狂	瘋狂	feng1 kuang2	crazy; frenzied; wild	5
瘟疫	瘟疫	wen1 yi4	plague; pestilence	7-9
瘦	瘦	shou4	thin; to lose weight; (of clothing) tight; (of meat) lean; (of land) unproductive	5
疗效	療效	liao2 xiao4	healing efficacy; healing effect	7-9
疗法	療法	liao2 fa3	therapy; treatment	7-9
疗养	療養	liao2 yang3	to get well; to heal; to recuperate; to convalesce; convalescence; to nurse	4
废	癈	fei4	variant of 廢|废[fei4]; disabled	7-9
癌	癌	ai2	cancer; (esp.) carcinoma	7-9
癌症	癌症	ai2 zheng4	cancer	7-9
愈合	癒合	yu4 he2	(of a wound) to heal	7-9
痒	癢	yang3	to itch; to tickle	7-9
症结	癥結	zheng1 jie2	hard lump in the abdomen (in Chinese medicine); crux of an issue; main point in an argument; sticking point; deadlock in negotiations	7-9
瘾	癮	yin3	addiction; craving	7-9
瘫	癱	tan1	paralyzed	7-9
瘫痪	癱瘓	tan1 huan4	(medicine) to suffer paralysis; (fig.) to be paralyzed; to break down; to come to a standstill	7-9
登	登	deng1	to scale (a height); to ascend; to mount; to publish or record; to enter (e.g. in a register); to press down with the foot; to step or tread on; to put on (shoes or trousers) (dialect); to be gathered and taken to the threshing ground (old)	4
登山	登山	deng1 shan1	to climb a mountain; climbing; mountaineering	4
登机	登機	deng1 ji1	to board a plane	7-9
登记	登記	deng1 ji4	to register (one's name)	4
登录	登錄	deng1 lu4	to register; to log in	4
登陆	登陸	deng1 lu4	to land; to come ashore; to make landfall (of typhoon etc); to log in (frequently used erroneous variant of 登錄|登录[deng1 lu4])	7-9
发	發	fa1	to send out; to show (one's feeling); to issue; to develop; to make a bundle of money; classifier for gunshots (rounds)	2
发布	發佈	fa1 bu4	variant of 發布|发布[fa1 bu4]	5
发布会	發佈會	fa1 bu4 hui4	news conference; briefing	7-9
发作	發作	fa1 zuo4	to flare up; to break out	7-9
发光	發光	fa1 guang1	to emit light; to shine; to glow; to glisten; to be luminous	7-9
发出	發出	fa1 chu1	to issue (an order, decree etc); to send out; to dispatch; to produce (a sound); to let out (a laugh)	3
发动	發動	fa1 dong4	to start; to launch; to unleash; to mobilize; to arouse	3
发射	發射	fa1 she4	to shoot (a projectile); to fire (a rocket); to launch; to emit (a particle); to discharge; emanation; emission	5
发展	發展	fa1 zhan3	development; growth; to develop; to grow; to expand	3
发布	發布	fa1 bu4	to release; to issue; to announce; to distribute	5
发布会	發布會	fa1 bu4 hui4	news conference; briefing	7-9
发怒	發怒	fa1 nu4	to get angry	6
发愁	發愁	fa1 chou2	to worry; to fret; to be anxious; to become sad	7-9
发愣	發愣	fa1 leng4	to stare blankly; to be in a daze	7-9
发愤图强	發憤圖強	fa1 fen4 tu2 qiang2	to be strongly determined to succeed (idiom)	7-9
发抖	發抖	fa1 dou3	to tremble; to shake; to shiver	7-9
发掘	發掘	fa1 jue2	to excavate; to explore; (fig.) to unearth; to tap into	7-9
发扬	發揚	fa1 yang2	to develop; to make full use of	7-9
发扬光大	發揚光大	fa1 yang2 guang1 da4	to develop and promote; to carry forward; to bring to great height of development	7-9
发挥	發揮	fa1 hui1	to display; to exhibit; to bring out implicit or innate qualities; to express (a thought or moral); to develop (an idea); to elaborate (on a theme)	4
发放	發放	fa1 fang4	to provide; to give; to grant	6
发明	發明	fa1 ming2	to invent; an invention; CL:個|个[ge4]	3
发泄	發洩	fa1 xie4	to give vent to (one's feelings)	7-9
发源地	發源地	fa1 yuan2 di4	place of origin; birthplace; source	7-9
发火	發火	fa1 huo3	to catch fire; to ignite; to detonate; to get angry	7-9
发炎	發炎	fa1 yan2	to become inflamed; inflammation	6
发热	發熱	fa1 re4	to have a high temperature; feverish; unable to think calmly; to emit heat	7-9
发烧	發燒	fa1 shao1	to have a high temperature (from illness); to have a fever; (fig.) to be fascinated with; to obsess over; (fig.) flourishing; thriving; popular	4
发现	發現	fa1 xian4	to notice; to become aware of; to discover; to find; to detect; a discovery	2
发生	發生	fa1 sheng1	to happen; to occur; to take place; to break out	3
发病	發病	fa1 bing4	(of an illness) to occur; (of a person) to get sick; to fall ill; onset (of a medical condition)	6
发票	發票	fa1 piao4	invoice; receipt; bill; uniform invoice (abbr. for 統一發票|统一发票[tong3 yi1 fa1 piao4])	4
发育	發育	fa1 yu4	to develop; to mature; growth; development; (sexually) mature	7-9
发脾气	發脾氣	fa1 pi2 qi4	to lose one's temper; to fly into a rage; to throw a tantrum	7-9
发行	發行	fa1 xing2	to publish; to issue; to release; to distribute	5
发表	發表	fa1 biao3	to issue; to publish	3
发觉	發覺	fa1 jue2	to become aware; to detect; to realize; to perceive	5
发言	發言	fa1 yan2	to make a speech; statement; utterance; CL:個|个[ge4]	3
发言人	發言人	fa1 yan2 ren2	spokesperson	6
发誓	發誓	fa1 shi4	to vow; to pledge; to swear	7-9
发财	發財	fa1 cai2	to get rich	7-9
发起	發起	fa1 qi3	to originate; to initiate; to launch (an attack, an initiative etc); to start; to propose sth (for the first time)	6
发起人	發起人	fa1 qi3 ren2	proposer; initiator; founding member	7-9
发送	發送	fa1 song4	to transmit; to dispatch; to issue (an official document or credential)	3
发达	發達	fa1 da2	well-developed; flourishing; to develop; to promote; to expand; (literary) to achieve fame and fortune; to prosper	3
发酵	發酵	fa1 jiao4	to ferment; (fig.) (of trends, emotions or repercussions etc) to bubble away; to simmer; to develop	7-9
发电	發電	fa1 dian4	to generate electricity; to send a telegram	6
发电机	發電機	fa1 dian4 ji1	electricity generator; dynamo	7-9
白天	白天	bai2 tian1	daytime; during the day; day; CL:個|个[ge4]	1
白白	白白	bai2 bai2	in vain; to no purpose; for nothing; white	7-9
白色	白色	bai2 se4	white; fig. reactionary; anti-communist	2
白菜	白菜	bai2 cai4	Chinese cabbage, esp. napa cabbage (Brassica rapa subsp. pekinensis); sometimes used to refer to bok choy (Brassica rapa subsp. chinensis); CL:棵[ke1]	3
白酒	白酒	bai2 jiu3	baijiu, a spirit usually distilled from sorghum; (Tw) white wine (abbr. for 白葡萄酒[bai2 pu2 tao5 jiu3])	5
白领	白領	bai2 ling3	white-collar; white-collar worker	6
百	百	Bai3	surname Bai	1
百	百	bai3	hundred; numerous; all kinds of	1
百分比	百分比	bai3 fen1 bi3	percentage	7-9
百分点	百分點	bai3 fen1 dian3	percentage point	6
百合	百合	bai3 he2	(botany) lily; (ACG) (slang) yuri (genre depicting romantic or intimate relationships between women)	7-9
百科全书	百科全書	bai3 ke1 quan2 shu1	encyclopedia; CL:本[ben3],集[ji2]	7-9
百货	百貨	bai3 huo4	general merchandise	4
的	的	de5	of; ~'s (possessive particle); (used after an attribute when it modifies a noun); (used at the end of a declarative sentence for emphasis); (used after a noun, verb or adjective to form a nominal expression, as in 皮革的[pi2 ge2 de5] "one made of leather" or 跑堂兒的|跑堂儿的[pao3 tang2 r5 de5] "a waiter (literally, one who runs back and forth in a restaurant)" or 新的[xin1 de5] "new one"); also pr. [di4] or [di5] in poetry and songs	1
的	的	di1	a taxi; a cab (abbr. for 的士[di1 shi4])	1
的	的	di2	really and truly	1
的	的	di4	(bound form) bull's-eye; target	1
的确	的確	di2 que4	really; indeed	4
的话	的話	de5 hua4	if (coming after a conditional clause)	2
皆	皆	jie1	all; each and every; in all cases	7-9
皇上	皇上	huang2 shang5	the emperor; Your majesty the emperor; His imperial majesty	7-9
皇后	皇后	huang2 hou4	empress; imperial consort	7-9
皇室	皇室	huang2 shi4	royal family; imperial household; member of the royal family	7-9
皇宫	皇宮	huang2 gong1	imperial palace	7-9
皇帝	皇帝	huang2 di4	emperor; CL:個|个[ge4]	6
皮	皮	Pi2	surname Pi	3
皮	皮	pi2	skin; peel; rind; outer layer; leather; hide; fur; cover; wrapping; outer covering; (of food) no longer crisp; soggy; (coll.) naughty; mischievous; pico- (10⁻¹²)	3
皮包	皮包	pi2 bao1	handbag; briefcase	3
皮带	皮帶	pi2 dai4	strap; leather belt; CL:條|条[tiao2],根[gen1]	7-9
皮球	皮球	pi2 qiu2	ball (made of rubber, leather etc)	6
皮肤	皮膚	pi2 fu1	skin; CL:層|层[ceng2],塊|块[kuai4]	5
皮鞋	皮鞋	pi2 xie2	leather shoes	5
鼓	皷	gu3	old variant of 鼓[gu3]	5
皱	皺	zhou4	to wrinkle; wrinkled; to crease	7-9
杯	盃	bei1	variant of 杯[bei1]; trophy cup; classifier for certain containers of liquids: glass, cup	1
盆	盆	pen2	basin; flower pot; unit of volume equal to 12 斗[dou3] and 8 升[sheng1], approx 128 liters; CL:個|个[ge4]	5
盈利	盈利	ying2 li4	profit; gain; to make profits	7-9
益处	益處	yi4 chu5	benefit	7-9
碗	盌	wan3	variant of 碗[wan3]	2
盒	盒	he2	small box; case	5
盒子	盒子	he2 zi5	box; case; hezi – a savory turnover-like pie in northern Chinese and Mongolian cuisines	5
盒饭	盒飯	he2 fan4	meal in a partitioned box	5
盛	盛	Sheng4	surname Sheng	7-9
盛	盛	cheng2	to hold; to contain; to ladle; to pick up with a utensil	7-9
盛	盛	sheng4	flourishing; vigorous; magnificent; extensively	7-9
盛大	盛大	sheng4 da4	grand; majestic; magnificent	7-9
盛会	盛會	sheng4 hui4	pageant; distinguished meeting	7-9
盛气凌人	盛氣凌人	sheng4 qi4 ling2 ren2	overbearing; arrogant bully	7-9
盛行	盛行	sheng4 xing2	to be in vogue; to be popular; to be prevalent	6
盛开	盛開	sheng4 kai1	blooming; in full flower	7-9
盗	盜	dao4	to steal; to rob; to plunder; thief; bandit; robber	7-9
盗版	盜版	dao4 ban3	pirated; illegal; see also 正版[zheng4 ban3]	6
盗窃	盜竊	dao4 qie4	to steal	7-9
盏	盞	zhan3	a small cup; classifier for lamps	7-9
盟友	盟友	meng2 you3	ally	7-9
尽	盡	jin4	to use up; to exhaust; to end; to finish; to the utmost; exhausted; finished; to the limit (of sth); all; entirely	7-9
尽力	盡力	jin4 li4	to strive one's hardest; to spare no effort	4
尽可能	盡可能	jin4 ke3 neng2	see 儘可能|尽可能[jin3 ke3 neng2]	5
尽快	盡快	jin4 kuai4	see 儘快|尽快[jin3 kuai4]	4
尽情	盡情	jin4 qing2	as much as one likes	7-9
尽量	盡量	jin4 liang4	as much as possible; to the greatest extent	3
尽头	盡頭	jin4 tou2	end; extremity; limit	7-9
监察	監察	jian1 cha2	to supervise; to control	7-9
监控	監控	jian1 kong4	to monitor	7-9
监测	監測	jian1 ce4	to monitor	6
监狱	監獄	jian1 yu4	prison	7-9
监督	監督	jian1 du1	to supervise; to oversee; to inspect	6
监管	監管	jian1 guan3	to oversee; to take charge of; to supervise; to administer; supervisory; supervision	7-9
监视	監視	jian1 shi4	to monitor; to keep a close watch over; surveillance	7-9
监护	監護	jian1 hu4	to act as a guardian	7-9
盘子	盤子	pan2 zi5	tray; plate; dish; CL:個|个[ge4]	4
盘算	盤算	pan2 suan4	to plot; to scheme; to calculate	7-9
荡漾	盪漾	dang4 yang4	to ripple; to undulate; also written 蕩漾|荡漾[dang4 yang4]	7-9
目不转睛	目不轉睛	mu4 bu4 zhuan3 jing1	unable to take one's eyes off (idiom); to gaze steadily; to stare	7-9
目中无人	目中無人	mu4 zhong1 wu2 ren2	to consider everyone else beneath one (idiom); so arrogant that no-one else matters; condescending; to go about with one's nose in the air	7-9
目光	目光	mu4 guang1	gaze; (fig.) attention; expression in one's eyes; look; (lit. and fig.) sight; vision	5
目前	目前	mu4 qian2	at the present time; currently	3
目标	目標	mu4 biao1	target; goal; objective; CL:個|个[ge4]	3
目的	目的	mu4 di4	purpose; aim; goal; target; objective	2
目的地	目的地	mu4 di4 di4	destination (location)	7-9
目睹	目睹	mu4 du3	to witness; to see at first hand; to see with one's own eyes	7-9
目瞪口呆	目瞪口呆	mu4 deng4 kou3 dai1	(idiom) dumbstruck; stupefied; stunned	7-9
目录	目錄	mu4 lu4	catalog; table of contents; directory (on computer hard drive); list; contents	7-9
盯	盯	ding1	to watch attentively; to fix one's attention on; to stare at; to gaze at	7-9
盲人	盲人	mang2 ren2	blind person	6
盲目	盲目	mang2 mu4	(fig.) (of one's actions) blind; unthinking	7-9
直	直	Zhi2	surname Zhi; Zhi (c. 2000 BC), fifth of the legendary Flame Emperors 炎帝[Yan2 di4] descended from Shennong 神農|神农[Shen2 nong2] Farmer God	3
直	直	zhi2	straight; to straighten; fair and reasonable; frank; straightforward; (indicates continuing motion or action); vertical; vertical downward stroke in Chinese characters	3
直到	直到	zhi2 dao4	until	3
直升机	直升機	zhi2 sheng1 ji1	helicopter; CL:架[jia4]	6
直奔	直奔	zhi2 ben4	to go straight to; to make a beeline for	7-9
直径	直徑	zhi2 jing4	diameter	7-9
直接	直接	zhi2 jie1	direct (opposite: indirect 間接|间接[jian4 jie1]); immediate; straightforward	2
直播	直播	zhi2 bo1	(TV, radio) to broadcast live; live broadcast; (Internet) to livestream; (agriculture) direct seeding	3
直升机	直昇機	zhi2 sheng1 ji1	variant of 直升機|直升机[zhi2 sheng1 ji1]	6
直线	直線	zhi2 xian4	straight line; sharply (rise or fall)	5
直至	直至	zhi2 zhi4	lasting until; up till (the present)	7-9
直视	直視	zhi2 shi4	to look straight at	7-9
直觉	直覺	zhi2 jue2	intuition	7-9
直观	直觀	zhi2 guan1	direct observation; directly perceived through the senses; intuitive; audiovisual	7-9
直达	直達	zhi2 da2	to reach (a place) directly; (transportation) to reach the destination without changing service or without stopping; (of a train, flight etc) direct; nonstop	7-9
相互	相互	xiang1 hu4	each other; mutual	3
相伴	相伴	xiang1 ban4	to accompany sb; to accompany each other	7-9
相似	相似	xiang1 si4	similar; alike	3
相依为命	相依為命	xiang1 yi1 wei2 ming4	mutually dependent for life (idiom); to rely upon one another for survival; interdependent	7-9
相信	相信	xiang1 xin4	to believe; to be convinced; to accept as true	2
相传	相傳	xiang1 chuan2	to pass on; to hand down; tradition has it that ...; according to legend	7-9
相反	相反	xiang1 fan3	opposite; contrary	4
相同	相同	xiang1 tong2	identical; same	2
相对	相對	xiang1 dui4	relatively; opposite; to resist; to oppose; relative; vis-a-vis; counterpart	7-9
相对而言	相對而言	xiang1 dui4 er2 yan2	relatively speaking; comparatively speaking	7-9
相差	相差	xiang1 cha4	to differ	7-9
相应	相應	xiang1 ying4	to correspond; answering (one another); to agree (among the part); corresponding; relevant; appropriate; (modify) accordingly	5
相提并论	相提並論	xiang1 ti2 bing4 lun4	to discuss two disparate things together (idiom); to mention on equal terms; to place on a par with; (often with negatives: impossible to mention X in the same breath as Y)	7-9
相机	相機	xiang4 ji1	camera (abbr. for 照相機|照相机[zhao4 xiang4 ji1]); at the opportune moment; as the circumstances allow	2
相比	相比	xiang1 bi3	to compare	3
相比之下	相比之下	xiang1 bi3 zhi1 xia4	by comparison	7-9
相片	相片	xiang4 pian4	image; photograph; CL:張|张[zhang1]	4
相当	相當	xiang1 dang1	equivalent to; appropriate; considerably; to a certain extent; fairly; quite	3
相当于	相當於	xiang1 dang1 yu2	equivalent to	7-9
相等	相等	xiang1 deng3	equal; equally; equivalent	5
相约	相約	xiang1 yue1	to agree (on a meeting place, date etc); to reach agreement; to make an appointment	7-9
相继	相繼	xiang1 ji4	in succession; following closely	7-9
相声	相聲	xiang4 sheng5	comic dialogue; sketch; crosstalk	5
相处	相處	xiang1 chu3	to be in contact (with sb); to associate; to interact; to get along (well, poorly)	4
相识	相識	xiang1 shi2	to get to know each other; acquaintance	7-9
相辅相成	相輔相成	xiang1 fu3 xiang1 cheng2	(idiom) to complement one another	7-9
相通	相通	xiang1 tong1	interlinked; connected; communicating; in communication; accommodating	7-9
相连	相連	xiang1 lian2	to link; to join; link; connection	7-9
相遇	相遇	xiang1 yu4	to meet; to encounter; to come across	7-9
相关	相關	xiang1 guan1	related; relevant; pertinent; to be interrelated; (statistics) correlation	3
盼	盼	pan4	to hope for; to long for; to expect	7-9
盼望	盼望	pan4 wang4	to hope for; to look forward to	6
省事	省事	sheng3 shi4	to simplify matters; to save trouble	7-9
省事	省事	xing3 shi4	perceptive; understanding; (archaic) to handle administrative work	7-9
省略	省略	sheng3 lu:e4	to leave out; an omission	7-9
省钱	省錢	sheng3 qian2	to save money	6
眉毛	眉毛	mei2 mao5	eyebrow; CL:根[gen1]	7-9
眉开眼笑	眉開眼笑	mei2 kai1 yan3 xiao4	brows raised in delight, eyes laughing (idiom); beaming with joy; all smiles	7-9
看	看	kan1	to look after; to take care of; to watch; to guard	6
看	看	kan4	to see; to look at; to read; to watch; to visit; to call on; to consider; to regard as; to look after; to treat (a patient or illness); to depend on; to feel (that); (after a verb) to give it a try; to watch out for	6
看上去	看上去	kan4 shang5 qu5	it would appear; it seems (that)	3
看不起	看不起	kan4 bu5 qi3	to look down upon; to despise	4
看中	看中	kan4 zhong4	to have a preference for; to fancy; to choose after consideration; to settle on	7-9
看似	看似	kan4 si4	to look as if; to seem	7-9
看作	看作	kan4 zuo4	to look upon as; to regard as	6
看来	看來	kan4 lai5	apparently; it seems that	4
看出	看出	kan4 chu1	to make out; to see	5
看到	看到	kan4 dao4	to see	1
看台	看台	kan4 tai2	terrace; spectator's grandstand; viewing platform	7-9
看好	看好	kan1 hao3	to keep an eye on	6
看好	看好	kan4 hao3	to regard as having good prospects	6
看待	看待	kan4 dai4	to look upon; to regard	5
看得出	看得出	kan4 de5 chu1	can see; can tell	7-9
看得见	看得見	kan4 de5 jian4	to be able to see; can see	6
看得起	看得起	kan4 de5 qi3	to show respect for; to think highly of	6
看成	看成	kan4 cheng2	to regard as	5
看望	看望	kan4 wang4	to pay a visit to; to see (sb)	4
看样子	看樣子	kan4 yang4 zi5	it seems; it looks as if	7-9
看法	看法	kan4 fa3	way of looking at a thing; view; opinion; CL:個|个[ge4]	2
看热闹	看熱鬧	kan4 re4 nao5	to enjoy watching a bustling scene; to go where the crowds are	7-9
看病	看病	kan4 bing4	to visit a doctor; to see a patient	1
看管	看管	kan1 guan3	to look after	6
看见	看見	kan4 jian4	to see; to catch sight of	1
看护	看護	kan1 hu4	to nurse; to look after; to watch over; (old) hospital nurse	7-9
看起来	看起來	kan4 qi3 lai5	seemingly; apparently; looks as if; appears to be; gives the impression that; seems on the face of it to be	3
看重	看重	kan4 zhong4	to regard as important; to value	7-9
真	真	zhen1	really; truly; indeed; real; true; genuine	1
真假	真假	zhen1 jia3	genuine or fake; true or false	7-9
真实	真實	zhen1 shi2	true; real	3
真心	真心	zhen1 xin1	wholeheartedness; sincerity	7-9
真情	真情	zhen1 qing2	real situation; the truth; true emotions; true feelings	7-9
真挚	真摯	zhen1 zhi4	sincere; sincerity	7-9
真是的	真是的	zhen1 shi5 de5	Really! (interj. of annoyance or frustration)	7-9
真正	真正	zhen1 zheng4	genuine; real; true; really; indeed	2
真理	真理	zhen1 li3	truth; CL:個|个[ge4]	5
真的	真的	zhen1 de5	really; truly; indeed; real; true; genuine; (math.) proper	1
真相	真相	zhen1 xiang4	the truth about sth; the actual facts	5
真空	真空	zhen1 kong1	(physics) vacuum; (fig.) vacuum; (slang) to not wear underwear	7-9
真诚	真誠	zhen1 cheng2	sincere; genuine; true	5
眨眼	眨眼	zha3 yan3	to blink; to wink; in the twinkling of an eye	7-9
眼	眼	yan3	eye (CL:隻|只[zhi1],雙|双[shuang1]); (often used with 一[yi1]) a look; a glance; small hole; (bound form) salient point; classifier for wells, cave-dwellings etc	2
眼下	眼下	yan3 xia4	now; at present; (anatomy) subocular	7-9
眼光	眼光	yan3 guang1	gaze; insight; foresight; vision; way of looking at things	5
眼前	眼前	yan3 qian2	before one's eyes; now; at present	3
眼泪	眼淚	yan3 lei4	tear; teardrop; CL:滴[di1]	4
眼界	眼界	yan3 jie4	(lit. and fig.) field of vision; scope; horizon	7-9
眼看	眼看	yan3 kan4	soon; in a moment; to look on as sth happens	6
眼睛	眼睛	yan3 jing5	eye; CL:隻|只[zhi1],雙|双[shuang1]	2
眼神	眼神	yan3 shen2	expression or emotion showing in one's eyes; meaningful glance; wink; eyesight (dialect)	7-9
眼红	眼紅	yan3 hong2	to covet; envious; jealous; green with envy; infuriated; furious	7-9
眼色	眼色	yan3 se4	signal made with one's eyes; meaningful glance	7-9
眼镜	眼鏡	yan3 jing4	spectacles; eyeglasses; CL:副[fu4]	4
众人	眾人	zhong4 ren2	everyone	7-9
众多	眾多	zhong4 duo1	numerous	5
众志成城	眾志成城	zhong4 zhi4 cheng2 cheng2	unity of will is an impregnable stronghold (idiom)	7-9
众所周知	眾所周知	zhong4 suo3 zhou1 zhi1	(idiom) as everyone knows	7-9
众所周知	眾所週知	zhong4 suo3 zhou1 zhi1	variant of 眾所周知|众所周知[zhong4 suo3 zhou1 zhi1]	7-9
着	着	zhao1	variant of 著|着[zhao1]	4
着	着	zhao2	variant of 著|着[zhao2]	4
着	着	zhe5	variant of 著|着[zhe5]	4
着	着	zhuo2	variant of 著|着[zhuo2]	4
困	睏	kun4	sleepy; tired	3
睁	睜	zheng1	to open (one's eyes)	7-9
睡	睡	shui4	to sleep; to lie down	1
睡眠	睡眠	shui4 mian2	sleep; to sleep; (computing) to enter sleep mode	5
睡着	睡著	shui4 zhao2	to fall asleep	4
睡袋	睡袋	shui4 dai4	sleeping bag	7-9
睡觉	睡覺	shui4 jiao4	to go to bed; to sleep	1
督促	督促	du1 cu4	to supervise and urge completion of a task; to urge on	7-9
瞄准	瞄準	miao2 zhun3	to take aim at; to target	7-9
瞅	瞅	chou3	(dialect) to look at	7-9
瞎	瞎	xia1	blind; groundlessly; foolishly; to no purpose	7-9
瞒	瞞	man2	to conceal from; to keep (sb) in the dark	7-9
瞧	瞧	qiao2	to look at; to see; to see (a doctor); to visit	5
瞧不起	瞧不起	qiao2 bu4 qi3	to look down upon; to hold in contempt	7-9
瞪	瞪	deng4	to open (one's eyes) wide; to stare at; to glare at	7-9
瞬间	瞬間	shun4 jian1	in an instant; in a flash	7-9
了	瞭	liao3	(of eyes) bright; clear-sighted; to understand clearly	3
了	瞭	liao4	unofficial variant of 瞭[liao4]	3
了解	瞭解	liao3 jie3	to understand; to realize; to find out	4
瞻仰	瞻仰	zhan1 yang3	to revere; to admire	7-9
瞅	矁	chou3	old variant of 瞅[chou3]	7-9
蒙	矇	meng1	to deceive; to cheat; to hoodwink; to make a wild guess	6
蒙	矇	meng2	blind; dim-sighted	6
瞩目	矚目	zhu3 mu4	to focus attention upon	7-9
矛盾	矛盾	mao2 dun4	contradiction; CL:個|个[ge4]; conflicting views; contradictory	5
矛头	矛頭	mao2 tou2	spearhead; barb; an attack or criticism	7-9
矣	矣	yi3	classical final particle, similar to modern 了[le5]	7-9
知名	知名	zhi1 ming2	well-known; famous	6
知己	知己	zhi1 ji3	to know oneself; to be intimate or close; intimate friend	7-9
知觉	知覺	zhi1 jue2	perception; consciousness	7-9
知识	知識	zhi1 shi5	knowledge; CL:門|门[men2]; intellectual	1
知识分子	知識份子	zhi1 shi5 fen4 zi3	variant of 知識分子|知识分子[zhi1 shi5 fen4 zi3]	7-9
知识分子	知識分子	zhi1 shi5 fen4 zi3	intellectual; intelligentsia	7-9
知足	知足	zhi1 zu2	content with one's situation; to know contentment (hence happiness)	7-9
知道	知道	zhi1 dao4	to know; to become aware of; also pr. [zhi1dao5]	1
短	短	duan3	short; brief; to lack; weak point; fault	2
短信	短信	duan3 xin4	text message; SMS	2
短暂	短暫	duan3 zan4	of short duration; brief; momentary	7-9
短期	短期	duan3 qi1	short-term	3
短片	短片	duan3 pian4	short film; video clip	6
短缺	短缺	duan3 que1	shortage	7-9
短处	短處	duan3 chu4	shortcoming; defect; fault; one's weak points	3
短裤	短褲	duan3 ku4	short pants; shorts	3
矮	矮	ai3	(of a person) short; (of a wall etc) low; (of rank) inferior (to); lower (than)	4
矮小	矮小	ai3 xiao3	short and small; low and small; undersized	4
矫正	矯正	jiao3 zheng4	to correct; to rectify (e.g. a physical defect such as hearing or vision); to cure; rectification; correction; to straighten	7-9
石油	石油	shi2 you2	oil; petroleum	3
石头	石頭	shi2 tou5	stone; CL:塊|块[kuai4]	3
砂糖	砂糖	sha1 tang2	granulated sugar	7-9
砍	砍	kan3	to chop; to cut down; to throw sth at sb	7-9
研发	研發	yan2 fa1	research and development; to develop	6
研究	研究	yan2 jiu1	research; a study; CL:項|项[xiang4]; to research; to look into	4
研究所	研究所	yan2 jiu1 suo3	research institute; graduate studies; graduate school; CL:個|个[ge4]	5
研究生	研究生	yan2 jiu1 sheng1	graduate student; postgraduate student; research student	4
研制	研製	yan2 zhi4	to research and manufacture; to research and to develop	4
研讨	研討	yan2 tao3	discussion	7-9
炮	砲	pao4	variant of 炮[pao4]	6
破	破	po4	broken; damaged; worn out; lousy; rotten; to break, split or cleave; to get rid of; to destroy; to break with; to defeat; to capture (a city etc); to expose the truth of	3
破坏	破壞	po4 huai4	destruction; damage; to wreck; to break; to destroy	3
破案	破案	po4 an4	to solve a criminal case	7-9
破灭	破滅	po4 mie4	to be shattered; to be annihilated (of hope, illusions etc)	7-9
破产	破產	po4 chan3	to go bankrupt; to become impoverished; bankruptcy	4
破碎	破碎	po4 sui4	to smash to pieces; to shatter	7-9
破旧	破舊	po4 jiu4	shabby	7-9
破裂	破裂	po4 lie4	to burst; to rupture; (of a relationship etc) to break down	7-9
破解	破解	po4 jie3	to break (a bond, constraint etc); to explain; to unravel; to decipher; to decode; to crack (software)	7-9
破除	破除	po4 chu2	to eliminate; to do away with; to get rid of	7-9
砸	砸	za2	to smash; to pound; to fail; to muck up; to bungle	7-9
硬	硬	ying4	hard; stiff; solid; (fig.) strong; firm; resolutely; uncompromisingly; laboriously; with great difficulty; good (quality); able (person); (of food) filling; substantial	5
硬件	硬件	ying4 jian4	hardware	5
硬币	硬幣	ying4 bi4	coin; CL:枚[mei2]	7-9
硬朗	硬朗	ying4 lang3	robust; healthy	7-9
硬盘	硬盤	ying4 pan2	hard disk	7-9
棋	碁	qi2	variant of 棋[qi2]	7-9
碎	碎	sui4	(transitive or intransitive) to break into pieces; to shatter; to crumble; broken; fragmentary; scattered; garrulous	5
碑	碑	bei1	a monument; an upright stone tablet; stele; CL:塊|块[kuai4],面[mian4]	7-9
碗	碗	wan3	bowl; cup; CL:隻|只[zhi1],個|个[ge4]	2
碧绿	碧綠	bi4 lu:4	dark green	7-9
硕士	碩士	shuo4 shi4	master's degree; person who has a master's degree; learned person	5
硕果	碩果	shuo4 guo3	major achievement; great work; triumphant success	7-9
碰	碰	peng4	to touch; to meet with; to bump	2
碰上	碰上	peng4 shang4	to run into; to come upon; to meet	7-9
碰到	碰到	peng4 dao4	to come across; to run into; to meet; to hit	2
碰巧	碰巧	peng4 qiao3	by chance; by coincidence; to happen to	7-9
碰撞	碰撞	peng4 zhuang4	to collide; collision	7-9
碰见	碰見	peng4 jian4	to run into; to meet (unexpectedly); to bump into	2
碰钉子	碰釘子	peng4 ding1 zi5	to meet with a rebuff	7-9
碳	碳	tan4	carbon (chemistry)	7-9
确保	確保	que4 bao3	to ensure; to guarantee	3
确信	確信	que4 xin4	to be convinced; to be sure; to firmly believe; to be positive that; definite news	7-9
确切	確切	que4 qie4	definite; exact; precise	7-9
确定	確定	que4 ding4	definite; certain; fixed; to fix (on sth); to determine; to be sure; to ensure; to make certain; to ascertain; to clinch; to recognize; to confirm; OK (on computer dialog box)	3
确实	確實	que4 shi2	indeed; really; reliable; real; true	3
确立	確立	que4 li4	to establish; to institute	5
确诊	確診	que4 zhen3	to make a definite diagnosis; confirmed (case of a specific disease)	7-9
确认	確認	que4 ren4	to confirm; to verify; confirmation	4
确凿	確鑿	que4 zao2	definite; conclusive; undeniable; authentic; also pr. [que4 zuo4]	7-9
码头	碼頭	ma3 tou5	wharf; dock; quay; pier	5
磁卡	磁卡	ci2 ka3	magnetic card; IC Card (telephone)	7-9
磁带	磁帶	ci2 dai4	magnetic tape; CL:盤|盘[pan2],盒[he2]	7-9
磁盘	磁盤	ci2 pan2	(computer) disk	7-9
磅	磅	bang4	scale (instrument for weighing); to weigh; (loanword) pound (unit of weight, about 454 grams); (printing) point (unit used to measure the size of type); (Tw) (printing) pound; ream weight (used to describe paper thickness)	7-9
磅	磅	pang2	used in 磅礡|磅礴[pang2 bo2]; Taiwan pr. [pang1]	7-9
磋商	磋商	cuo1 shang1	to consult; to discuss seriously; to negotiate; to confer; negotiations; consultations	7-9
磕	磕	ke1	to tap; to knock (against sth hard); (esp.) to knock (mud from boots, ash from a pipe etc); (fandom slang) to be into (a character relationship, dynamic, or trope)	7-9
磕	磕	ke4	variant of 嗑[ke4]	7-9
砖	磚	zhuan1	brick; tile (floor or wall, not roof); CL:塊|块[kuai4]	7-9
磨	磨	mo2	to rub; to grind; to polish; to sharpen; to wear down; to die out; to waste time; to pester; to insist	6
磨	磨	mo4	grindstone; to grind; to turn round	6
磨合	磨合	mo2 he2	to break in; to wear in	7-9
磨损	磨損	mo2 sun3	to suffer wear and tear; to deteriorate through use; to wear out	7-9
磨难	磨難	mo2 nan4	a torment; a trial; tribulation; a cross (to bear); well-tried	7-9
礁石	礁石	jiao1 shi2	reef	7-9
碍事	礙事	ai4 shi4	to be in the way; to be a hindrance; (usu. in the negative) to be of consequence; to matter	7-9
矿	礦	kuang4	mineral deposit; ore deposit; ore; a mine	6
矿泉水	礦泉水	kuang4 quan2 shui3	mineral water; CL:瓶[ping2],杯[bei1]	4
矿藏	礦藏	kuang4 cang2	mineral resources	7-9
示威	示威	shi4 wei1	to demonstrate (as a protest); a demonstration; a military show of force	7-9
示意	示意	shi4 yi4	to hint; to indicate (an idea to sb)	7-9
示范	示範	shi4 fan4	to demonstrate; to show how to do sth; demonstration; a model example	5
社	社	she4	(bound form) society; organization; agency; (old) god of the land	5
社交	社交	she4 jiao1	interaction; social contact	7-9
社区	社區	she4 qu1	community; neighborhood	5
社团	社團	she4 tuan2	association; society; group; union; club; organization	7-9
社会	社會	she4 hui4	society	3
社会主义	社會主義	she4 hui4 zhu3 yi4	socialism	7-9
社论	社論	she4 lun4	editorial (in a newspaper); CL:篇[pian1]	7-9
只	祇	zhi3	variant of 只[zhi3]	3
祈祷	祈禱	qi2 dao3	to pray; to say a prayer	7-9
秘方	祕方	mi4 fang1	secret recipe	7-9
秘诀	祕訣	mi4 jue2	variant of 秘訣|秘诀[mi4 jue2]	7-9
祖传	祖傳	zu3 chuan2	passed on from ancestors; handed down from generation to generation	7-9
祖先	祖先	zu3 xian1	ancestors; forebears; (biology) ancestral species; ancient species from which present-day species evolved	7-9
祖国	祖國	zu3 guo2	motherland	6
祖宗	祖宗	zu3 zong1	ancestor; forebear	7-9
祖母	祖母	zu3 mu3	father's mother; paternal grandmother	6
祖父	祖父	zu3 fu4	father's father; paternal grandfather	6
祖籍	祖籍	zu3 ji2	ancestral hometown; original domicile (and civil registration)	7-9
祝	祝	Zhu4	surname Zhu	3
祝	祝	zhu4	to pray for; to wish (sb bon voyage, happy birthday etc); person who invokes the spirits during sacrificial ceremonies	3
祝福	祝福	zhu4 fu2	blessings; to wish sb well	4
祝贺	祝賀	zhu4 he4	to congratulate; congratulations; CL:個|个[ge4]	5
祝愿	祝願	zhu4 yuan4	to wish	6
神	神	Shen2	God	5
神	神	shen2	god; deity; supernatural; magical; mysterious; spirit; mind; energy; lively; expressive; look; expression; (coll.) awesome; amazing	5
神仙	神仙	shen2 xian1	Daoist immortal; supernatural entity; (in modern fiction) fairy, elf, leprechaun etc; fig. lighthearted person	7-9
神奇	神奇	shen2 qi2	magical; mystical; miraculous	5
神情	神情	shen2 qing2	look; expression	5
神态	神態	shen2 tai4	appearance; manner; bearing; deportment; look; expression; mien	7-9
神气	神氣	shen2 qi4	expression; manner; vigorous; impressive; lofty; pretentious	7-9
神秘	神秘	shen2 mi4	mysterious; mystery	4
神经	神經	shen2 jing1	nerve; mental state; (coll.) unhinged; nutjob	5
神圣	神聖	shen2 sheng4	divine; hallow; holy; sacred	7-9
神话	神話	shen2 hua4	legend; fairy tale; myth; mythology	4
祥和	祥和	xiang2 he2	auspicious and peaceful	7-9
票	票	piao4	ticket; ballot; banknote; CL:張|张[zhang1]; person held for ransom; amateur performance of Chinese opera; classifier for groups, batches, business transactions	1
票价	票價	piao4 jia4	ticket price; fare; admission fee	3
票房	票房	piao4 fang2	box office	7-9
祭	祭	Zhai4	surname Zhai	7-9
祭	祭	ji4	to offer a sacrifice to (gods or ancestors); (in classical novels) to recite an incantation to activate a magic weapon; to wield (sth magic); (bound form) ceremony; (Tw) (bound form) (celebratory) festival	7-9
祭奠	祭奠	ji4 dian4	to offer sacrifices (to one's ancestors); to hold or attend a memorial service	7-9
祭祀	祭祀	ji4 si4	to offer sacrifices to the gods or ancestors	7-9
禁不住	禁不住	jin1 bu5 zhu4	can't help it; can't bear it	7-9
禁区	禁區	jin4 qu1	restricted area; forbidden zone; off-limits area	7-9
禁忌	禁忌	jin4 ji4	taboo; contraindication (medicine); to abstain from	7-9
禁止	禁止	jin4 zhi3	to prohibit; to forbid; to ban	4
祸害	禍害	huo4 hai4	disaster; harm; scourge; bad person; to damage; to harm; to wreck	7-9
福	福	Fu2	surname Fu; abbr. for Fujian province 福建省[Fu2 jian4 Sheng3]	3
福	福	fu2	good fortune; happiness; luck	3
福利	福利	fu2 li4	material benefit; benefit in kind; (social) welfare	5
福气	福氣	fu2 qi5	good fortune; a blessing	7-9
禅杖	禪杖	chan2 zhang4	the staff of a Buddhist monk	7-9
礼	禮	Li3	surname Li; abbr. for 禮記|礼记[Li3 ji4], Classic of Rites	5
礼	禮	li3	gift; rite; ceremony; CL:份[fen4]; propriety; etiquette; courtesy	5
礼仪	禮儀	li3 yi2	etiquette; ceremony	7-9
礼品	禮品	li3 pin3	gift; present	7-9
礼堂	禮堂	li3 tang2	assembly hall; auditorium; CL:座[zuo4]	6
礼拜	禮拜	li3 bai4	to attend a religious service; (coll.) week; (coll.) Sunday	5
礼服	禮服	li3 fu2	ceremonial robe; formal attire (dinner suit, evening gown etc)	7-9
礼物	禮物	li3 wu4	gift; present; CL:件[jian4],份[fen4]	2
礼貌	禮貌	li3 mao4	courtesy; politeness; manners; courteous; polite	5
离	离	chi1	mythical beast (archaic)	2
禾苗	禾苗	he2 miao2	seedling (of rice or other grain); CL:棵[ke1]	7-9
秃	禿	tu1	bald (lacking hair or feathers); barren; bare; denuded; blunt (lacking a point); (of a piece of writing) unsatisfactory; lacking something	7-9
秀美	秀美	xiu4 mei3	elegant; graceful	7-9
秀丽	秀麗	xiu4 li4	pretty; beautiful	7-9
私下	私下	si1 xia4	in private	7-9
私事	私事	si1 shi4	personal matters	7-9
私人	私人	si1 ren2	private; personal; interpersonal; sb with whom one has a close personal relationship; a member of one's clique	5
私家车	私家車	si1 jia1 che1	private car	7-9
私房钱	私房錢	si1 fang2 qian2	secret purse; secret stash of money	7-9
私有	私有	si1 you3	private; privately-owned	7-9
私营	私營	si1 ying2	privately-owned; private	7-9
私立	私立	si1 li4	privately-run; private (school, hospital etc); to set up illegally	7-9
私自	私自	si1 zi4	private; personal; secretly; without explicit approval	7-9
秉承	秉承	bing3 cheng2	to take orders; to receive commands; to carry on (a tradition)	7-9
年	秊	nian2	grain; harvest (old); variant of 年[nian2]	1
秋天	秋天	qiu1 tian1	autumn; CL:個|个[ge4]	2
秋季	秋季	qiu1 ji4	autumn; fall	4
科	科	ke1	branch of study; administrative section; division; field; branch; stage directions; family (taxonomy); rules; laws; to mete out (punishment); to levy (taxes etc); to fine sb; CL:個|个[ge4]	2
科学	科學	ke1 xue2	science; scientific knowledge; scientific; rational; CL:門|门[men2],個|个[ge4],種|种[zhong3]	2
科幻	科幻	ke1 huan4	science fiction; abbr. for 科學幻想|科学幻想[ke1 xue2 huan4 xiang3]	7-9
科技	科技	ke1 ji4	science and technology	3
科普	科普	ke1 pu3	popularization of science (abbr. for 科學普及|科学普及[ke1 xue2 pu3 ji2]); (attributive) popular science; (coll.) to explain in layperson's terms	7-9
科目	科目	ke1 mu4	academic subject; field of study	7-9
科研	科研	ke1 yan2	(scientific) research	6
秒	秒	miao3	second (unit of time); arc second (angular measurement unit); (coll.) instantly	5
只	秖	zhi1	grain that has begun to ripen	3
秘密	秘密	mi4 mi4	secret; private; confidential; clandestine; a secret	4
秘书	秘書	mi4 shu1	secretary	4
秘诀	秘訣	mi4 jue2	secret know-how; key (to longevity); secret (of happiness); recipe (for success)	7-9
租	租	zu1	to hire; to rent; to charter; to rent out; to lease out; rent; land tax	2
租赁	租賃	zu1 lin4	to rent; to lease; to hire	7-9
租金	租金	zu1 jin1	rent	6
秤	秤	cheng1	to weigh (variant of 稱|称[cheng1])	7-9
秤	秤	cheng4	steelyard balance; Roman balance; CL:臺|台[tai2]	7-9
秧歌	秧歌	yang1 ge5	Yangge, a popular rural folk dance	7-9
秩序	秩序	zhi4 xu4	order; orderliness (in society, in the classroom, on the roads etc)	7-9
移	移	yi2	to move; to shift; to change; to alter; to remove	4
移交	移交	yi2 jiao1	to transfer; to hand over	7-9
移动	移動	yi2 dong4	to move; movement; migration; mobile; portable	4
移植	移植	yi2 zhi2	to transplant	7-9
移民	移民	yi2 min2	to immigrate; to migrate; emigrant; immigrant	4
稀	稀	xi1	sparse; scattered; rare; uncommon; diluted; thin; watery; (bound form) sth liquid or of thin consistency (as in 綠豆稀|绿豆稀[lu : 4 dou4 xi1] "sweet mung bean soup"); (bound form) totally; extremely (used with negative attributes, as in 稀糟[xi1 zao1] "utterly ruined")	7-9
稀奇	稀奇	xi1 qi2	rare; strange	7-9
稀少	稀少	xi1 shao3	sparse; rare	7-9
稀罕	稀罕	xi1 han5	rare; uncommon; rare thing; rarity; to value as a rarity; to cherish; Taiwan pr. [xi1han3]	7-9
税	稅	shui4	taxes; duties	6
税务	稅務	shui4 wu4	taxation services; state revenue service	7-9
税收	稅收	shui4 shou1	taxation	7-9
程序	程序	cheng2 xu4	procedures; sequence; order; computer program	4
程度	程度	cheng2 du4	degree; level; extent	3
稍	稍	shao1	somewhat; a little	5
稍	稍	shao4	used in 稍息[shao4 xi1]	5
稍候	稍候	shao1 hou4	to wait a moment	7-9
稍后	稍後	shao1 hou4	in a little while; shortly after	7-9
稍微	稍微	shao1 wei1	a little bit	5
稍稍	稍稍	shao1 shao1	somewhat; a little; slightly	7-9
棱角	稜角	leng2 jiao3	edge and corner; protrusion; sharpness (of a protrusion); craggy; ridge corner	7-9
稠	稠	chou2	dense; crowded; thick; many	7-9
稠密	稠密	chou2 mi4	dense	7-9
种	種	zhong3	seed; species; kind; type; classifier for types, kinds, sorts	4
种	種	zhong4	to plant; to grow; to cultivate	4
种子	種子	zhong3 zi5	seed; CL:顆|颗[ke1],粒[li4]	3
种族	種族	zhong3 zu2	race; ethnic group	7-9
种植	種植	zhong4 zhi2	to plant; to grow (a crop); to cultivate	4
种种	種種	zhong3 zhong3	all kinds of	6
种类	種類	zhong3 lei4	kind; genus; type; category; variety; species; sort; class	4
称作	稱作	cheng1 zuo4	to be called; to be known as	7-9
称呼	稱呼	cheng1 hu5	to call; to address as; form of address; appellation	7-9
称为	稱為	cheng1 wei2	to be called; to be known as; to call it "..."	3
称号	稱號	cheng1 hao4	name; term of address; title	5
称赞	稱讚	cheng1 zan4	to praise; to commend; to compliment	4
稻草	稻草	dao4 cao3	rice straw	7-9
稿子	稿子	gao3 zi5	draft of a document; script; manuscript; mental plan; precedent	6
穆斯林	穆斯林	Mu4 si1 lin2	Muslim	7-9
积	積	ji1	to amass; to accumulate; to store up; (math.) product (the result of multiplication); (TCM) constipation; indigestion	7-9
积极	積極	ji1 ji2	active; energetic; vigorous; positive (outlook); proactive	3
积淀	積澱	ji1 dian4	deposits accumulated over long periods; fig. valuable experience, accumulated wisdom	7-9
积累	積累	ji1 lei3	to accumulate; accumulation; cumulative; cumulatively	4
积蓄	積蓄	ji1 xu4	to save; to put aside; savings	7-9
稳	穩	wen3	settled; steady; stable	4
稳健	穩健	wen3 jian4	firm; stable and steady	7-9
稳固	穩固	wen3 gu4	stable; steady; firm; to stabilize	7-9
稳妥	穩妥	wen3 tuo3	dependable	7-9
稳定	穩定	wen3 ding4	steady; stable; stability; to stabilize; to pacify	4
稳重	穩重	wen3 zhong4	steady; earnest; staid	7-9
获	穫	huo4	(bound form) to reap; to harvest	4
穴位	穴位	xue2 wei4	acupuncture point; location of a grave	7-9
究竟	究竟	jiu1 jing4	to go to the bottom of a matter; after all; when all is said and done; (in an interrogative sentence) finally; outcome; result	4
空	空	kong1	empty; air; sky; in vain	4
空	空	kong4	to empty; vacant; unoccupied; space; leisure; free time	4
空中	空中	kong1 zhong1	in the sky; in the air	5
空儿	空兒	kong4 r5	spare time; free time	3
空前	空前	kong1 qian2	unprecedented	7-9
空地	空地	kong1 di4	air-to-surface (missile)	7-9
空地	空地	kong4 di4	vacant land; open space	7-9
空想	空想	kong1 xiang3	daydream; fantasy; to fantasize	7-9
空气	空氣	kong1 qi4	air; atmosphere	2
空白	空白	kong4 bai2	blank space	7-9
空荡荡	空蕩蕩	kong1 dang4 dang4	empty; deserted	7-9
空虚	空虛	kong1 xu1	hollow; emptiness; meaningless	7-9
空调	空調	kong1 tiao2	air conditioning; air conditioner (including units that have a heating mode); CL:臺|台[tai2]	3
空军	空軍	kong1 jun1	air force; (slang) to fail to catch anything (on a fishing trip); to get skunked	6
空间	空間	kong1 jian1	space; room; (fig.) scope; leeway; (astronomy) outer space; (physics, math.) space	4
空隙	空隙	kong4 xi4	crack; gap between two objects; gap in time between two events	7-9
空难	空難	kong1 nan4	air crash; aviation accident or incident	7-9
穿	穿	chuan1	to wear; to put on; to dress; to bore through; to pierce; to perforate; to penetrate; to pass through; to thread	1
穿上	穿上	chuan1 shang5	to put on (clothes etc)	4
穿小鞋	穿小鞋	chuan1 xiao3 xie2	to have one's life made difficult by sb (usu. by sb in a position of authority) (lit. to be made to wear tight shoes)	7-9
穿着	穿著	chuan1 zhuo2	attire; clothes; dress	7-9
穿越	穿越	chuan1 yue4	to pass through; to traverse; to cross	7-9
穿过	穿過	chuan1 guo4	to pass through	7-9
突出	突出	tu1 chu1	prominent; outstanding; to give prominence to; to protrude; to project	3
突如其来	突如其來	tu1 ru2 qi2 lai2	to arise abruptly; to arrive suddenly; happening suddenly	7-9
突击	突擊	tu1 ji1	sudden and violent attack; assault; fig. rushed job; concentrated effort to finish a job quickly	7-9
突然	突然	tu1 ran2	sudden; abrupt; unexpected	3
突发	突發	tu1 fa1	to occur suddenly	7-9
突破	突破	tu1 po4	to break through; to make a breakthrough; to surmount (an obstacle); (sports) to break through the opponent's defense	5
突破口	突破口	tu1 po4 kou3	breach; gap; breakthrough point	7-9
窄	窄	zhai3	narrow; narrow-minded; badly off	7-9
窒息	窒息	zhi4 xi1	to choke; to stifle; to suffocate	7-9
窗口	窗口	chuang1 kou3	window; opening providing restricted access (e.g. customer service window); computer operating system window; fig. medium; intermediary; showpiece; testing ground	6
窗子	窗子	chuang1 zi5	window	4
窗户	窗戶	chuang1 hu5	window; CL:個|个[ge4],扇[shan4]	4
窗帘	窗簾	chuang1 lian2	window curtains	5
窗台	窗臺	chuang1 tai2	windowsill; window ledge	4
窘迫	窘迫	jiong3 po4	poverty-stricken; very poor; hard-pressed; in a predicament; embarrassed	7-9
窟窿	窟窿	ku1 long5	hole; pocket; cavity; loophole; debt	7-9
窝	窩	wo1	nest; pit or hollow on the human body; lair; den; place; to harbor or shelter; to hold in check; to bend; classifier for litters and broods	7-9
穷	窮	qiong2	poor; destitute; to use up; to exhaust; thoroughly; extremely; (coll.) persistently and pointlessly	4
穷人	窮人	qiong2 ren2	poor people; the poor	4
窑	窯	yao2	kiln; oven; coal pit; cave dwelling; (coll.) brothel	7-9
窑	窰	yao2	variant of 窯|窑[yao2]	7-9
窜	竄	cuan4	to flee; to scuttle; to exile or banish; to amend or edit	7-9
窍门	竅門	qiao4 men2	a trick; an ingenious method; know-how; the knack (of doing sth)	7-9
窃取	竊取	qie4 qu3	to steal (usu. private information, intellectual property etc)	7-9
立	立	Li4	surname Li	5
立	立	li4	to stand; to set up; to establish; to lay down; to draw up; at once; immediately	5
立交桥	立交橋	li4 jiao1 qiao2	overpass; flyover	7-9
立刻	立刻	li4 ke4	immediately; at once; right away	3
立功	立功	li4 gong1	to render meritorious service (one the three imperishables 三不朽[san1 bu4 xiu3]); to make worthy contributions; to distinguish oneself	7-9
立即	立即	li4 ji2	immediately	4
立场	立場	li4 chang3	position; standpoint; CL:個|个[ge4]	5
立方	立方	li4 fang1	cube (math.); abbr. for 立方體|立方体[li4 fang1 ti3]; abbr. for 立方米[li4 fang1 mi3]	7-9
立方米	立方米	li4 fang1 mi3	cubic meter (m³)	7-9
立足	立足	li4 zu2	to stand; to have a footing; to be established; to base oneself on	7-9
立体	立體	li4 ti3	three-dimensional; solid; stereoscopic	7-9
站住	站住	zhan4 zhu4	to come to a stop; to halt; to keep one's footing; to stay upright; (fig.) to hold one's ground; to gain a firm foothold; (of an assertion etc) to hold up; to be tenable	2
站立	站立	zhan4 li4	to stand; standing; on one's feet	7-9
站台	站臺	zhan4 tai2	platform (at a railway station); (Tw) (of an influential person) to publicly endorse or campaign for (a candidate); (Tw) (dated) website	6
竟	竟	jing4	unexpectedly; actually; to go so far as to; indeed	7-9
竟敢	竟敢	jing4 gan3	to have the impertinence; to have the cheek to	7-9
竟然	竟然	jing4 ran2	unexpectedly; to one's surprise; in spite of everything; in that crazy way; actually; to go as far as to	4
章	章	Zhang1	surname Zhang	6
章	章	zhang1	chapter; section; clause; movement (of symphony); seal; badge; regulation; order	6
竣工	竣工	jun4 gong1	to complete a project	7-9
童年	童年	tong2 nian2	childhood	4
童话	童話	tong2 hua4	children's fairy tales	4
竖	竪	shu4	variant of 豎|竖[shu4]	7-9
竭力	竭力	jie2 li4	to do one's utmost	7-9
竭尽全力	竭盡全力	jie2 jin4 quan2 li4	(idiom) to spare no effort; to do one's utmost	7-9
端	端	duan1	(bound form) tip; end; extremity; (bound form) aspect; facet; (bound form) upright; proper; to hold sth level with both hands; to carry; to eliminate; to wipe out	6
端午节	端午節	Duan1 wu3 jie2	Dragon Boat Festival (5th day of the 5th lunar month)	6
端正	端正	duan1 zheng4	upright; regular; proper; correct	7-9
竞技	競技	jing4 ji4	competition of skill (e.g. sports); athletics tournament	7-9
竞争	競爭	jing4 zheng1	to compete; competition	5
竞相	競相	jing4 xiang1	competitive; eagerly; to vie	7-9
竞赛	競賽	jing4 sai4	to compete; to race; contest; competition; match; race	5
竞选	競選	jing4 xuan3	to take part in an election; to run for office	7-9
竹子	竹子	zhu2 zi5	bamboo; CL:棵[ke1],根[gen1]	5
竹竿	竹竿	zhu2 gan1	bamboo pole	7-9
笑	笑	xiao4	to laugh; to smile; to laugh at	1
笑容	笑容	xiao4 rong2	smile; smiling expression; CL:副[fu4]	6
笑声	笑聲	xiao4 sheng1	laughter	6
笑脸	笑臉	xiao4 lian3	smiling face; smiley :) ☺; CL:副[fu4]	6
笑话	笑話	xiao4 hua5	joke; jest; to laugh at; to mock; ridiculous; absurd	2
笑话儿	笑話兒	xiao4 hua5 r5	erhua form of 笑話|笑话[xiao4 hua5]	2
笛子	笛子	di2 zi5	bamboo flute; CL:管[guan3]	7-9
符合	符合	fu2 he2	in accordance with; to agree with; to conform to; to meet (a requirement); (physics) coincidence	4
符号	符號	fu2 hao4	symbol; mark; sign	4
笨	笨	ben4	stupid; foolish; silly; slow-witted; clumsy	4
笨蛋	笨蛋	ben4 dan4	(mild insult) fool; idiot; (playful) silly person	7-9
笨重	笨重	ben4 zhong4	heavy; cumbersome; unwieldy; laborious; arduous	7-9
第一手	第一手	di4 yi1 shou3	first-hand	7-9
第一线	第一線	di4 yi1 xian4	front line; forefront	7-9
笔	筆	bi3	writing brush; writing implement (pen, pencil etc) (CL:支[zhi1],枝[zhi1]); brushstroke; stroke (in painting or calligraphy); (bound form) style of writing; literary manner; technique of brushwork; (classifier) stroke of a Chinese character; (classifier) sum of money; financial transaction; piece of business; (literary) to write (with a brush or pen)	2
笔记	筆記	bi3 ji4	to take down (in writing); notes; a type of literature consisting mainly of short sketches; CL:本[ben3]	2
笔记本	筆記本	bi3 ji4 ben3	notebook (stationery) (CL:本[ben3]); (computing) laptop; notebook (abbr. for 筆記本電腦|笔记本电脑[bi3 ji4 ben3 dian4 nao3])	2
笔试	筆試	bi3 shi4	written examination; paper test (for an applicant)	6
等候	等候	deng3 hou4	to wait; to wait for	5
等到	等到	deng3 dao4	to wait until; by the time when (sth is ready etc)	2
等待	等待	deng3 dai4	to wait; to wait for	3
等于	等於	deng3 yu2	to equal; to be tantamount to	2
等级	等級	deng3 ji2	grade; rank; status	5
筋	筋	jin1	muscle; tendon; veins visible under the skin; sth resembling tendons or veins (e.g. fiber in a vegetable)	7-9
筐	筐	kuang1	basket; CL:隻|只[zhi1]	7-9
筑	筑	Zhu4	short name for Guiyang 貴陽|贵阳[Gui4 yang2]	7-9
筑	筑	zhu4	five-string lute; Taiwan pr. [zhu2]	7-9
筒	筒	tong3	tube; cylinder; to encase in sth cylindrical (such as hands in sleeves etc)	7-9
答	答	da1	bound form having the same meaning as the free word 答[da2], used in 答應|答应[da1 ying5], 答理[da1 li5] etc	5
答	答	da2	to answer; to reply; to respond	5
答复	答復	da2 fu4	variant of 答覆|答复[da2 fu4]	5
答应	答應	da1 ying5	to answer; to respond; to answer positively; to agree; to accept; to promise	2
答案	答案	da2 an4	answer; solution; CL:個|个[ge4]	4
答复	答覆	da2 fu4	to answer; to reply; Reply to: (in email header)	5
答辩	答辯	da2 bian4	to reply (to an accusation); to defend one's dissertation	7-9
策划	策劃	ce4 hua4	to plot; to scheme; to bring about; to engineer; planning; producer; planner	6
策略	策略	ce4 lu:e4	strategy; tactics; crafty; adroit	6
管	筦	guan3	variant of 管[guan3]	3
筒	筩	tong3	variant of 筒[tong3]	7-9
筷子	筷子	kuai4 zi5	chopsticks; CL:對|对[dui4],根[gen1],把[ba3],雙|双[shuang1]	2
个	箇	ge4	variant of 個|个[ge4]	1
算	算	suan4	to calculate; to figure out; to include; to count in; to count; to be valid; to carry weight; to regard as; to consider (to be ...)	2
算了	算了	suan4 le5	let it be; let it pass; forget about it	6
算是	算是	suan4 shi4	considered to be; at last	6
算盘	算盤	suan4 pan2	abacus; CL:把[ba3]; plan; scheme	7-9
算计	算計	suan4 ji5	to reckon; to calculate; to plan; to expect; to scheme	7-9
算账	算賬	suan4 zhang4	(accounting) to balance the books; to do the accounts; (fig.) to settle an account; to get one's revenge	7-9
管	管	Guan3	surname Guan	3
管	管	guan3	to take care (of); to control; to manage; to be in charge of; to look after; to run; to care about; tube; pipe; woodwind; classifier for tube-shaped objects; particle similar to 把[ba3] in 管...叫 constructions; writing brush; (coll.) to; towards	3
管子	管子	Guan3 zi3	Guanzi or Guan Zhong 管仲 (-645 BC), famous politician of Qi 齊國|齐国 of Spring and Autumn period; Guanzi, classical book containing writings of Guan Zhong and his school	7-9
管子	管子	guan3 zi5	tube; pipe; drinking straw; CL:根[gen1]	7-9
管家	管家	guan3 jia1	(old) butler; steward; manager; administrator; housekeeper; to manage a household	7-9
管教	管教	guan3 jiao4	to discipline; to teach; to guarantee	7-9
管理	管理	guan3 li3	to supervise; to manage; to administer; management; administration; CL:個|个[ge4]	3
管理费	管理費	guan3 li3 fei4	management fee	7-9
管用	管用	guan3 yong4	efficacious; useful	7-9
管辖	管轄	guan3 xia2	to administer; to have jurisdiction (over)	7-9
管道	管道	guan3 dao4	tubing; pipeline; (fig.) channel; means	6
箭	箭	jian4	arrow; CL:支[zhi1]	6
箱	箱	xiang1	box; trunk; chest	4
箱子	箱子	xiang1 zi5	suitcase; chest; box; case; trunk; CL:隻|只[zhi1],個|个[ge4]	4
节假日	節假日	jie2 jia4 ri4	public holiday	6
节俭	節儉	jie2 jian3	frugal; economical	7-9
节奏	節奏	jie2 zou4	rhythm; tempo; musical pulse; cadence; beat	6
节日	節日	jie2 ri4	holiday; festival; CL:個|个[ge4]	2
节气	節氣	jie2 qi5	solar term	7-9
节水	節水	jie2 shui3	to save water	7-9
节目	節目	jie2 mu4	(TV or radio) program; show; item; act; segment; number (on the program of a concert, variety show or cultural event); a planned activity (in one's schedule); CL:場|场[chang3],項|项[xiang4],臺|台[tai2],套[tao4],檔|档[dang4]	2
节省	節省	jie2 sheng3	saving; to save; to use sparingly; to cut down on	4
节约	節約	jie2 yue1	to economize; to conserve (resources); economy; frugal	3
节能	節能	jie2 neng2	to conserve energy; to minimize energy consumption	6
节衣缩食	節衣縮食	jie2 yi1 suo1 shi2	to save on food and clothing (idiom); to live frugally	7-9
范围	範圍	fan4 wei2	range; scope; limit; extent; CL:個|个[ge4]	3
范畴	範疇	fan4 chou2	category	7-9
篇	篇	pian1	sheet; piece of writing; bound set of bamboo slips used for record keeping (old); classifier for written items: chapter, article	2
篇幅	篇幅	pian1 fu5	length (of a piece of writing); space occupied on a printed page	7-9
筑	築	zhu4	to build; to construct; to ram; to hit; Taiwan pr. [zhu2]	7-9
筛	篩	shai1	(bound form) a sieve; to sieve; to sift; to filter; to eliminate through selection; to warm a pot of rice wine (over a fire or in hot water); to pour (wine or tea); (dialect) to strike (a gong)	7-9
筛选	篩選	shai1 xuan3	to filter	7-9
簇拥	簇擁	cu4 yong1	to crowd around; to escort	7-9
简介	簡介	jian3 jie4	summary; brief introduction	6
简化	簡化	jian3 hua4	to simplify	7-9
简单	簡單	jian3 dan1	simple; not complicated	3
简易	簡易	jian3 yi4	simple and easy; simplistic; simplicity	7-9
简历	簡歷	jian3 li4	curriculum vitae (CV); résumé; biographical notes	4
简洁	簡潔	jian3 jie2	concise; succinct; pithy	7-9
简直	簡直	jian3 zhi2	simply; really	3
简短	簡短	jian3 duan3	brief (statement, summary etc); briefly; brevity	7-9
简称	簡稱	jian3 cheng1	to be abbreviated to; abbreviation; short form	7-9
简要	簡要	jian3 yao4	concise; brief	7-9
简陋	簡陋	jian3 lou4	simple and crude	7-9
简体字	簡體字	jian3 ti3 zi4	simplified Chinese character, as opposed to traditional Chinese character 繁體字|繁体字[fan2 ti3 zi4]	7-9
签名	簽名	qian1 ming2	to sign (one's name with a pen etc); to autograph; signature	5
签字	簽字	qian1 zi4	to sign (one's name); signature	5
签约	簽約	qian1 yue1	to sign a contract or agreement	5
签署	簽署	qian1 shu3	to sign (an agreement)	7-9
签订	簽訂	qian1 ding4	to agree to and sign (a treaty etc)	5
签证	簽證	qian1 zheng4	visa; to issue a visa	5
帘子	簾子	lian2 zi5	curtain	7-9
篮球	籃球	lan2 qiu2	basketball; CL:個|个[ge4],隻|只[zhi1]	2
筹	籌	chou2	chip (in gambling); token (for counting); ticket; to prepare; to plan; to raise (funds); resource; way; means	7-9
筹备	籌備	chou2 bei4	preparations; to get ready for sth	7-9
筹划	籌劃	chou2 hua4	to plan and prepare	7-9
筹措	籌措	chou2 cuo4	to raise (money)	7-9
筹码	籌碼	chou2 ma3	bargaining chip; gaming chip; casino token	7-9
筹办	籌辦	chou2 ban4	to arrange; to make preparations	7-9
筹集	籌集	chou2 ji2	to collect money; to raise funds	7-9
笼子	籠子	long2 zi5	cage; basket; container	7-9
笼子	籠子	long3 zi5	large box; trunk; chest	7-9
笼统	籠統	long3 tong3	general; broad; sweeping; lacking in detail; vague	7-9
笼罩	籠罩	long3 zhao4	to envelop; to shroud	7-9
米饭	米飯	mi3 fan4	(cooked) rice	1
粉	粉	fen3	powder; cosmetic face powder; food prepared from starch; noodles or pasta made from any kind of flour; to turn to powder; (dialect) to whitewash; white; pink; (suffix) fan (abbr. for 粉絲|粉丝[fen3 si1]); to be a fan of	7-9
粉碎	粉碎	fen3 sui4	to crush; to smash; to shatter	7-9
粉丝	粉絲	fen3 si1	bean vermicelli; mung bean starch noodles; cellophane noodles; fan; enthusiast for sb or sth (loanword from "fans")	7-9
粒	粒	li4	grain; granule; pellet; particle; classifier for small round objects (peas, bullets, peanuts, pills, grains etc); (Tw) classifier for larger round objects (watermelon etc)	7-9
粗	粗	cu1	(of sth long) wide; thick; (of sth granular) coarse; (of a voice) gruff; (of sb's manner etc) rough; crude; careless; rude	4
粗心	粗心	cu1 xin1	careless; thoughtless	4
粗心大意	粗心大意	cu1 xin1 da4 yi4	negligent; careless; inadvertent	7-9
粗暴	粗暴	cu1 bao4	crude; crass; rude; rough; harsh	7-9
粗略	粗略	cu1 lu:e4	rough (not precise or accurate); cursory	7-9
粗糙	粗糙	cu1 cao1	crude; gruff; rough; coarse	7-9
粗鲁	粗魯	cu1 lu3	coarse; crude (in one's manner); boorish	7-9
粘	粘	nian2	variant of 黏[nian2]	7-9
粘	粘	zhan1	to glue; to paste; to adhere; to stick to	7-9
粥	粥	yu4	used in 葷粥|荤粥[Xun1 yu4]	6
粥	粥	zhou1	congee; gruel; porridge; CL:碗[wan3]	6
粽子	粽子	zong4 zi5	glutinous rice and choice of filling wrapped in leaves and steamed or boiled	7-9
精	精	jing1	essence; extract; vitality; energy; semen; sperm; mythical goblin spirit; highly perfected; elite; the pick of sth; proficient (refined ability); extremely (fine); selected rice (archaic)	6
精力	精力	jing1 li4	energy	4
精品	精品	jing1 pin3	quality goods; premium product; fine work (of art)	6
精妙	精妙	jing1 miao4	exquisite; fine and delicate (usu. of works of art)	7-9
精彩	精彩	jing1 cai3	wonderful; marvelous; brilliant	3
精心	精心	jing1 xin1	with utmost care; fine; meticulous; detailed	7-9
精打细算	精打細算	jing1 da3 xi4 suan4	meticulous planning and careful accounting (idiom)	7-9
精明	精明	jing1 ming2	astute; shrewd; smart	7-9
精疲力竭	精疲力竭	jing1 pi2 li4 jie2	spirit weary, strength exhausted (idiom); spent; drained; washed out	7-9
精益求精	精益求精	jing1 yi4 qiu2 jing1	(idiom) to constantly seek to improve; to keep perfecting	7-9
精确	精確	jing1 que4	accurate; precise	7-9
精神	精神	jing1 shen2	spirit; mind; consciousness; thought; mental; psychological; essence; gist; CL:個|个[ge4]	3
精神	精神	jing1 shen5	vigor; vitality; spirited; good-looking	3
精神病	精神病	jing1 shen2 bing4	mental disorder; psychosis	7-9
精简	精簡	jing1 jian3	to simplify; to reduce	7-9
精细	精細	jing1 xi4	fine; meticulous; careful	7-9
精练	精練	jing1 lian4	(textiles) to scour; to degum (silk); variant of 精煉|精炼[jing1 lian4]	7-9
精致	精緻	jing1 zhi4	delicate; fine; exquisite; refined	7-9
精美	精美	jing1 mei3	exquisite; elegant; fine	6
精英	精英	jing1 ying1	cream; elite; essence; quintessence	7-9
精华	精華	jing1 hua2	best feature; most important part of an object; quintessence; essence; soul	7-9
精通	精通	jing1 tong1	to be proficient in; to master (a subject)	7-9
精髓	精髓	jing1 sui3	marrow; pith; quintessence; essence	7-9
糊	糊	hu1	to smear; to daub; to cover (a surface with sth sticky or paste-like); Taiwan pr. [hu2]	7-9
糊	糊	hu2	to paste; to glue; blurry; unclear; muddled; (esp. of food) scorched; burnt; paste; mush; thick gruel	7-9
糊	糊	hu4	paste; cream	7-9
糊涂	糊塗	hu2 tu5	muddled; silly; confused	7-9
糖	糖	tang2	sugar; sweets; candy; CL:顆|颗[ke1],塊|块[kuai4]	3
糖尿病	糖尿病	tang2 niao4 bing4	diabetes; diabetes mellitus	7-9
糖果	糖果	tang2 guo3	candy; CL:粒[li4]	7-9
粪	糞	fen4	manure; dung	7-9
粪便	糞便	fen4 bian4	excrement; feces; night soil	7-9
糟	糟	zao1	dregs; draff; pickled in wine; rotten; messy; ruined	5
糟糕	糟糕	zao1 gao1	too bad; how terrible; what bad luck; terrible; bad	5
粮食	糧食	liang2 shi5	foodstuff; cereals; CL:種|种[zhong3]	4
团	糰	tuan2	dumpling	3
系	系	xi4	system; department; faculty	4
系列	系列	xi4 lie4	series; set	4
系统	系統	xi4 tong3	system; CL:個|个[ge4]	4
纠正	糾正	jiu1 zheng4	to correct; to make right	6
纠纷	糾紛	jiu1 fen1	dispute	6
纠缠	糾纏	jiu1 chan2	to be in a tangle; to nag	7-9
纪实	紀實	ji4 shi2	record of actual events; documentary (factual rather than fictional)	7-9
纪律	紀律	ji4 lu:4	discipline	4
纪念	紀念	ji4 nian4	to commemorate; to honor the memory of; memento; keepsake; souvenir	3
纪念日	紀念日	ji4 nian4 ri4	day of commemoration; memorial day	7-9
纪念碑	紀念碑	ji4 nian4 bei1	monument	7-9
纪念馆	紀念館	ji4 nian4 guan3	memorial hall; commemorative museum	7-9
纪录	紀錄	ji4 lu4	variant of 記錄|记录[ji4 lu4] (but in Taiwan, not for the verb sense "to record")	3
纪录片	紀錄片	ji4 lu4 pian4	newsreel; documentary (film or TV program); CL:部[bu4]	7-9
约	約	yao1	to weigh in a balance or on a scale	3
约	約	yue1	to make an appointment; to invite; approximately; pact; treaty; to economize; to restrict; to reduce (a fraction); concise	3
约定	約定	yue1 ding4	to agree on sth (after discussion); to conclude a bargain; to arrange; to promise; to stipulate; to make an appointment; stipulated (time, amount, quality etc); an arrangement; a deal; appointment; undertaking; commitment; understanding; engagement; stipulation	6
约定俗成	約定俗成	yue1 ding4 su2 cheng2	established by popular usage (idiom); common usage agreement; customary convention	7-9
约会	約會	yue1 hui4	appointment; engagement; date; CL:次[ci4],個|个[ge4]; to arrange to meet	4
约束	約束	yue1 shu4	to restrict; to limit to; to constrain; restriction; constraint	5
红	紅	Hong2	surname Hong	2
红	紅	gong1	used in 女紅|女红[nu : 3 gong1]	2
红	紅	hong2	red; popular; revolutionary; bonus	2
红包	紅包	hong2 bao1	money wrapped in red as a gift; bonus payment; kickback; bribe	4
红扑扑	紅撲撲	hong2 pu1 pu1	red; rosy; flushed	7-9
红润	紅潤	hong2 run4	ruddy; rosy; florid	7-9
红火	紅火	hong2 huo3	prosperous	7-9
红灯	紅燈	hong2 deng1	red light	7-9
红眼	紅眼	hong2 yan3	to become infuriated; to see red; envious; jealous; covetous; pink eye (conjunctivitis); red-eye (flight)(photography) red eye	7-9
红色	紅色	hong2 se4	red (color); revolutionary	2
红茶	紅茶	hong2 cha2	black tea; CL:杯[bei1],壺|壶[hu2]	3
红薯	紅薯	hong2 shu3	sweet potato	7-9
红酒	紅酒	hong2 jiu3	red wine	3
紊乱	紊亂	wen3 luan4	disorder; chaos	7-9
纳入	納入	na4 ru4	to bring into; to channel into; to integrate into; to incorporate	7-9
纳闷儿	納悶兒	na4 men4 r5	erhua variant of 納悶|纳闷[na4 men4]	7-9
纳税	納稅	na4 shui4	to pay taxes	7-9
纳税人	納稅人	na4 shui4 ren2	taxpayer	7-9
纽带	紐帶	niu3 dai4	tie; link; bond	7-9
纽扣	紐扣	niu3 kou4	button	7-9
纯	純	chun2	pure; simple; unmixed; genuine	4
纯朴	純樸	chun2 pu3	variant of 淳樸|淳朴[chun2 pu3]	7-9
纯净水	純淨水	chun2 jing4 shui3	purified water	4
纯洁	純潔	chun2 jie2	pure; clean and honest; to purify	7-9
纯粹	純粹	chun2 cui4	pure; unadulterated; purely; completely	7-9
纱	紗	sha1	cotton yarn; muslin	7-9
纸	紙	zhi3	paper (CL:張|张[zhang1],沓[da2]); classifier for documents, letters etc	2
级	級	ji2	level; grade; rank; step (of stairs); CL:個|个[ge4]; classifier: step, level	2
级别	級別	ji2 bie2	(military) rank; level; grade	7-9
纷纷	紛紛	fen1 fen1	one after another; in succession; one by one; continuously; diverse; in profusion; numerous and confused; pell-mell	4
素	素	su4	raw silk; white; plain, unadorned; vegetarian (food); essence; nature; element; constituent; usually; always; ever	7-9
素不相识	素不相識	su4 bu4 xiang1 shi2	to be total strangers (idiom)	7-9
素描	素描	su4 miao2	sketch	7-9
素材	素材	su4 cai2	source material (in literature and art)	7-9
素质	素質	su4 zhi4	inner quality; basic essence	6
素食	素食	su4 shi2	vegetarian food; to eat a vegetarian diet	7-9
素养	素養	su4 yang3	(personal) accomplishment; attainment in self-cultivation	7-9
纺织	紡織	fang3 zhi1	spinning and weaving	7-9
索取	索取	suo3 qu3	to ask; to demand	7-9
索性	索性	suo3 xing4	you might as well (do it); simply; just	7-9
索赔	索賠	suo3 pei2	to ask for compensation; to claim damages; claim for damages	7-9
扎	紥	za1	variant of 紮|扎[za1]	6
扎	紥	zha1	variant of 紮|扎[zha1]	6
紫	紫	zi3	purple; violet	5
扎	紮	za1	to tie; to bind; classifier for flowers, banknotes etc: bundle; Taiwan pr. [zha2]	6
扎	紮	zha1	(of troops) to be stationed (at); Taiwan pr. [zha2]	6
扎实	紮實	zha1 shi5	variant of 扎實|扎实[zha1 shi5]	6
累	累	lei3	to accumulate; to involve or implicate (Taiwan pr. [lei4]); continuous; repeated	1
累	累	lei4	tired; weary; to strain; to wear out; to work hard	1
累积	累積	lei3 ji1	to accumulate	7-9
累计	累計	lei3 ji4	to calculate the running total; cumulative; the total; in total	7-9
细	細	xi4	thin or slender; finely particulate; thin and soft; fine; delicate; trifling; (of a sound) quiet; frugal	4
细微	細微	xi4 wei1	tiny; minute; fine; subtle; sensitive (instruments)	7-9
细心	細心	xi4 xin1	meticulous; careful; attentive	7-9
细节	細節	xi4 jie2	details; particulars	4
细致	細緻	xi4 zhi4	delicate; fine; careful; meticulous; painstaking	4
细胞	細胞	xi4 bao1	cell (biology)	6
细腻	細膩	xi4 ni4	(of skin etc) smooth; satiny; delicate; (of a performance, depiction, craftsmanship etc) finely detailed; subtle; exquisite; meticulous	7-9
细菌	細菌	xi4 jun1	bacterium; germ	6
绅士	紳士	shen1 shi4	gentleman	7-9
终于	終於	zhong1 yu2	at last; in the end; finally; eventually	3
终止	終止	zhong1 zhi3	to stop; to terminate	5
终生	終生	zhong1 sheng1	throughout one's life; lifetime; lifelong	7-9
终究	終究	zhong1 jiu1	in the end; after all; eventually	7-9
终结	終結	zhong1 jie2	end; conclusion; to come to an end; to terminate (sth)	7-9
终身	終身	zhong1 shen1	lifelong; all one's life; marriage	5
终点	終點	zhong1 dian3	the end; end point; finishing line (in a race); destination; terminus; CL:個|个[ge4]	5
组	組	Zu3	surname Zu	2
组	組	zu3	to form; to organize; group; team; classifier for sets, series, groups of people, batteries	2
组合	組合	zu3 he2	to assemble; to combine; to compose; combination; association; set; compilation; (math.) combinatorial	3
组建	組建	zu3 jian4	to organize; to set up; to establish	7-9
组成	組成	zu3 cheng2	to form; to make up; to constitute	2
组织	組織	zu3 zhi1	to organize; organization; (biology) tissue; (textiles) weave; CL:個|个[ge4]	5
组装	組裝	zu3 zhuang1	to assemble; to put together	7-9
组长	組長	zu3 zhang3	group leader	2
结	結	jie1	(of a plant) to produce (fruit or seeds); Taiwan pr. [jie2]	7-9
结	結	jie2	knot; sturdy; bond; to tie; to bind; to check out (of a hotel)	7-9
结冰	結冰	jie2 bing1	to freeze	7-9
结合	結合	jie2 he2	to combine; to link; to integrate; binding; CL:次[ci4]	3
结婚	結婚	jie2 hun1	to marry; to get married	3
结实	結實	jie1 shi2	to bear fruit	3
结实	結實	jie1 shi5	rugged; sturdy; strong; durable; buff (physique)	3
结尾	結尾	jie2 wei3	ending; coda; to wind up	7-9
结局	結局	jie2 ju2	conclusion; ending	7-9
结晶	結晶	jie2 jing1	to crystallize; crystallization; crystal; crystalline; (fig.) the fruit (of labor etc)	7-9
结束	結束	jie2 shu4	termination; to finish; to end; to conclude; to close	3
结果	結果	jie1 guo3	to bear fruit	7-9
结果	結果	jie2 guo3	outcome; result; consequence; in the end; as a result; to kill; to dispatch	7-9
结构	結構	jie2 gou4	structure; composition; makeup; architecture; CL:座[zuo4],個|个[ge4]	4
结论	結論	jie2 lun4	conclusion; verdict; CL:個|个[ge4]; to conclude; to reach a verdict	4
结识	結識	jie2 shi2	to get to know sb; to meet sb for the first time	7-9
绝	絕	jue2	to cut short; extinct; to disappear; to vanish; absolutely; by no means	6
绝大多数	絕大多數	jue2 da4 duo1 shu4	the vast majority	6
绝对	絕對	jue2 dui4	absolute; unconditional	3
绝技	絕技	jue2 ji4	consummate skill; supreme feat; tour-de-force; stunt	7-9
绝招	絕招	jue2 zhao1	unique skill; unexpected tricky move (as a last resort); masterstroke; finishing blow	7-9
绝望	絕望	jue2 wang4	to despair; to give up all hope; desperate; desperation	5
绝缘	絕緣	jue2 yuan2	to have no contact with; to be cut off from; (electricity) to insulate	7-9
绞	絞	jiao3	to twist (strands into a thread); to entangle; to wring; to hang (by the neck); to turn; to wind; classifier for skeins of yarn	7-9
络绎不绝	絡繹不絕	luo4 yi4 bu4 jue2	(idiom) continuously; in an endless stream	7-9
给	給	gei3	to; for; for the benefit of; to give; to allow; to do sth (for sb); (grammatical equivalent of 被); (grammatical equivalent of 把); (sentence intensifier)	1
给	給	ji3	to supply; to provide	1
给予	給予	ji3 yu3	(literary) to give; to accord; to render	6
絮叨	絮叨	xu4 dao5	long-winded; garrulous; to talk endlessly without getting to the point	7-9
统一	統一	tong3 yi1	to unify; to integrate; unified; integrated	4
统治	統治	tong3 zhi4	to rule (a country); to govern; rule; regime	7-9
统筹	統籌	tong3 chou2	an overall plan; to plan an entire project as a whole	7-9
统统	統統	tong3 tong3	totally	7-9
统计	統計	tong3 ji4	statistics; to count; to add up	4
丝	絲	si1	silk; thread-like thing; (cuisine) shreds or julienne strips; classifier: a trace (of smoke etc), a tiny bit etc	7-9
丝毫	絲毫	si1 hao2	the slightest amount or degree; a bit	7-9
丝绸	絲綢	si1 chou2	silk (cloth)	7-9
绝	絶	jue2	variant of 絕|绝[jue2]	6
绑	綁	bang3	to tie; bind or fasten together; to kidnap	7-9
绑架	綁架	bang3 jia4	to kidnap; to abduct; to hijack; a kidnapping; abduction; staking	7-9
绣	綉	xiu4	variant of 繡|绣[xiu4]	7-9
捆	綑	kun3	variant of 捆[kun3]	7-9
经	經	Jing1	surname Jing	7-9
经	經	jing1	classics; sacred book; scripture; to pass through; to undergo; to bear; to endure; warp (textile); longitude; menstruation; channel (TCM); abbr. for economics 經濟|经济[jing1 ji4]	7-9
经久不息	經久不息	jing1 jiu3 bu4 xi1	(idiom) prolonged (applause, cheering etc)	7-9
经典	經典	jing1 dian3	the classics; scriptures; classical; classic (example, case etc); typical	4
经受	經受	jing1 shou4	to undergo (hardship); to endure; to withstand	7-9
经商	經商	jing1 shang1	to trade; to carry out commercial activities; in business	7-9
经常	經常	jing1 chang2	frequently; constantly; regularly; often; day-to-day; everyday; daily	2
经度	經度	jing1 du4	longitude	7-9
经历	經歷	jing1 li4	to experience; to go through; experience (CL:段[duan4],次[ci4])	3
经济	經濟	jing1 ji4	economy; economic	3
经营	經營	jing1 ying2	to engage in (business etc); to run; to operate	3
经理	經理	jing1 li3	manager; director; CL:個|个[ge4],位[wei4],名[ming2]	2
经费	經費	jing1 fei4	funds; expenditure; CL:筆|笔[bi3]	5
经贸	經貿	jing1 mao4	economy and trade (abbr. for 經濟貿易|经济贸易[jing1 ji4 mao4 yi4])	7-9
经过	經過	jing1 guo4	to pass; to go through; process; course; CL:個|个[ge4]	2
经验	經驗	jing1 yan4	experience; to go through; to experience	3
综上所述	綜上所述	zong1 shang4 suo3 shu4	to summarize; to sum up	7-9
综合	綜合	zong1 he2	comprehensive; composite; synthesized; mixed; to sum up; to integrate; to synthesize	4
绿	綠	lu4	used in names	2
绿	綠	lu:4	green; (slang) (derived from 綠帽子|绿帽子[lu:4 mao4 zi5]) to cheat on (one's spouse or boyfriend or girlfriend)	2
绿化	綠化	lu:4 hua4	to make green with plants; to reforest; (Internet slang) Islamization	6
绿地	綠地	lu:4 di4	green area (e.g. urban park or garden)	7-9
绿灯	綠燈	lu:4 deng1	green light (traffic signal); (fig.) permission to proceed	7-9
绿色	綠色	lu:4 se4	green	2
绿茶	綠茶	lu:4 cha2	green tea; (slang) (of a girl) seemingly innocent and charming but actually calculating and manipulative; a girl who has these qualities	3
线	綫	xian4	variant of 線|线[xian4]	3
维修	維修	wei2 xiu1	maintenance (of equipment); to protect and maintain	4
维持	維持	wei2 chi2	to keep; to maintain; to preserve	4
维生素	維生素	wei2 sheng1 su4	vitamin	6
维护	維護	wei2 hu4	to defend; to safeguard; to protect; to uphold; to maintain	4
纲要	綱要	gang1 yao4	outline; essential points	7-9
纲领	綱領	gang1 ling3	program (i.e. plan of action); guiding principle	7-9
网	網	wang3	net; web; network; to net; to catch with a net	2
网上	網上	wang3 shang4	online	1
网友	網友	wang3 you3	online friend; netizen; Internet user	1
网吧	網吧	wang3 ba1	Internet café	6
网址	網址	wang3 zhi3	web address; URL	4
网民	網民	wang3 min2	netizen; Internet user; online community member	7-9
网球	網球	wang3 qiu2	tennis; tennis ball; CL:個|个[ge4]	2
网站	網站	wang3 zhan4	website	2
网络	網絡	Wang3 luo4	Internet	4
网络	網絡	wang3 luo4	network (computing, telecommunications, transport etc)	4
网页	網頁	wang3 ye4	web page	6
网点	網點	wang3 dian3	branch; service outlet (of a bank, retail store etc); (printing) halftone dot; (computing) network node	7-9
绷	綳	beng1	variant of 繃|绷[beng1]; variant of 繃|绷[beng3]	7-9
绽放	綻放	zhan4 fang4	to blossom	7-9
绰号	綽號	chuo4 hao4	nickname	7-9
紧	緊	jin3	tight; strict; close at hand; near; urgent; tense; hard up; short of money; to tighten	3
紧密	緊密	jin3 mi4	inseparably close	4
紧张	緊張	jin3 zhang1	nervous; keyed up; intense; tense; strained; in short supply; scarce; CL:陣|阵[zhen4]	3
紧急	緊急	jin3 ji2	urgent; emergency	3
紧接着	緊接著	jin3 jie1 zhe5	immediately afterwards; shortly after that	7-9
紧凑	緊湊	jin3 cou4	compact; terse; tight (schedule)	7-9
紧紧	緊緊	jin3 jin3	closely; tightly	5
紧缩	緊縮	jin3 suo1	(economics) to reduce; to curtail; to cut back; to tighten; austerity; tightening; crunch	7-9
紧缺	緊缺	jin3 que1	in short supply; scarce	7-9
紧迫	緊迫	jin3 po4	pressing; urgent	7-9
绯闻	緋聞	fei1 wen2	sex scandal	7-9
线	線	xian4	thread; string; wire; line; CL:條|条[tiao2],股[gu3],根[gen1]; (after a number) tier (unofficial ranking of a Chinese city)	3
线条	線條	xian4 tiao2	line (in drawing, calligraphy etc); the lines or contours of a three-dimensional object (hairstyle, clothing, car etc)	7-9
线索	線索	xian4 suo3	trail; clues; thread (of a story)	5
线路	線路	xian4 lu4	(electricity) line; circuit; wire; (traffic) road; track; route	6
缘分	緣分	yuan2 fen4	fate or chance that brings people together; predestined affinity or relationship; (Budd.) destiny	7-9
缘故	緣故	yuan2 gu4	reason; cause	6
编	編	bian1	to weave; to plait; to organize; to group; to arrange; to edit; to compile; to write; to compose; to fabricate; to make up	4
编制	編制	bian1 zhi4	to establish (a unit or department); authorized staffing allocation in government or public institutions (excluding temporary or contract staff)	6
编剧	編劇	bian1 ju4	to write a play; scenario; dramatist; screenwriter	7-9
编写	編寫	bian1 xie3	to compile	7-9
编排	編排	bian1 pai2	to arrange; to lay out	7-9
编号	編號	bian1 hao4	to number; to assign numbers; serial number	7-9
编制	編製	bian1 zhi4	to weave; to plait; to compile; to put together (a lesson plan, budget etc)	6
编辑	編輯	bian1 ji2	to edit; to compile; editor; compiler	5
编造	編造	bian1 zao4	to compile; to draw up; to fabricate; to invent; to concoct; to make up; to cook up	7-9
缓	緩	huan3	slow; unhurried; sluggish; gradual; not tense; relaxed; to postpone; to defer; to stall; to stave off; to revive; to recuperate	7-9
缓和	緩和	huan3 he2	to ease (tension); to alleviate; to moderate; to allay; to make more mild	7-9
缓慢	緩慢	huan3 man4	slow; unhurried; sluggish	7-9
缓缓	緩緩	huan3 huan3	slowly; unhurriedly; little by little	7-9
缓解	緩解	huan3 jie3	to bring relief; to alleviate (a crisis); to dull (a pain)	4
缅怀	緬懷	mian3 huai2	to commemorate; to recall fondly; to think of the past	7-9
纬度	緯度	wei3 du4	latitude	7-9
练	練	lian4	to practice; to train; to drill; to perfect (one's skill); exercise; (literary) white silk; to boil and scour raw silk	2
练习	練習	lian4 xi2	to practice; exercise; drill; practice; CL:個|个[ge4]	2
致	緻	zhi4	(bound form) fine; delicate; exquisite	7-9
县	縣	xian4	county; (Japan) prefecture	4
缝	縫	feng2	to sew; to stitch	7-9
缝	縫	feng4	seam; crack; narrow slit; CL:道[dao4]	7-9
缝合	縫合	feng2 he2	to sew together; suture (in surgery); to sew up (a wound)	7-9
缩	縮	suo1	to withdraw; to pull back; to contract; to shrink; to reduce; abbreviation; also pr. [su4]	7-9
缩小	縮小	suo1 xiao3	to reduce; to decrease; to shrink	4
缩影	縮影	suo1 ying3	miniature version of sth; microcosm; epitome; (Tw) to microfilm	7-9
缩水	縮水	suo1 shui3	to shrink (in the wash); fig. to shrink (of profits etc)	7-9
缩短	縮短	suo1 duan3	to shorten; to reduce; to curtail	4
纵容	縱容	zong4 rong2	to tolerate or condone wrongdoing; to allow (sb) to engage in bad behavior	7-9
纵横交错	縱橫交錯	zong4 heng2 jiao1 cuo4	criss-crossed (idiom)	7-9
纵深	縱深	zong4 shen1	depth (from front to rear); depth (into a territory); span (of time); (fig.) depth (of deployment, progress, development etc)	7-9
纵然	縱然	zong4 ran2	even if; even though	7-9
纵观	縱觀	zong4 guan1	to survey comprehensively; an overall survey	7-9
缕	縷	lu:3	strand; thread; detailed; in detail; classifier for wisps (of smoke, mist or vapor), strands, locks (of hair)	7-9
总	總	zong3	(bound form) general; overall; to sum up; in every case; always; invariably; anyway; after all; eventually; sooner or later; surely; (after a person's name) abbr. for 總經理|总经理[zong3 jing1 li3] or 總編|总编[zong3 bian1] etc	3
总之	總之	zong3 zhi1	in a word; in short; in brief	4
总共	總共	zong3 gong4	altogether; in sum; in all; in total	4
总数	總數	zong3 shu4	total; sum; aggregate	5
总是	總是	zong3 shi4	always	3
总理	總理	zong3 li3	premier; prime minister; CL:個|个[ge4],位[wei4],名[ming2]	4
总的来说	總的來說	zong3 de5 lai2 shuo1	generally speaking; to sum up; in summary; in short	7-9
总监	總監	zong3 jian1	head; director (of an organizational unit); (police) commissioner; inspector-general; rank of local governor in Tang dynasty administration	6
总算	總算	zong3 suan4	at long last; finally; on the whole	5
总结	總結	zong3 jie2	to sum up; to conclude; summary; résumé; CL:個|个[ge4]	3
总统	總統	zong3 tong3	president (of a country); CL:個|个[ge4],位[wei4],名[ming2],屆|届[jie4]	4
总经理	總經理	zong3 jing1 li3	general manager; CEO	6
总而言之	總而言之	zong3 er2 yan2 zhi1	in short; in a word; in brief	7-9
总裁	總裁	zong3 cai2	chairman; director-general (of a company etc)	5
总计	總計	zong3 ji4	(grand) total	7-9
总部	總部	zong3 bu4	general headquarters	6
总量	總量	zong3 liang4	total; overall amount	6
总额	總額	zong3 e2	total (amount or value)	7-9
总体	總體	zong3 ti3	completely; totally; total; entire; overall; population (statistics)	5
繁忙	繁忙	fan2 mang2	busy; bustling	7-9
繁荣	繁榮	fan2 rong2	prosperous; booming	5
繁殖	繁殖	fan2 zhi2	to breed; to reproduce; to propagate	6
繁华	繁華	fan2 hua2	flourishing; bustling	7-9
繁重	繁重	fan2 zhong4	heavy; burdensome; heavy-duty; arduous; onerous	7-9
繁体字	繁體字	fan2 ti3 zi4	traditional Chinese character	7-9
绷	繃	beng1	to draw tight; to stretch taut; to tack (with thread or pin); (bound form) embroidery hoop; (bound form) woven bed mat	7-9
绷	繃	beng3	to have a taut face	7-9
绷带	繃帶	beng1 dai4	(loanword) bandage	7-9
织	織	zhi1	to weave; to knit	6
伞	繖	san3	damask silk; variant of 傘|伞[san3]	4
绕	繞	rao4	to wind; to coil (thread); to rotate around; to spiral; to move around; to go round (an obstacle); to by-pass; to make a detour; to confuse; to perplex	5
绕行	繞行	rao4 xing2	to take a circular (or circuitous) route; to do a circuit; (of a planet) to orbit; (of a sailor) to circumnavigate; to take a detour; to bypass	7-9
绣	繡	xiu4	to embroider; embroidery	7-9
绳子	繩子	sheng2 zi5	cord; string; rope; CL:條|条[tiao2]	7-9
绘画	繪畫	hui4 hua4	to draw; to paint	6
绘声绘色	繪聲繪色	hui4 sheng1 hui4 se4	vivid and colorful (idiom); true to life; lively and realistic	7-9
系	繫	ji4	to tie; to fasten; to button up	4
系	繫	xi4	to connect; to arrest; to worry	4
缴	繳	jiao3	to hand in; to hand over; to pay; to capture (weapons); to seize	7-9
缴纳	繳納	jiao3 na4	to pay (taxes etc)	7-9
缴费	繳費	jiao3 fei4	to pay a fee	7-9
继	繼	ji4	to continue; to follow after; to go on with; to succeed; to inherit; then; afterwards	7-9
继承	繼承	ji4 cheng2	to inherit; to succeed to (the throne etc); to carry on (a tradition etc)	5
继母	繼母	ji4 mu3	stepmother	7-9
继父	繼父	ji4 fu4	stepfather	7-9
继续	繼續	ji4 xu4	to continue; to proceed with; to go on with	3
继而	繼而	ji4 er2	then; afterwards	7-9
缤纷	繽紛	bin1 fen1	vast and various; rich and diverse	7-9
续	續	xu4	to continue; to replenish	7-9
累	纍	lei2	rope; to bind together; to twist around	1
缠	纏	chan2	to wind around; to wrap round; to coil; tangle; to involve; to bother; to annoy	7-9
纤维	纖維	xian1 wei2	fiber; CL:種|种[zhong3]	7-9
缆车	纜車	lan3 che1	cable car	7-9
缸	缸	gang1	jar; vat; classifier for loads of laundry; CL:口[kou3]	7-9
缺	缺	que1	deficiency; lack; scarce; vacant post; to run short of	3
缺乏	缺乏	que1 fa2	to lack; to be short of	5
缺口	缺口	que1 kou3	nick; jag; gap; shortfall	7-9
缺失	缺失	que1 shi1	lack; deficiency; shortcoming; flaw; defect; to be deficient; to lack	7-9
缺少	缺少	que1 shao3	lack; shortage of; shortfall; to be short (of); to lack	3
缺席	缺席	que1 xi2	to be absent	7-9
缺陷	缺陷	que1 xian4	defect; flaw	6
缺点	缺點	que1 dian3	weak point; fault; shortcoming; disadvantage; CL:個|个[ge4]	3
瓶	缾	ping2	variant of 瓶[ping2]	2
坛	罈	tan2	earthen jar	7-9
罐	罐	guan4	can; jar; pot	7-9
罐头	罐頭	guan4 tou5	tin; can; CL:個|个[ge4]	7-9
罕见	罕見	han3 jian4	rare; rarely seen	7-9
罩	罩	zhao4	to cover; to spread over; a cover; a shade; a hood; bamboo fish trap; bamboo chicken coop; (Tw) (coll.) to protect; to have sb's back; (Tw) (coll.) awesome; incredible; (Tw) (coll.) (often as 罩得住[zhao4 de2 zhu4]) to have things under control; to be able to handle it	7-9
罪	罪	zui4	guilt; crime; fault; blame; sin	6
罪恶	罪惡	zui4 e4	crime; evil; sin	6
罪犯	罪犯	zui4 fan4	criminal	7-9
罪魁祸首	罪魁禍首	zui4 kui2 huo4 shou3	(idiom) criminal ringleader; main offender; main culprit; main cause of a disaster	7-9
置	置	zhi4	to install; to place; to put; to buy	7-9
罚	罰	fa2	to punish; to penalize; to fine	5
罚款	罰款	fa2 kuan3	to fine; penalty; fine (monetary)	5
骂	罵	ma4	to scold; to abuse; to curse; CL:通[tong4],頓|顿[dun4]	5
罢了	罷了	ba4 le5	a modal particle indicating (that's all, only, nothing much)	6
罢了	罷了	ba4 liao3	a modal particle indicating (don't mind it, ok)	6
罢休	罷休	ba4 xiu1	to give up; to abandon (a goal etc); to let sth go; forget it; let the matter drop	7-9
罢免	罷免	ba4 mian3	to remove sb from their post; to dismiss	7-9
罢工	罷工	ba4 gong1	a strike; to go on strike	6
罚	罸	fa2	variant of 罰|罚[fa2]	5
罗	羅	Luo2	surname Luo	7-9
罗	羅	luo2	gauze; to collect; to gather; to catch; to sift	7-9
羊	羊	Yang2	surname Yang	3
羊	羊	yang2	sheep; goat; CL:頭|头[tou2],隻|只[zhi1]	3
美	美	Mei3	(bound form) the Americas (abbr. for 美洲[Mei3 zhou1]); (bound form) USA (abbr. for 美國|美国[Mei3 guo2])	3
美	美	mei3	beautiful; very satisfactory; good; to beautify; to be pleased with oneself	3
美中不足	美中不足	mei3 zhong1 bu4 zu2	everything is fine except for one small defect (idiom); the fly in the ointment	7-9
美人	美人	mei3 ren2	beautiful woman; belle	7-9
美元	美元	mei3 yuan2	American dollar; US dollar	3
美化	美化	mei3 hua4	to make more beautiful; to decorate; embellishment	7-9
美味	美味	mei3 wei4	delicious; delicious food; delicacy	7-9
美女	美女	mei3 nu:3	beautiful woman	4
美好	美好	mei3 hao3	beautiful; fine	3
美妙	美妙	mei3 miao4	beautiful; wonderful; splendid	7-9
美容	美容	mei3 rong2	to improve one's appearance (using cosmetics or cosmetic surgery); to make oneself more attractive; to beautify	6
美德	美德	Mei3 De2	USA and Germany	7-9
美德	美德	mei3 de2	virtue	7-9
美景	美景	mei3 jing3	beautiful scenery	7-9
美滋滋	美滋滋	mei3 zi1 zi1	very happy; elated	7-9
美满	美滿	mei3 man3	happy; blissful	7-9
美术	美術	mei3 shu4	art; fine arts; painting; CL:種|种[zhong3]	3
美观	美觀	mei3 guan1	pleasing to the eye; beautiful; artistic	7-9
美金	美金	mei3 jin1	American dollar; US dollar	4
美食	美食	mei3 shi2	culinary delicacy; fine food; gourmet food	3
美丽	美麗	mei3 li4	beautiful	3
羞愧	羞愧	xiu1 kui4	ashamed	7-9
群	羣	qun2	variant of 群[qun2]	3
群	群	qun2	group; crowd; flock, herd, pack etc	3
群众	群眾	qun2 zhong4	mass; multitude; the masses	5
群体	群體	qun2 ti3	community; colony	5
羡慕	羨慕	xian4 mu4	to envy; to admire	7-9
义务	義務	yi4 wu4	duty; obligation (CL:項|项[xiang4]); volunteer (work etc)	4
义工	義工	yi4 gong1	volunteer worker; volunteer work	7-9
羽毛球	羽毛球	yu3 mao2 qiu2	badminton; shuttlecock	5
羽绒服	羽絨服	yu3 rong2 fu2	down-filled garment	5
翅膀	翅膀	chi4 bang3	wing; CL:隻|只[zhi1],對|对[dui4]	7-9
习俗	習俗	xi2 su2	custom; tradition; local tradition; convention	7-9
习惯	習慣	xi2 guan4	habit; custom; usual practice; to be used to; CL:個|个[ge4]	2
翠绿	翠綠	cui4 lu:4	greenish-blue; emerald green	7-9
翘	翹	qiao2	outstanding; to raise	7-9
翘	翹	qiao4	to stick up; to rise on one end; to tilt	7-9
翻	翻	fan1	to turn over; to flip over; to overturn; to rummage through; to translate; to decode; to double; to climb over or into; to cross	4
翻来覆去	翻來覆去	fan1 lai2 fu4 qu4	to toss and turn (sleeplessly); again and again	7-9
翻天覆地	翻天覆地	fan1 tian1 fu4 di4	sky and the earth turning upside down (idiom); fig. complete confusion; everything turned on its head	7-9
翻番	翻番	fan1 fan1	to double; to increase by a certain number of times	7-9
翻译	翻譯	fan1 yi4	to translate; to interpret; translator; interpreter; translation; interpretation; CL:個|个[ge4],位[wei4],名[ming2]	4
耀眼	耀眼	yao4 yan3	to dazzle; dazzling	7-9
老人	老人	lao3 ren2	old man or woman; the elderly; one's aged parents or grandparents	1
老人家	老人家	lao3 ren2 jia1	polite term for old woman or man	7-9
老伴儿	老伴兒	lao3 ban4 r5	erhua variant of 老伴[lao3 ban4]	7-9
老公	老公	lao3 gong1	(coll.) husband	4
老公	老公	lao3 gong5	(coll.) eunuch; see also 老公[lao3 gong1]	4
老化	老化	lao3 hua4	(of a person, population or material) to age; (of knowledge) to become outdated	7-9
老大	老大	lao3 da4	old age; very; eldest child in a family; leader of a group; boss; captain of a boat; leader of a criminal gang	7-9
老太太	老太太	lao3 tai4 tai5	elderly lady (respectful); esteemed mother; CL:位[wei4]	3
老婆	老婆	lao3 po2	(coll.) wife	4
老字号	老字號	lao3 zi4 hao4	shop, firm, or brand of merchandise with a long-established reputation	7-9
老家	老家	lao3 jia1	native place; place of origin; home state or region	4
老实	老實	lao3 shi5	honest; sincere; well-behaved; naive; gullible	4
老实说	老實說	lao3 shi2 shuo1	honestly speaking; to be frank, ...	7-9
老师	老師	lao3 shi1	teacher	1
老年	老年	lao3 nian2	elderly; old age; autumn of one's years	2
老是	老是	lao3 shi5	always	2
老朋友	老朋友	lao3 peng2 you5	old friend; (slang) period; menstruation	2
老板	老板	lao3 ban3	variant of 老闆|老板[lao3 ban3]	3
老汉	老漢	lao3 han4	old man; I (an old man referring to himself)	7-9
老百姓	老百姓	lao3 bai3 xing4	ordinary people; the "person in the street"; CL:個|个[ge4]	3
老远	老遠	lao3 yuan3	very far away	7-9
老乡	老鄉	lao3 xiang1	fellow townsman; fellow villager; sb from the same hometown	6
老板	老闆	Lao3 ban3	Robam (brand)	3
老板	老闆	lao3 ban3	boss; business proprietor; CL:個|个[ge4]	3
老头儿	老頭兒	lao3 tou2 r5	see 老頭子|老头子[lao3 tou2 zi5]	3
考	考	kao3	to check; to verify; to test; to examine; to take an exam; to take an entrance exam for; deceased father	1
考场	考場	kao3 chang3	exam room	6
考察	考察	kao3 cha2	to inspect; to observe and study; on-the-spot investigation	4
考虑	考慮	kao3 lu:4	to think over; to consider; consideration	4
考核	考核	kao3 he2	to examine; to check up on; to assess; to review; appraisal; review; evaluation	5
考生	考生	kao3 sheng1	exam candidate; student whose name has been put forward for an exam	2
考试	考試	kao3 shi4	to take an exam; exam; CL:次[ci4]	1
考量	考量	kao3 liang2	to consider; to give serious consideration to sth; consideration	7-9
考题	考題	kao3 ti2	exam question	6
考验	考驗	kao3 yan4	to test; to put to the test; trial; ordeal	3
而	而	er2	and; as well as; and so; but (not); yet (not); (indicates causal relation); (indicates change of state); (indicates contrast)	4
而且	而且	er2 qie3	(not only ...) but also; moreover; in addition; furthermore	2
而已	而已	er2 yi3	that's all; nothing more	7-9
而是	而是	er2 shi4	rather	4
耍	耍	Shua3	surname Shua	7-9
耍	耍	shua3	to play with; to wield; to act (cool etc); to display (a skill, one's temper etc)	7-9
耍赖	耍賴	shua3 lai4	to act shamelessly; to refuse to acknowledge that one has lost the game, or made a promise etc; to act dumb; to act as if sth never happened	7-9
耐	耐	nai4	(bound form) to bear; to endure; to withstand	7-9
耐人寻味	耐人尋味	nai4 ren2 xun2 wei4	(idiom) thought-provoking; to provide food for thought	7-9
耐心	耐心	nai4 xin1	to be patient; patience	5
耐性	耐性	nai4 xing4	patience	7-9
端	耑	duan1	old variant of 端[duan1]; start; origin	6
耕地	耕地	geng1 di4	arable land; to plow land	7-9
耗	耗	hao4	to waste; to spend; to consume; to squander; news; (coll.) to delay; to dilly-dally	7-9
耗时	耗時	hao4 shi2	time-consuming; to take a period of (x amount of time)	7-9
耗费	耗費	hao4 fei4	to waste; to spend; to consume; to squander	7-9
耳光	耳光	er3 guang1	a slap on the face; CL:記|记[ji4]	7-9
耳朵	耳朵	er3 duo5	ear; CL:隻|只[zhi1],個|个[ge4],對|对[dui4]; handle (on a cup)	5
耳机	耳機	er3 ji1	headphones; earphones; telephone receiver	4
耳熟能详	耳熟能詳	er3 shu2 neng2 xiang2	what's frequently heard can be repeated in detail (idiom)	7-9
耳目一新	耳目一新	er3 mu4 yi1 xin1	a pleasant change; a breath of fresh air; refreshing	7-9
耳闻目睹	耳聞目睹	er3 wen2 mu4 du3	to witness personally	7-9
耽搁	耽擱	dan1 ge5	to tarry; to delay; to stop over	7-9
耽误	耽誤	dan1 wu5	to delay; to hold up; to waste time; to interfere with	7-9
耿直	耿直	geng3 zhi2	honest; frank; candid	7-9
聊	聊	liao2	(coll.) to chat; (literary) temporarily; for a while; (literary) somewhat; slightly; (literary) to depend upon	6
聊天儿	聊天兒	liao2 tian1 r5	erhua variant of 聊天[liao2 tian1]	6
圣诞节	聖誕節	Sheng4 dan4 jie2	Christmas time; Christmas season; Christmas	6
圣贤	聖賢	sheng4 xian2	a sage; wise and holy man; virtuous ruler; Buddhist lama; wine	7-9
聘	聘	pin4	to employ; to appoint; (bound form) to betroth; (coll.) (of a woman) to get married; to be marrried off; (literary) to visit another state as an envoy on a diplomatic mission; Taiwan pr. [ping4]	7-9
聘任	聘任	pin4 ren4	to appoint (to a position); appointed	7-9
聘用	聘用	pin4 yong4	to employ; to hire	7-9
聘请	聘請	pin4 qing3	to engage; to hire (a lawyer etc)	6
聚	聚	ju4	to assemble; to gather (transitive or intransitive); (chemistry) poly-	4
聚会	聚會	ju4 hui4	party; gathering; to meet; to get together	4
聚精会神	聚精會神	ju4 jing1 hui4 shen2	to concentrate one's attention (idiom)	7-9
聚集	聚集	ju4 ji2	to assemble; to gather	7-9
闻	聞	Wen2	surname Wen	2
闻	聞	wen2	to hear; news; well-known; famous; reputation; fame; to smell; to sniff at	2
闻名	聞名	wen2 ming2	well-known; famous; renowned; eminent	7-9
联系	聯係	lian2 xi4	variant of 聯繫|联系[lian2 xi4]	3
联合	聯合	lian2 he2	to combine; to join; unite; alliance	3
联合国	聯合國	Lian2 he2 guo2	United Nations	3
联想	聯想	Lian2 xiang3	Lenovo	5
联想	聯想	lian2 xiang3	to associate (cognitively); to make an associative connection; mental association; word prediction and auto-complete functions of input method editing programs	5
联手	聯手	lian2 shou3	lit. to join hands; to act together	6
联欢	聯歡	lian2 huan1	to have a get-together; celebration; party	7-9
联盟	聯盟	lian2 meng2	alliance; union; coalition	6
联络	聯絡	lian2 luo4	to get in touch with; to contact; to stay in contact (with); liaison; (math.) connection	5
联网	聯網	lian2 wang3	to connect (or be connected) to a network; to network	7-9
联系	聯繫	lian2 xi4	connection; contact; relation; to get in touch with; to integrate; to link; to touch	3
联赛	聯賽	lian2 sai4	(sports) league; league tournament	6
联邦	聯邦	lian2 bang1	federal; federation; commonwealth; federal union; federal state; union	7-9
聪明	聰明	cong1 ming5	intelligent; clever; bright; acute (of sight and hearing)	5
声	聲	sheng1	sound; voice; tone; noise; reputation; classifier for sounds	5
声明	聲明	sheng1 ming2	to state; to declare; statement; declaration; CL:項|项[xiang4],份[fen4]	3
声望	聲望	sheng1 wang4	reputation; prestige; public esteem	7-9
声称	聲稱	sheng1 cheng1	to claim; to state; to proclaim; to assert	7-9
声誉	聲譽	sheng1 yu4	reputation; fame	7-9
声音	聲音	sheng1 yin1	voice; sound; CL:個|个[ge4]	2
耸立	聳立	song3 li4	to stand tall; to tower aloft	7-9
职位	職位	zhi2 wei4	position; post; job	5
职务	職務	zhi2 wu4	post; position; job; duties	5
职员	職員	zhi2 yuan2	office worker; staff member; CL:個|个[ge4],位[wei4]	7-9
职工	職工	zhi2 gong1	employee; staff member; worker	3
职业	職業	zhi2 ye4	occupation; profession; vocation; professional	3
职业病	職業病	zhi2 ye4 bing4	occupational disease	7-9
职权	職權	zhi2 quan2	authority; power over others	7-9
职能	職能	zhi2 neng2	function; role	5
职责	職責	zhi2 ze2	duty; responsibility; obligation	6
听	聽	ting1	to listen to; to hear; to heed; to obey; a can (loanword from English "tin"); classifier for canned beverages; to let be; to allow (Taiwan pr. [ting4]); (literary) to administer; to deal with (Taiwan pr. [ting4])	1
听到	聽到	ting1 dao4	to hear	1
听力	聽力	ting1 li4	hearing; listening ability	3
听取	聽取	ting1 qu3	to hear (news); to listen to	6
听写	聽寫	ting1 xie3	(of a pupil) to write down (in a dictation exercise); dictation; (music) to transcribe by ear	1
听从	聽從	ting1 cong2	to listen and obey; to comply with; to heed; to hearken	7-9
听众	聽眾	ting1 zhong4	audience; listeners	3
听见	聽見	ting1 jian4	to hear	1
听话	聽話	ting1 hua4	to do what one is told; obedient	7-9
听说	聽說	ting1 shuo1	to hear (sth said); one hears (that); hearsay; listening and speaking	2
听讲	聽講	ting1 jiang3	to attend a lecture; to listen to a talk	2
聋	聾	long2	deaf	7-9
聋人	聾人	long2 ren2	deaf person; hearing-impaired person	7-9
肇事	肇事	zhao4 shi4	to cause an accident; to be responsible for an incident; to provoke a disturbance	7-9
肉	肉	rou4	meat; flesh; pulp (of a fruit); (coll.) (of a fruit) squashy; (of a person) flabby; irresolute; Kangxi radical 130	1
肌肉	肌肉	ji1 rou4	muscle; flesh	5
肌肤	肌膚	ji1 fu1	skin; flesh; fig. close physical relationship	7-9
肯	肎	ken3	old variant of 肯[ken3]	6
肖像	肖像	xiao4 xiang4	portrait (painting, photo etc); (in a general sense) representation of a person; likeness	7-9
肚子	肚子	du4 zi5	belly; abdomen; stomach; CL:個|个[ge4]	4
肝	肝	gan1	liver (CL:葉|叶[ye4]); (slang) to put in long hours, typically late into the night, playing (a video game); (of a video game) involving a lot of repetition in order to progress; grindy	6
肝脏	肝臟	gan1 zang4	liver	7-9
股	股	gu3	thigh; part of a whole; portion of a sum; (finance) stock; share; strand of a thread; low-level administrative unit, translated as "section" or "department" etc, ranked below 科[ke1]; classifier for long winding things like ropes, rivers etc; classifier for smoke, smells etc: thread, puff, whiff; classifier for bands of people, gangs etc; classifier for sudden forceful actions	6
股份	股份	gu3 fen4	a share (in a company); stock	7-9
股市	股市	gu3 shi4	stock market	7-9
股东	股東	gu3 dong1	shareholder; stockholder	6
股民	股民	gu3 min2	stock investor; share trader	7-9
股票	股票	gu3 piao4	share certificate; stock (finance)	6
肢体	肢體	zhi1 ti3	limb; limbs and trunk; body	7-9
肥	肥	fei2	fat; fertile; loose-fitting or large; to fertilize; to become rich by illegal means; fertilizer; manure	4
肥料	肥料	fei2 liao4	fertilizer; manure	7-9
肥沃	肥沃	fei2 wo4	fertile	7-9
肥皂	肥皂	fei2 zao4	soap; CL:塊|块[kuai4],條|条[tiao2]	7-9
肥胖	肥胖	fei2 pang4	fat; obese	7-9
肩	肩	jian1	shoulder; to shoulder (responsibilities etc)	5
肩膀	肩膀	jian1 bang3	shoulder	7-9
肩负	肩負	jian1 fu4	to shoulder (a burden); to bear; to suffer (a disadvantage)	7-9
肯	肯	ken3	to agree; to consent; to be willing to	6
肯定	肯定	ken3 ding4	to be certain; to be positive; assuredly; definitely; to give recognition; to affirm; affirmative (answer)	5
肺	肺	fei4	lung; CL:個|个[ge4]	6
胃	胃	wei4	stomach; CL:個|个[ge4]	5
胃口	胃口	wei4 kou3	appetite; liking	7-9
背	背	bei1	to carry on one's back; (fig.) to bear; to shoulder (a burden, blame etc)	3
背	背	bei4	the back of a body or object; to turn one's back; to hide something from; to learn by heart; to recite from memory; (slang) unlucky; hard of hearing	3
背包	背包	bei1 bao1	knapsack; rucksack; infantry pack; field pack; blanket roll; CL:個|个[ge4]	5
背叛	背叛	bei4 pan4	to betray	7-9
背后	背後	bei4 hou4	behind; at the back; in the rear; behind sb's back	3
背心	背心	bei4 xin1	sleeveless garment (vest, waistcoat, singlet, tank top etc); CL:件[jian4]	6
背景	背景	bei4 jing3	background; backdrop; context; (fig.) powerful backer	4
背着	背著	bei1 zhe5	carrying on one's back	6
背着	背著	bei4 zhe5	turning one's back to (sth or sb); keeping sth secret from (sb); keeping (one's hands) behind one's back	6
背诵	背誦	bei4 song4	to recite; to repeat from memory	7-9
背面	背面	bei4 mian4	the back; the reverse side; the wrong side	7-9
胎	胎	tai1	fetus; classifier for litters (of puppies etc); padding (in clothing or bedding); womb carrying a fetus; (fig.) origin; source; (loanword) tire	7-9
胎儿	胎兒	tai1 er2	unborn child; fetus; embryo	7-9
胖	胖	pan2	healthy; at ease	3
胖	胖	pang4	fat; plump	3
胖子	胖子	pang4 zi5	fat person; fatty	4
胚胎	胚胎	pei1 tai1	embryo	7-9
胡同儿	胡同兒	hu2 tong4 r5	erhua form of 胡同[hu2 tong4]	5
胡思乱想	胡思亂想	hu2 si1 luan4 xiang3	(idiom) to indulge in flights of fancy; to let one's imagination run wild	7-9
胡说	胡說	hu2 shuo1	to talk nonsense; drivel	7-9
胡闹	胡鬧	hu2 nao4	to act willfully and make a scene; to make trouble	7-9
胳膊	胳膊	ge1 bo5	arm; CL:隻|只[zhi1],條|条[tiao2],雙|双[shuang1]	7-9
胸有成竹	胸有成竹	xiong1 you3 cheng2 zhu2	(idiom) to have a well-thought-out plan in mind	7-9
胸膛	胸膛	xiong1 tang2	chest	7-9
胸部	胸部	xiong1 bu4	chest; bosom	4
能	能	Neng2	surname Neng	1
能	能	neng2	can; to be able to; might possibly; ability; (physics) energy	1
能人	能人	neng2 ren2	capable person; Homo habilis, extinct species of upright East African hominid	7-9
能力	能力	neng2 li4	capability; ability; CL:個|个[ge4]	3
能否	能否	neng2 fou3	whether or not; can it or can't it; is it possible?	6
能够	能夠	neng2 gou4	to be capable of; to be able to; can	2
能干	能幹	neng2 gan4	capable; competent	4
能源	能源	neng2 yuan2	energy sources; energy	7-9
能耐	能耐	neng2 nai4	ability; capability	7-9
能耗	能耗	neng2 hao4	energy consumption	7-9
能量	能量	neng2 liang4	energy; capabilities	5
脂肪	脂肪	zhi1 fang2	fat (in the body, in a plant, or in food)	7-9
脆	脃	cui4	old variant of 脆[cui4]	5
脆	脆	cui4	brittle; fragile; crisp; crunchy; clear and loud voice; neat	5
脆弱	脆弱	cui4 ruo4	weak; frail	7-9
脉搏	脈搏	mai4 bo2	pulse (both medical and figurative)	7-9
脉络	脈絡	mai4 luo4	arteries and veins; network of blood vessels; vascular system (of a plant or animal); (fig.) fabric (i.e. underlying structure, as in "social fabric"); overall context	7-9
脊梁	脊梁	ji3 liang2	backbone; spine; Taiwan pr. [ji3 liang5]	7-9
脊梁	脊梁	ji3 liang5	(coll.) back (of a human or other vertebrate)	7-9
脖子	脖子	bo2 zi5	neck; CL:個|个[ge4]	7-9
吻	脗	wen3	variant of 吻[wen3]	7-9
修	脩	xiu1	variant of 修[xiu1]	3
脱	脫	tuo1	to shed; to take off; to escape; to get away from	4
脱口而出	脫口而出	tuo1 kou3 er2 chu1	(idiom) to blurt out; to let slip (an indiscreet remark)	7-9
脱颖而出	脫穎而出	tuo1 ying3 er2 chu1	to reveal one's talent (idiom); to rise above others; to distinguish oneself	7-9
脱节	脫節	tuo1 jie2	to come apart	7-9
脱落	脫落	tuo1 luo4	to drop off; to fall off; (of hair, teeth etc) to fall out; to omit (a character when writing)	7-9
脱身	脫身	tuo1 shen1	to get away; to escape (from obligations); to free oneself; to disengage	7-9
脱离	脫離	tuo1 li2	to separate oneself from; to break away from; diastasis (medicine); abscission; abjunction (botany)	5
胀	脹	zhang4	to swell; to distend; to expand; swollen; bloated	7-9
脾	脾	pi2	spleen	7-9
脾气	脾氣	pi2 qi5	character; temperament; disposition; bad temper; CL:股[gu3]	5
肾	腎	shen4	kidney	7-9
腐化	腐化	fu3 hua4	to rot; to decay; to become corrupt	7-9
腐败	腐敗	fu3 bai4	corruption; to corrupt; to rot; rotten	7-9
腐朽	腐朽	fu3 xiu3	rotten; decayed; decadent; degenerate	7-9
腐烂	腐爛	fu3 lan4	to rot; to putrefy; (fig.) corrupt	7-9
腐蚀	腐蝕	fu3 shi2	corrosion; to corrode (degrade chemically); to rot; corruption	7-9
腔	腔	qiang1	(bound form) cavity; (bound form) speech; talk; tune; accent (in one's speech); (old) classifier for carcasses of slaughtered livestock	7-9
腥	腥	xing1	fishy (smell)	7-9
脑子	腦子	nao3 zi5	brains; mind; CL:個|个[ge4]	5
脑海	腦海	nao3 hai3	the mind; the brain	7-9
脑筋	腦筋	nao3 jin1	brains; mind; head; way of thinking	7-9
脑袋	腦袋	nao3 dai5	head; skull; brains; mental capability; CL:顆|颗[ke1],個|个[ge4]	4
肿	腫	zhong3	to swell; swelling; swollen	6
肿瘤	腫瘤	zhong3 liu2	tumor	7-9
腰	腰	yao1	the waist and lower back; (bound form) kidney of an animal (as food); the waist of trousers or a skirt; (metonym) money pouch; pocket; (bound form) the middle section of an upright object (mountain, bottle etc)	4
脚	腳	jiao3	foot; leg (of an animal or an object); base (of an object); CL:雙|双[shuang1],隻|只[zhi1]; classifier for kicks	2
脚	腳	jue2	role (variant of 角[jue2])	2
脚印	腳印	jiao3 yin4	footprint	6
脚步	腳步	jiao3 bu4	footstep; step	5
肠	腸	chang2	intestines	5
腹泻	腹瀉	fu4 xie4	diarrhea; to have the runs	7-9
腹部	腹部	fu4 bu4	abdomen; belly; flank	7-9
腺	腺	xian4	gland	7-9
腿	腿	tui3	leg; CL:條|条[tiao2]	2
肠	膓	chang2	old variant of 腸|肠[chang2]	5
膜	膜	mo2	membrane; film	6
膝盖	膝蓋	xi1 gai4	knee; (Internet slang) to kneel down (in admiration)	7-9
胶囊	膠囊	jiao1 nang2	(pharm.) capsule	7-9
胶带	膠帶	jiao1 dai4	adhesive tape; magnetic tape	5
胶水	膠水	jiao1 shui3	glue	5
胶片	膠片	jiao1 pian4	(photographic) film	7-9
膨胀	膨脹	peng2 zhang4	to expand; to inflate; to swell	7-9
膳食	膳食	shan4 shi2	meals; food	7-9
胆	膽	dan3	gall bladder; courage; guts; gall; inner container (e.g. bladder of a football, inner container of a thermos)	5
胆子	膽子	dan3 zi5	courage; nerve; guts	7-9
胆小	膽小	dan3 xiao3	cowardice; timid	5
胆怯	膽怯	dan3 qie4	timidity; timid; cowardly	7-9
脸	臉	lian3	face; CL:張|张[zhang1],個|个[ge4]	2
脸盆	臉盆	lian3 pen2	washbowl; basin for washing hands and face; CL:個|个[ge4]	5
脸色	臉色	lian3 se4	complexion; look	5
脸颊	臉頰	lian3 jia2	cheek	7-9
腊月	臘月	La4 yue4	twelfth lunar month	7-9
裸	臝	luo3	variant of 裸[luo3]	7-9
脏	臟	zang4	viscera; (anatomy) organ	2
卧	臥	wo4	to lie; to crouch	7-9
卧室	臥室	wo4 shi4	bedroom; CL:間|间[jian1]	5
卧铺	臥鋪	wo4 pu4	a bed (on a train); a couchette	6
临	臨	lin2	to face; to overlook; to arrive; to be (just) about to; just before	7-9
临床	臨床	lin2 chuang2	(medicine) clinical	7-9
临时	臨時	lin2 shi2	as the time draws near; at the last moment; temporary; interim; ad hoc	4
临街	臨街	lin2 jie1	facing the street	7-9
临近	臨近	lin2 jin4	to approach; to draw near; to be close to (in space or time)	7-9
自	自	zi4	(bound form) self; oneself; from; since; naturally; as a matter of course	4
自主	自主	zi4 zhu3	to act independently; to be autonomous; to be in control of one's own affairs	3
自以为是	自以為是	zi4 yi3 wei2 shi4	to believe oneself infallible (idiom); to be opinionated	7-9
自来水	自來水	zi4 lai2 shui3	running water; tap water	6
自信	自信	zi4 xin4	to have confidence in oneself; self-confidence	4
自信心	自信心	zi4 xin4 xin1	self-confidence	7-9
自力更生	自力更生	zi4 li4 geng1 sheng1	regeneration through one's own effort (idiom); self-reliance	7-9
自助	自助	zi4 zhu4	self-service	7-9
自动	自動	zi4 dong4	automatic; voluntarily	3
自卑	自卑	zi4 bei1	to have low self-esteem; to abase oneself	7-9
自在	自在	zi4 zai5	comfortable; at ease	6
自如	自如	zi4 ru2	unobstructed; unconstrained; smoothly; with ease; freely	7-9
自始至终	自始至終	zi4 shi3 zhi4 zhong1	from start to finish (idiom)	7-9
自学	自學	zi4 xue2	self-study; to study on one's own	6
自尊	自尊	zi4 zun1	self-respect; self-esteem; ego; pride	7-9
自尊心	自尊心	zi4 zun1 xin1	self-respect; self-esteem; ego	7-9
自己	自己	zi4 ji3	oneself; (attributive) one's own	2
自强不息	自強不息	zi4 qiang2 bu4 xi1	to strive unremittingly; self-improvement	7-9
自从	自從	zi4 cong2	since (a time); ever since	3
自我	自我	zi4 wo3	the self; oneself; self-; (psychology) ego	6
自杀	自殺	zi4 sha1	to kill oneself; to commit suicide; to attempt suicide	5
自然	自然	zi4 ran2	nature; natural; naturally	3
自然界	自然界	zi4 ran2 jie4	nature; the natural world	7-9
自然而然	自然而然	zi4 ran2 er2 ran2	(idiom) natural; unforced; (idiom) naturally; as a matter of course; in the natural course of things	7-9
自理	自理	zi4 li3	to take care of oneself; to provide for oneself	7-9
自由	自由	zi4 you2	freedom; liberty; free; unrestricted	2
自由自在	自由自在	zi4 you2 zi4 zai4	free and easy (idiom); carefree; leisurely	7-9
自发	自發	zi4 fa1	spontaneous	7-9
自相矛盾	自相矛盾	zi4 xiang1 mao2 dun4	to contradict oneself; self-contradictory; inconsistent	7-9
自私	自私	zi4 si1	selfish; selfishness	7-9
自私自利	自私自利	zi4 si1 zi4 li4	everything for self and selfish profit (idiom); with no regard for others; selfish; mercenary	7-9
自称	自稱	zi4 cheng1	to call oneself; to claim to be; to profess; to claim a title	7-9
自立	自立	zi4 li4	independent; self-reliant; self-sustaining; to stand on one's own feet; to support oneself	7-9
自行	自行	zi4 xing2	voluntary; autonomous; by oneself; self-	7-9
自行车	自行車	zi4 xing2 che1	bicycle; bike; CL:輛|辆[liang4]	2
自卫	自衛	zi4 wei4	to defend oneself; self-defense	7-9
自觉	自覺	zi4 jue2	to realize; to be aware of; to feel that; to be conscious of (sth relating to oneself); responsible; predisposed to do the right thing; considerate of others	3
自言自语	自言自語	zi4 yan2 zi4 yu3	(idiom) to talk to oneself; to think aloud; to soliloquize	6
自豪	自豪	zi4 hao2	proud (of one's achievements etc)	5
自负	自負	zi4 fu4	conceited; to take responsibility	7-9
自责	自責	zi4 ze2	to blame oneself	7-9
自费	自費	zi4 fei4	at one's own expense; self-funded	7-9
自身	自身	zi4 shen1	itself; oneself; one's own	3
自愿	自願	zi4 yuan4	voluntary	5
臭	臭	chou4	stench; smelly; to smell (bad); repulsive; loathsome; terrible; bad; severely; ruthlessly; dud (ammunition)	5
臭	臭	xiu4	sense of smell; smell bad	5
至	至	zhi4	to arrive; most; to; until	5
至今	至今	zhi4 jin1	so far; to this day; until now	3
至少	至少	zhi4 shao3	at least; (to say the) least	3
至于	至於	zhi4 yu2	as for; as to; to go so far as to	6
至此	至此	zhi4 ci3	up until now; so far	7-9
至关重要	至關重要	zhi4 guan1 zhong4 yao4	extremely important; vital; crucial; essential	7-9
致	致	zhi4	(literary) to send; to transmit; to convey; (bound form) to cause; to lead to; consequently	7-9
致使	致使	zhi4 shi3	to cause; to result in	7-9
致命	致命	zhi4 ming4	fatal; mortal; deadly; to sacrifice one's life	7-9
致富	致富	zhi4 fu4	to become rich	7-9
致敬	致敬	zhi4 jing4	to salute; to pay one's respects to; to pay tribute to; to pay homage to	7-9
致辞	致辭	zhi4 ci2	to express in words or writing; to make a speech (esp. short introduction, vote of thanks, afterword, funeral homily etc); to address (an audience); same as 致詞|致词	7-9
台	臺	Tai2	Taiwan (abbr.)	3
台	臺	tai2	platform; stage; terrace; stand; support; station; broadcasting station; classifier for vehicles or machines	3
台上	臺上	tai2 shang4	on stage	4
台阶	臺階	tai2 jie1	steps; flight of steps; step (over obstacle); fig. way out of an embarrassing situation; bench (geology)	4
台风	臺風	tai2 feng1	stage presence, poise	5
舅舅	舅舅	jiu4 jiu5	mother's brother; maternal uncle (informal); CL:個|个[ge4]	7-9
与	與	yu2	variant of 歟|欤[yu2]	6
与	與	yu3	(formal) and; together with (linking parallel nouns, verbs, or phrases); (formal) with; from (marking the other participant in an interaction, comparison, or contrast, e.g. 與他握手|与他握手[yu3 ta1 wo4 shou3] "shake hands with him", 與去年不同|与去年不同[yu3 qu4 nian2 bu4 tong2] "different from last year"); (literary) to give; to grant; to bestow	6
与	與	yu4	to take part in	6
与其	與其	yu3 qi2	rather than... (used in expressions of the form 與其|与其[yu3 qi2] + {verb1} + 不如[bu4 ru2] + {verb2} "rather than {verb1}, better to {verb2}")	7-9
与否	與否	yu3 fou3	whether or not (at the end of a phrase)	7-9
与日俱增	與日俱增	yu3 ri4 ju4 zeng1	to increase steadily; to grow with each passing day	7-9
与时俱进	與時俱進	yu3 shi2 ju4 jin4	abreast of modern developments; to keep up with the times; progressive; timely	7-9
与此同时	與此同時	yu3 ci3 tong2 shi2	at the same time; meanwhile	7-9
与众不同	與眾不同	yu3 zhong4 bu4 tong2	(idiom) to stand out from the crowd; distinctive; different from the rest	7-9
兴奋	興奮	xing1 fen4	excited; excitement; (physiology) excitation	4
兴奋剂	興奮劑	xing1 fen4 ji4	stimulant; doping (in athletics)	7-9
兴建	興建	xing1 jian4	to build; to construct	7-9
兴旺	興旺	xing1 wang4	prosperous; thriving; to prosper; to flourish	6
兴致	興致	xing4 zhi4	mood; spirits; interest	7-9
兴起	興起	xing1 qi3	to rise; to spring up; to burgeon; to be aroused; to come into vogue	7-9
兴趣	興趣	xing4 qu4	interest (desire to know about sth); interest (thing in which one is interested); hobby	4
兴高采烈	興高采烈	xing4 gao1 cai3 lie4	happy and excited (idiom); in high spirits; in great delight	7-9
举	舉	ju3	to lift; to hold up; to cite; to enumerate; to act; to raise; to choose; to elect; act; move; deed	2
举一反三	舉一反三	ju3 yi1 fan3 san1	to raise one and infer three; to deduce many things from one case (idiom)	7-9
举世无双	舉世無雙	ju3 shi4 wu2 shuang1	unrivaled (idiom); world number one; unique; unequaled	7-9
举世瞩目	舉世矚目	ju3 shi4 zhu3 mu4	to receive worldwide attention	7-9
举世闻名	舉世聞名	ju3 shi4 wen2 ming2	world-famous (idiom)	7-9
举例	舉例	ju3 li4	to give an example	7-9
举动	舉動	ju3 dong4	act; action; activity; move; movement	5
举报	舉報	ju3 bao4	to report (malefactors to the police); to denounce	7-9
举手	舉手	ju3 shou3	to raise a hand; to put up one's hand (as signal)	2
举措	舉措	ju3 cuo4	move; act; measure	7-9
举止	舉止	ju3 zhi3	bearing; manner; mien	7-9
举行	舉行	ju3 xing2	to hold (a meeting, ceremony etc)	2
举办	舉辦	ju3 ban4	to conduct; to hold (an event)	3
举重	舉重	ju3 zhong4	to lift weights; weight-lifting (sports)	7-9
旧	舊	jiu4	old; opposite: new 新; former; worn (with age)	3
舌头	舌頭	she2 tou5	tongue; CL:個|个[ge4]; enemy soldier captured for the purpose of extracting information	6
舒畅	舒暢	shu1 chang4	happy; entirely free from worry	7-9
舒服	舒服	shu1 fu5	comfortable; feeling well	2
舒适	舒適	shu1 shi4	cozy; snug	4
舔	舔	tian3	to lick; to lap	7-9
铺	舖	pu4	variant of 鋪|铺[pu4]; store	6
舞	舞	wu3	to dance; to wield; to brandish	5
舞厅	舞廳	wu3 ting1	dance hall; ballroom; CL:間|间[jian1]	7-9
舞台	舞臺	wu3 tai2	(lit. and fig.) stage; arena	3
舞蹈	舞蹈	wu3 dao3	dance (performance art); dancing	6
船	舩	chuan2	variant of 船[chuan2]	2
航天	航天	hang2 tian1	space flight	7-9
航天员	航天員	hang2 tian1 yuan2	astronaut	7-9
航海	航海	hang2 hai3	to sail the seas; maritime navigation; voyage	7-9
航班	航班	hang2 ban1	(scheduled) flight; (scheduled) sailing	4
航空	航空	hang2 kong1	aviation	4
航行	航行	hang2 xing2	to sail; to fly; to navigate	7-9
航运	航運	hang2 yun4	shipping; transport	7-9
舵手	舵手	duo4 shou3	helmsman	7-9
船	船	chuan2	boat; vessel; ship; CL:條|条[tiao2],艘[sou1],隻|只[zhi1]	2
船员	船員	chuan2 yuan2	sailor; crew member	6
船桨	船槳	chuan2 jiang3	oar	7-9
船舶	船舶	chuan2 bo2	shipping; boats	7-9
船长	船長	chuan2 zhang3	captain (of a boat); skipper	6
船只	船隻	chuan2 zhi1	ship; boat; vessel	6
艘	艘	sou1	classifier for ships; Taiwan pr. [sao1]	7-9
舱	艙	cang1	cabin; the hold of a ship or airplane	7-9
良	良	liang2	good; very; very much	7-9
良好	良好	liang2 hao3	good; favorable; well; fine	4
良心	良心	liang2 xin1	conscience	7-9
良性	良性	liang2 xing4	positive (in its effect); leading to good consequences; virtuous; (medicine) benign (tumor etc)	7-9
艰巨	艱巨	jian1 ju4	variant of 艱鉅|艰巨[jian1 ju4]	7-9
艰苦	艱苦	jian1 ku3	difficult; hard; arduous	5
艰苦奋斗	艱苦奮鬥	jian1 ku3 fen4 dou4	to struggle arduously	7-9
艰辛	艱辛	jian1 xin1	hardships; arduous; difficult	7-9
艰巨	艱鉅	jian1 ju4	(of a task, mission or responsibility) extremely difficult; challenging; demanding	7-9
艰险	艱險	jian1 xian3	difficult and dangerous; hardships and perils	7-9
艰难	艱難	jian1 nan2	difficult; hard; challenging	5
色	色	se4	color; CL:種|种[zhong3]; look; appearance; sex	4
色	色	shai3	(coll.) color; used in 色子[shai3 zi5]	4
色彩	色彩	se4 cai3	tint; coloring; coloration; (fig.) flavor; character	4
艳丽	艷麗	yan4 li4	gorgeous; garish and beautiful	7-9
草	艸	cao3	variant of 草[cao3]	2
艾滋病	艾滋病	ai4 zi1 bing4	(loanword) AIDS	7-9
芝士	芝士	zhi1 shi4	(loanword) cheese	7-9
芝麻	芝麻	zhi1 ma5	sesame (seed)	7-9
芬芳	芬芳	fen1 fang1	perfume; fragrant	7-9
芭蕾	芭蕾	ba1 lei3	ballet (loanword)	7-9
芯片	芯片	xin1 pian4	computer chip; microchip	7-9
花卉	花卉	hua1 hui4	flowers and plants	7-9
花园	花園	hua1 yuan2	garden (for flowers, ornamental plants etc); (landscaped) park; yard with decorative plants; CL:座[zuo4]	2
花样	花樣	hua1 yang4	pattern; way of doing sth; trick; ruse; fancy-style (as in 花樣滑冰|花样滑冰[hua1 yang4 hua2 bing1] figure skating)	7-9
花瓣	花瓣	hua1 ban4	petal; CL:片[pian4]	7-9
花瓶	花瓶	hua1 ping2	flower vase; (fig.) female employee considered to be just a pretty face (attractive but not very competent)	6
花生	花生	hua1 sheng1	peanut; CL:粒[li4]	6
花纹	花紋	hua1 wen2	decorative design	7-9
花费	花費	hua1 fei4	expense; cost; to spend (time or money); expenditure	6
芽	芽	ya2	bud; sprout	7-9
苗	苗	Miao2	surname Miao; Miao ethnic group	7-9
苗	苗	miao2	sprout	7-9
苗条	苗條	miao2 tiao5	(of a woman) slim; slender; graceful	7-9
苗头	苗頭	miao2 tou5	first signs; development (of a situation)	7-9
苛刻	苛刻	ke1 ke4	harsh; severe; demanding	7-9
若	若	re3	used in 般若[bo1 re3]; used in 蘭若|兰若[lan2 re3]	6
若	若	ruo4	to seem; like; as; if	6
若干	若干	ruo4 gan1	a certain number or amount; how many?; how much?	7-9
苦	苦	ku3	bitter; hardship; pain; to suffer; to bring suffering to; painstakingly	4
苦力	苦力	ku3 li4	bitter work; hard toil; (loanword) coolie, unskilled Chinese laborer in colonial times	7-9
苦心	苦心	ku3 xin1	painstaking effort; to take a lot of trouble; laborious at pains	7-9
苦恼	苦惱	ku3 nao3	vexed; distressed	7-9
苦笑	苦笑	ku3 xiao4	to force a smile; a bitter laugh	7-9
苦练	苦練	ku3 lian4	to train hard; to practice diligently; hard work; blood, sweat, and tears	7-9
苦难	苦難	ku3 nan4	suffering	7-9
英俊	英俊	ying1 jun4	handsome	7-9
英勇	英勇	ying1 yong3	heroic; gallant; valiant	4
英文	英文	Ying1 wen2	English (language)	2
英语	英語	Ying1 yu3	English (language)	2
英镑	英鎊	Ying1 bang4	pound sterling	7-9
英雄	英雄	ying1 xiong2	hero; CL:個|个[ge4]	6
茂密	茂密	mao4 mi4	dense (of plant growth); lush	7-9
茂盛	茂盛	mao4 sheng4	lush	7-9
茄子	茄子	qie2 zi5	eggplant (Solanum melongena L.); aubergine; brinjal; Guinea squash; phonetic "cheese" (when being photographed); equivalent of "say cheese"	6
茫然	茫然	mang2 ran2	blankly; vacantly; at a loss	7-9
兹	茲	ci2	used in 龜茲|龟兹[Qiu1 ci2]	7-9
兹	茲	zi1	(literary) this; (literary) now; (literary) year	7-9
茶	茶	cha2	tea; tea plant; CL:杯[bei1],壺|壶[hu2]	1
茶叶	茶葉	cha2 ye4	tea; tea leaves; CL:盒[he2],罐[guan4],包[bao1],片[pian4]	4
茶道	茶道	cha2 dao4	Japanese tea ceremony; sado	7-9
茶馆儿	茶館兒	cha2 guan3 r5	erhua form of 茶館|茶馆[cha2 guan3]	7-9
草	草	cao3	grass; straw; manuscript; draft (of a document); careless; rough; CL:棵[ke1],撮[zuo3],株[zhu1],根[gen1]	2
草	草	cao4	variant of 肏[cao4]	2
草原	草原	cao3 yuan2	grassland; prairie; CL:片[pian4]	5
草地	草地	cao3 di4	lawn; meadow; sod; turf; CL:片[pian4]	2
草坪	草坪	cao3 ping2	lawn	7-9
草案	草案	cao3 an4	draft (legislation, proposal etc)	7-9
荆棘	荊棘	jing1 ji2	thistles and thorns; brambles; thorny undergrowth	7-9
荒	荒	huang1	desolate; shortage; scarce; out of practice; absurd; uncultivated; to neglect	7-9
荒凉	荒涼	huang1 liang2	desolate	7-9
荒诞	荒誕	huang1 dan4	beyond belief; incredible; preposterous; fantastic	7-9
荒谬	荒謬	huang1 miu4	absurd; ridiculous	7-9
荷花	荷花	he2 hua1	lotus	7-9
庄严	莊嚴	zhuang1 yan2	solemn; dignified; stately	7-9
庄园	莊園	zhuang1 yuan2	manor; feudal land; villa and park	7-9
庄稼	莊稼	zhuang1 jia5	farm crop	7-9
茎	莖	jing1	stalk; stem; CL:條|条[tiao2]	7-9
莫名其妙	莫名其妙	mo4 ming2 qi2 miao4	(idiom) baffling; bizarre; without rhyme or reason; inexplicable	7-9
莫过于	莫過於	mo4 guo4 yu2	nothing can surpass	7-9
莫非	莫非	mo4 fei1	can it be possible that; could it be	7-9
菊花	菊花	ju2 hua1	chrysanthemum; (TCM) chrysanthemum flower; (slang) anus	7-9
灾	菑	zai1	old variant of 災|灾[zai1]	5
菜	菜	cai4	vegetable; greens (CL:棵[ke1]); dish (of food) (CL:樣|样[yang4],道[dao4],盤|盘[pan2]); (of one's skills etc) weak; poor; (coll.) (one's) type	1
菜单	菜單	cai4 dan1	menu; CL:份[fen4],張|张[zhang1]	2
菜市场	菜市場	cai4 shi4 chang3	food market	7-9
菩萨	菩薩	pu2 sa4	(Buddhism) bodhisattva	7-9
华人	華人	Hua2 ren2	ethnic Chinese person or people	3
华侨	華僑	Hua2 qiao2	overseas Chinese; (in a restricted sense) Chinese emigrant who still retains Chinese nationality; CL:個|个[ge4],位[wei4],名[ming2]	7-9
华裔	華裔	Hua2 yi4	ethnic Chinese; non-Chinese citizen of Chinese ancestry	7-9
华语	華語	Hua2 yu3	Chinese language	5
华丽	華麗	hua2 li4	gorgeous	7-9
烟	菸	yan1	tobacco (variant of 煙|烟[yan1])	3
萌发	萌發	meng2 fa1	to sprout; to shoot; to bud	7-9
萌芽	萌芽	meng2 ya2	(of a seed) to germinate; (of a plant) to sprout; to bud; sprout; bud; (also used figuratively)	7-9
萍水相逢	萍水相逢	ping2 shui3 xiang1 feng2	strangers coming together by chance (idiom)	7-9
萎缩	萎縮	wei3 suo1	to wither; to dry up (of a plant); to atrophy (of muscle, social custom etc)	7-9
万	萬	Wan4	surname Wan	2
万	萬	wan4	ten thousand; a great number	2
万一	萬一	wan4 yi1	just in case; if by any chance; contingency	4
万分	萬分	wan4 fen1	very much; extremely; one ten thousandth part	7-9
万古长青	萬古長青	wan4 gu3 chang2 qing1	(idiom) enduring through the ages; ever-flourishing	7-9
万无一失	萬無一失	wan4 wu2 yi1 shi1	surefire; absolutely safe (idiom)	7-9
万能	萬能	wan4 neng2	omnipotent; all-purpose; universal	7-9
万万	萬萬	wan4 wan4	hundred million; (fig.) enormous quantity; absolutely; certainly (usually followed by a negative expression)	7-9
落	落	la4	to leave out; to be missing; to leave behind or forget to bring; to lag or fall behind	5
落	落	lao4	colloquial reading for 落[luo4] in certain compounds	5
落	落	luo4	to fall or drop; (of the sun) to set; (of a tide) to go out; to lower; to decline or sink; to lag or fall behind; to fall onto; to rest with; to get or receive; to write down; whereabouts; settlement	5
落下	落下	luo4 xia4	to fall; to drop; to land (of projectile)	7-9
落地	落地	luo4 di4	to fall to the ground; to be set on the ground; to reach to the ground; to be born; (of a plane) to land	7-9
落实	落實	luo4 shi2	practical; workable; to implement; to carry out; to decide	5
落差	落差	luo4 cha1	drop in elevation; (fig.) gap (in wages, expectations etc); disparity	7-9
落后	落後	luo4 hou4	to fall behind; to lag (in technology etc); backward; to retrogress	3
落户	落戶	luo4 hu4	to settle; to set up home	7-9
叶子	葉子	ye4 zi5	leaf (CL:片[pian4]); (slang) marijuana	4
着	著	zhao1	a move in chess (Taiwan pr. [zhuo2]); trick; tactic; (dialect) okay; all right; (dialect) to put in; to add	4
着	著	zhao2	to touch; to come in contact with; to feel; to be affected by; to catch fire; to burn; (coll.) to fall asleep; (after a verb) hitting the mark; succeeding in	4
着	著	zhe5	aspect particle indicating action in progress or ongoing state	4
着	著	zhuo2	to wear (clothes); to contact; to use; to apply	4
著作	著作	zhu4 zuo4	to write; literary work; book; article; writings; CL:部[bu4]	4
着力	著力	zhuo2 li4	to put effort into sth; to try really hard	7-9
著名	著名	zhu4 ming2	famous; noted; well-known; celebrated	4
着实	著實	zhuo2 shi2	truly; indeed; severely; harshly	7-9
着急	著急	zhao2 ji2	to worry; to feel anxious; to feel a sense of urgency; to be in a hurry; Taiwan pr. [zhao1ji2]	4
着想	著想	zhuo2 xiang3	to give thought (to others); to consider (other people's needs); also pr. [zhao2 xiang3]	7-9
着手	著手	zhuo2 shou3	to put one's hand to it; to start out on a task; to set out	7-9
着火	著火	zhao2 huo3	to catch fire	4
着眼	著眼	zhuo2 yan3	to have one's eyes on (a goal); having sth in mind; to concentrate	7-9
着落	著落	zhuo2 luo4	whereabouts; place to settle; reliable source (of funds etc); (of responsibility for a matter) to rest with sb; settlement; solution	7-9
着迷	著迷	zhao2 mi2	to be fascinated; to be captivated	7-9
着重	著重	zhuo2 zhong4	to put emphasis on; to stress	7-9
葡萄	葡萄	pu2 tao5	grape	5
葡萄酒	葡萄酒	pu2 tao5 jiu3	(grape) wine	5
董事	董事	dong3 shi4	board member	7-9
董事会	董事會	dong3 shi4 hui4	board of directors	7-9
董事长	董事長	dong3 shi4 zhang3	chairman of the board of directors	7-9
葬	葬	zang4	to bury (the dead); to inter	7-9
葬礼	葬禮	zang4 li3	burial; funeral	7-9
药	葯	yao4	leaf of the iris; variant of 藥|药[yao4]	2
搜	蒐	sou1	(bound form) to collect; to gather	5
搜集	蒐集	sou1 ji2	to gather; to collect	7-9
蒙	蒙	Meng2	surname Meng	6
蒙	蒙	Meng3	Mongol ethnic group; abbr. for Mongolia 蒙古國|蒙古国[Meng3 gu3 guo2]; Taiwan pr. [Meng2]	6
蒙	蒙	meng1	(knocked) unconscious; dazed; stunned	6
蒙	蒙	meng2	to cover; ignorant; to suffer (misfortune); to receive (a favor); to cheat	6
蒜	蒜	suan4	garlic; CL:頭|头[tou2],瓣[ban4]	7-9
蒸	蒸	zheng1	to evaporate; (of cooking) to steam; torch made from hemp stalks or bamboo (old); finely chopped firewood (old)	7-9
苍蝇	蒼蠅	cang1 ying5	housefly; CL:隻|只[zhi1]	7-9
席	蓆	xi2	woven mat (variant of 席[xi2])	7-9
盖	蓋	Ge3	surname Ge	4
盖	蓋	gai4	lid; top; cover; canopy; to cover; to conceal; to build	4
盖子	蓋子	gai4 zi5	cover; lid; shell	7-9
蓬勃	蓬勃	peng2 bo2	vigorous; flourishing; full of vitality	7-9
莲子	蓮子	lian2 zi3	lotus seed	7-9
蔓延	蔓延	man4 yan2	to extend; to spread	7-9
葱	蔥	cong1	scallion; green onion	7-9
蔬菜	蔬菜	shu1 cai4	vegetables	5
荡漾	蕩漾	dang4 yang4	to ripple; to undulate	7-9
萧条	蕭條	xiao1 tiao2	bleak; desolate; (economics) in a slump; sluggish; depressed	7-9
薄	薄	Bo2	surname Bo	4
薄	薄	bao2	thin; cold in manner; indifferent; weak; light; infertile	4
薄	薄	bo2	meager; slight; weak; ungenerous or unkind; frivolous; to despise; to belittle; to look down on; to approach or near	4
薄	薄	bo4	see 薄荷[bo4 he5]	4
薄弱	薄弱	bo2 ruo4	weak; frail	5
姜	薑	jiang1	ginger	7-9
剃	薙	ti4	shave; to weed	7-9
薪水	薪水	xin1 shui3	salary; wage	6
薯条	薯條	shu3 tiao2	french fries; french fried potatoes; chips	6
薯片	薯片	shu3 pian4	fried potato chips	6
熏	薰	xun1	fragrance; warm; to educate; variant of 熏[xun1]; to smoke; to fumigate	7-9
熏陶	薰陶	xun1 tao2	to seep in; to influence; to nurture; influence; training	7-9
借	藉	jie4	variant of 借[jie4]	2
蓝	藍	Lan2	surname Lan	2
蓝	藍	lan2	blue; indigo plant	2
蓝图	藍圖	lan2 tu2	blueprint	7-9
蓝天	藍天	lan2 tian1	blue sky	6
蓝色	藍色	lan2 se4	blue (color)	2
蓝领	藍領	lan2 ling3	blue-collar; blue-collar worker	6
藏	藏	Zang4	Tibetan ethnic group; Tibet Autonomous Region (short name for 西藏自治區|西藏自治区[Xi1 zang4 Zi4 zhi4 qu1])	6
藏	藏	cang2	to conceal; to hide away; to harbor; to store; to collect	6
藏	藏	zang4	storehouse; depository; Buddhist or Taoist scripture	6
藏匿	藏匿	cang2 ni4	to cover up; to conceal; to go into hiding	7-9
藏品	藏品	cang2 pin3	museum piece; collector's item; precious object	7-9
藏身	藏身	cang2 shen1	to hide; to go into hiding; to take refuge	7-9
艺人	藝人	yi4 ren2	entertainer; performing artist; artisan; craftsman	6
艺术	藝術	yi4 shu4	art	3
藤椅	藤椅	teng2 yi3	rattan chair	7-9
药	藥	yao4	medicine; drug; substance used for a specific purpose (e.g. poisoning, explosion, fermenting); CL:種|种[zhong3],服[fu4],味[wei4]; to poison	2
药品	藥品	yao4 pin3	medicaments; medicine; drug	6
药店	藥店	yao4 dian4	pharmacy; drugstore	2
药方	藥方	yao4 fang1	prescription	7-9
药材	藥材	yao4 cai2	medicinal ingredient	7-9
药水	藥水	Yao4 shui3	Yaksu in North Korea, near the border with Liaoning and Jiling province	2
药水	藥水	yao4 shui3	medicine in liquid form; bottled medicine; lotion	2
药片	藥片	yao4 pian4	a (medicine) pill or tablet; CL:片[pian4]	2
药物	藥物	yao4 wu4	medicaments; pharmaceuticals; medication; medicine; drug	4
芦花	蘆花	lu2 hua1	reed catkin; reed flower	7-9
蕴涵	蘊涵	yun4 han2	to contain; to accumulate; to embrace; implicit condition; implication; entailment	7-9
蕴藏	蘊藏	yun4 cang2	to hold in store; to contain (untapped reserves etc)	7-9
苹果	蘋果	Ping2 guo3	Apple (American tech company)	3
苹果	蘋果	ping2 guo3	apple; CL:個|个[ge4],顆|颗[ke1]	3
蘑菇	蘑菇	mo2 gu5	mushroom; to pester; to dawdle	7-9
蘸	蘸	zhan4	to dip in (ink, sauce etc)	7-9
萝卜	蘿蔔	luo2 bo5	radish (Raphanus sativus), esp. daikon; CL:根[gen1]	7-9
虎	虎	hu3	tiger; CL:隻|只[zhi1]	5
虐待	虐待	nu:e4 dai4	to mistreat; to maltreat; to abuse; mistreatment; maltreatment	7-9
虔诚	虔誠	qian2 cheng2	pious; devout; sincere	7-9
处	處	chu3	to reside; to live; to dwell; to be in; to be situated at; to stay; to get along with; to be in a position of; to deal with; to discipline; to punish	4
处	處	chu4	(bound form) place; locality; (bound form) part; aspect; (bound form) office; department; bureau; classifier for locations: spot, point	4
处分	處分	chu3 fen4	to discipline sb; to punish; disciplinary action; to deal with (a matter); CL:個|个[ge4]	5
处在	處在	chu3 zai4	to be situated at; to find oneself at	5
处境	處境	chu3 jing4	situation (of a person)	7-9
处方	處方	chu3 fang1	medical prescription; to write out a prescription; (fig.) recommendation; advice	7-9
处于	處於	chu3 yu2	to be in (some state, position, or condition)	4
处理	處理	chu3 li3	to handle; to deal with; to punish; to treat sth by a special process; to process; to sell at reduced prices	3
处置	處置	chu3 zhi4	to handle; to take care of; to punish	7-9
处罚	處罰	chu3 fa2	to penalize; to punish	5
处处	處處	chu4 chu4	everywhere; in all respects	6
处长	處長	chu4 zhang3	department head; section chief	6
虚	虛	xu1	emptiness; void; abstract theory or guiding principles; empty or unoccupied; diffident or timid; false; humble or modest; (of health) weak; virtual; in vain	7-9
虚假	虛假	xu1 jia3	false; phony; sham	7-9
虚伪	虛偽	xu1 wei3	false; hypocritical; artificial; sham	7-9
虚幻	虛幻	xu1 huan4	imaginary; illusory	7-9
虚弱	虛弱	xu1 ruo4	weak; in poor health	7-9
虚心	虛心	xu1 xin1	open-minded; humble	5
虚拟	虛擬	xu1 ni3	to imagine; to make up; fictitious; theoretical; hypothetical; (computing) to emulate; (computing) virtual	7-9
虚构	虛構	xu1 gou4	to make up; fabrication; fictional; imaginary	7-9
号	號	hao2	(bound form) to wail; to howl	1
号	號	hao4	(literary) to call out; to command; (bound form) bugle; trumpet; (bound form) signal; bugle call (e.g. 起床號|起床号[qi3 chuang2 hao4]); (bound form) mark; sign; to mark; to label; to assign a number; (bound form) name; appellation (e.g. 國號|国号[guo2 hao4], 年號|年号[nian2 hao4], 遼寧號|辽宁号[Liao2 ning2 Hao4]); (after a numeral) number designation (e.g. 237號房間|237号房间[er4 san1 qi1 hao4 fang2 jian1] "Room 237"); day of the month (e.g. 七號|七号[qi1 hao4] "the 7th"); (bound form) size; type; category (e.g. 五號電池|五号电池[wu3 hao4 dian4 chi2]); (TCM) to feel (the pulse) (used in 號脈|号脉[hao4 mai4]); classifier for numbered people or items	1
号召	號召	hao4 zhao4	to call; to appeal	5
号码	號碼	hao4 ma3	number; CL:堆[dui1],個|个[ge4]	4
号称	號稱	hao4 cheng1	to be known as; to be nicknamed; to be purportedly; to claim (often exaggeratedly or falsely)	7-9
亏	虧	kui1	to lose (money); to have a deficit; to be deficient; to treat unfairly; luckily; fortunately; thanks to; (used to introduce an ironic remark about sb who has fallen short of expectations)	5
亏损	虧損	kui1 sun3	deficit; (financial) loss	7-9
亏本	虧本	kui1 ben3	to make a loss	7-9
蛇	虵	she2	variant of 蛇[she2]	5
蚊子	蚊子	wen2 zi5	mosquito	7-9
蚊帐	蚊帳	wen2 zhang4	mosquito net; CL:頂|顶[ding3]	7-9
蛇	蛇	she2	snake; serpent; CL:條|条[tiao2]	5
蛇	蛇	yi2	used in 委蛇[wei1 yi2]	5
蛋	蛋	Dan4	variant of 蜑[Dan4]	2
蛋	蛋	dan4	egg; CL:個|个[ge4],打[da2]; oval-shaped thing	2
蛋白质	蛋白質	dan4 bai2 zhi4	protein	7-9
蛋糕	蛋糕	dan4 gao1	cake; CL:塊|块[kuai4],個|个[ge4]	5
蜂蜜	蜂蜜	feng1 mi4	honey	7-9
蜜	蜜	mi4	honey	7-9
蜜月	蜜月	mi4 yue4	honeymoon	7-9
蜜蜂	蜜蜂	mi4 feng1	bee; honeybee; CL:隻|只[zhi1],群[qun2]	7-9
虾	蝦	ha2	used in 蝦蟆|虾蟆[ha2 ma5]	7-9
虾	蝦	xia1	shrimp; prawn	7-9
融	融	rong2	to melt; to thaw; to blend; to merge; to be in harmony	7-9
融入	融入	rong2 ru4	to blend into; to integrate; to assimilate; to merge	6
融化	融化	rong2 hua4	to melt; to thaw; to dissolve; to blend into; to combine; to fuse	7-9
融合	融合	rong2 he2	a mixture; an amalgam; fusion; welding together; to be in harmony with (nature); to harmonize with; to fit in	6
融洽	融洽	rong2 qia4	harmonious; friendly relations; on good terms with one another	7-9
融	螎	rong2	old variant of 融[rong2]	7-9
螺丝	螺絲	luo2 si1	screw	7-9
虫子	蟲子	chong2 zi5	insect; bug; worm; CL:條|条[tiao2],隻|只[zhi1]	4
蜡	蠟	la4	candle; wax	7-9
蜡烛	蠟燭	la4 zhu2	candle; CL:根[gen1],支[zhi1]	7-9
蠢	蠢	chun3	stupid; sluggish; clumsy; to wiggle (of worms); to move in a disorderly fashion	7-9
蛮	蠻	man2	barbarian; bullying; very; quite; rough; reckless	7-9
血	血	xie3	see 血[xue4]	3
血	血	xue4	blood; colloquial pr. [xie3]; CL:滴[di1],片[pian4]	3
血压	血壓	xue4 ya1	blood pressure	7-9
血栓	血栓	xue4 shuan1	blood clot; thrombus	7-9
血液	血液	xue4 ye4	blood; (fig.) lifeblood	6
血管	血管	xue4 guan3	vein; artery; CL:根[gen1]	6
血缘	血緣	xue4 yuan2	bloodline	7-9
血脉	血脈	xue4 mai4	blood vessels	7-9
行	行	hang2	(bound form) row; line; (bound form) line of business; trade; profession; (bound form) commercial firm; (bound form) to rank (first, second etc) among one's siblings (by age); (in data tables) row; (Tw) column; classifier for rows or lines	3
行	行	heng2	used in 道行[dao4 heng2]	3
行	行	xing2	(bound form) to walk; to go; to travel; (literary) trip; journey; visit; (bound form) temporary; makeshift; (bound form) current; in circulation; (bound form) to do; to perform; capable; competent; all right; OK!; will do; behavior; conduct (Taiwan pr. [xing4]); (literary) about to; soon	3
行人	行人	xing2 ren2	pedestrian; traveler on foot; passer-by; official responsible for arranging audiences with the emperor	2
行使	行使	xing2 shi3	to exercise (a right etc)	7-9
行列	行列	hang2 lie4	formation; array; (fig.) ranks (as in "join the ranks of ...")	7-9
行动	行動	xing2 dong4	operation; action; CL:個|个[ge4]; to move about; mobile	2
行家	行家	hang2 jia1	connoisseur; expert; veteran	7-9
行情	行情	hang2 qing2	market price; quotation of market price; the current market situation	7-9
行政	行政	xing2 zheng4	administration; (attributive) administrative; executive	7-9
行李	行李	xing2 li5	luggage; CL:件[jian4]	3
行业	行業	hang2 ye4	trade; profession; industry; business	4
行为	行為	xing2 wei2	action; conduct; behavior; activity	2
行程	行程	xing2 cheng2	journey; travel route; itinerary; distance of travel; course (of history); stroke (of a piston); (Tw) (computing) process	6
行走	行走	xing2 zou3	to walk	7-9
行驶	行駛	xing2 shi3	to travel along a route (of vehicles etc)	5
衍生	衍生	yan3 sheng1	to give rise to; to derive; derivative; derivation	7-9
同	衕	tong4	used in 衚衕|胡同[hu2 tong4]	6
弄	衖	long4	variant of 弄[long4]	2
街	街	jie1	street; CL:條|条[tiao2]	2
街道	街道	jie1 dao4	street; CL:條|条[tiao2]; subdistrict; residential district	4
街头	街頭	jie1 tou2	street	6
卫星	衛星	wei4 xing1	(aerospace) satellite; (astronomy) satellite; moon; CL:顆|颗[ke1]	5
卫生	衛生	wei4 sheng1	hygienic; sanitary; hygiene; sanitation	3
卫生间	衛生間	wei4 sheng1 jian1	bathroom; toilet; WC; CL:間|间[jian1]	3
卫视	衛視	wei4 shi4	satellite TV (abbr. for 衛星電視|卫星电视[wei4 xing1 dian4 shi4])	7-9
冲	衝	chong1	thoroughfare; to go straight ahead; to rush; to clash	6
冲	衝	chong4	powerful; vigorous; pungent; towards; in view of	6
冲刺	衝刺	chong1 ci4	(sports) to sprint; to spurt; to dash; to put in a big effort to achieve a goal as the deadline approaches	7-9
冲动	衝動	chong1 dong4	to have an urge; to be impetuous; impulse; urge	5
冲撞	衝撞	chong1 zhuang4	to collide; jerking motion; to impinge; to offend; to provoke	7-9
冲击	衝擊	chong1 ji1	to attack; to batter; (of waves) to pound against; shock; impact	6
冲浪	衝浪	chong1 lang4	to surf; surfing	7-9
冲突	衝突	chong1 tu1	conflict; to conflict; clash of opposing forces; collision (of interests); contention	5
衡量	衡量	heng2 liang2	to weigh; to examine; to consider	6
衣服	衣服	yi1 fu5	clothes; CL:件[jian4],套[tao4]	1
衣架	衣架	yi1 jia4	clothes hanger; clothes rack	3
衣食住行	衣食住行	yi1 shi2 zhu4 xing2	lit. clothing, food, housing and transportation (idiom); fig. people's basic needs	7-9
表	表	biao3	exterior surface; family relationship via females; to show (one's opinion); a model; a table (listing information); a form; a meter (measuring sth)	2
表彰	表彰	biao3 zhang1	to honor; to commend; to cite (in dispatches)	7-9
表情	表情	biao3 qing2	(facial) expression; to express one's feelings	4
表态	表態	biao3 tai4	to declare one's position; to say where one stands	7-9
表扬	表揚	biao3 yang2	to praise; to commend	4
表明	表明	biao3 ming2	to make clear; to make known; to state clearly; to indicate; known	3
表格	表格	biao3 ge2	form; table; CL:張|张[zhang1],份[fen4]	3
表决	表決	biao3 jue2	to decide by vote; to vote	7-9
表演	表演	biao3 yan3	play; show; performance; exhibition; to perform; to act; to demonstrate; CL:場|场[chang3]	3
表率	表率	biao3 shuai4	example; model	7-9
表现	表現	biao3 xian4	to show; to show off; to display; to manifest; expression; manifestation; show; display; performance (at work etc); behavior	3
表白	表白	biao3 bai2	to explain oneself; to express; to reveal one's thoughts or feelings; declaration; confession	7-9
表示	表示	biao3 shi4	(of sb) to express; to state; to show; (of sth) to indicate; to signify; to show; expression; manifestation	2
表述	表述	biao3 shu4	to express; to articulate; to formulate	7-9
表达	表達	biao3 da2	to express; to convey	3
表面	表面	biao3 mian4	surface; face; outside; appearance	3
表面上	表面上	biao3 mian4 shang5	outwardly; superficially; on the face of it	6
衰弱	衰弱	shuai1 ruo4	weak; feeble	7-9
衰减	衰減	shuai1 jian3	to weaken; to attenuate	7-9
衰竭	衰竭	shuai1 jie2	organ failure; exhaustion; prostration (medicine)	7-9
衰老	衰老	shuai1 lao3	to age; to deteriorate with age; old and weak	7-9
衰退	衰退	shuai1 tui4	to decline; to fall; to drop; to falter; a decline; recession (in economics)	7-9
衷心	衷心	zhong1 xin1	heartfelt; wholehearted; cordial	7-9
只	衹	zhi3	variant of 只[zhi3]	3
邪	衺	xie2	old variant of 邪[xie2]	7-9
袋	袋	dai4	pouch; bag; sack; pocket	4
袖手旁观	袖手旁觀	xiu4 shou3 pang2 guan1	to watch with folded arms (idiom); to look on without lifting a finger	7-9
袖珍	袖珍	xiu4 zhen1	pocket-sized; pocket (book etc)	6
被	被	bei4	quilt; to cover (with); (literary) to suffer (a misfortune); used to indicate passive voice (placed before the doer of the action like "by" in English passive-voice sentences, or, if the doer is not mentioned, before the verb); (since c. 2009) (sarcastic or jocular) used to indicate that the following word should be regarded as being in air quotes (as in 被旅遊|被旅游[bei4 lu : 3 you2] to "go on a trip")	3
被动	被動	bei4 dong4	passive	5
被告	被告	bei4 gao4	(law) the defendant; the accused	6
被子	被子	bei4 zi5	blanket; quilt; CL:條|条[tiao2],床[chuang2]	3
被捕	被捕	bei4 bu3	to be arrested; under arrest	7-9
被迫	被迫	bei4 po4	to be compelled; to be forced	4
裤子	袴子	ku4 zi5	variant of 褲子|裤子, trousers; pants	3
裁	裁	cai2	to cut out (as a dress); to cut; to trim; to reduce; to diminish; to cut back (e.g. on staff); decision; judgment	7-9
裁判	裁判	cai2 pan4	(law) to judge; to adjudicate; verdict; judgement; (sports) to referee; (sports) umpire; referee; judge	5
裁定	裁定	cai2 ding4	ruling	7-9
裁决	裁決	cai2 jue2	ruling; adjudication	7-9
裂	裂	lie4	to split; to crack; to break open; to rend	6
裂痕	裂痕	lie4 hen2	crack; gap; split	7-9
裂缝	裂縫	lie4 feng4	crack; crevice; CL:道[dao4]	7-9
夹	裌	jia2	variant of 夾|夹[jia2]	5
里	裏	li3	variant of 裡|里[li3]	1
里面	裏面	li3 mian4	variant of 裡面|里面[li3 mian4]	3
裙子	裙子	qun2 zi5	skirt; CL:條|条[tiao2]	3
补	補	bu3	to repair; to patch; to mend; to make up for; to fill (a vacancy); to supplement	3
补偿	補償	bu3 chang2	to compensate; to make up	5
补充	補充	bu3 chong1	to replenish; to supplement; to complement; additional; supplementary; CL:個|个[ge4]	3
补助	補助	bu3 zhu4	to subsidize; subsidy; allowance	6
补救	補救	bu3 jiu4	to remedy	7-9
补给	補給	bu3 ji3	supply; replenishment; to replenish	7-9
补习	補習	bu3 xi2	to take extra lessons in a cram school or with a private tutor	6
补考	補考	bu3 kao3	to sit for a makeup exam; to resit an exam; makeup exam; resit	6
补课	補課	bu3 ke4	to make up missed lesson; to reschedule a class	6
补贴	補貼	bu3 tie1	to subsidize; subsidy; allowance; to supplement (one's salary etc); benefit	5
装	裝	zhuang1	adornment; to adorn; dress; clothing; costume (of an actor in a play); to play a role; to pretend; to install; to fix; to wrap (sth in a bag); to load; to pack	2
装修	裝修	zhuang1 xiu1	to decorate; interior decoration; to fit up; to renovate	4
装备	裝備	zhuang1 bei4	equipment; to equip; to outfit	6
装扮	裝扮	zhuang1 ban4	to decorate; to adorn; to dress up; to disguise oneself	7-9
装置	裝置	zhuang1 zhi4	to install; installation; equipment; system; unit; device	4
装饰	裝飾	zhuang1 shi4	to decorate; decoration; decorative; ornamental	5
里	裡	li3	lining; interior; inside; internal; also written 裏|里[li3]	1
里边	裡邊	li3 bian5	inside	1
里面	裡面	li3 mian4	inside; interior; also pr. [li3 mian5]	3
里头	裡頭	li3 tou5	inside; interior	2
裸	裸	luo3	naked	7-9
裸露	裸露	luo3 lu4	naked; bare; uncovered; exposed	7-9
裹	裹	guo3	to wrap around; bundle; parcel; package; to press into service; to pressgang; to make off with (sth)	7-9
制	製	zhi4	to manufacture; to make	7-9
制作	製作	zhi4 zuo4	to make; to manufacture	3
制品	製品	zhi4 pin3	products; goods	7-9
制成	製成	zhi4 cheng2	to manufacture; to turn out (a product)	5
制造	製造	zhi4 zao4	to manufacture; to make	3
复印	複印	fu4 yin4	to photocopy; to duplicate a document	3
复合	複合	fu4 he2	complex; compound; composite; hybrid; to compound; to combine	7-9
复习	複習	fu4 xi2	variant of 復習|复习[fu4 xi2]	2
复制	複製	fu4 zhi4	to duplicate; to make a copy of; to copy; to reproduce; to clone	4
复杂	複雜	fu4 za2	complicated; complex	3
裤子	褲子	ku4 zi5	trousers; pants; CL:條|条[tiao2]	3
杂	襍	za2	variant of 雜|杂[za2]	6
袜子	襪子	wa4 zi5	socks; stockings; CL:隻|只[zhi1],對|对[dui4],雙|双[shuang1]	4
摆	襬	bai3	hem (at the bottom of a garment)	4
衬托	襯托	chen4 tuo1	to serve to highlight; to serve as a backdrop or contrasting element	7-9
衬衣	襯衣	chen4 yi1	shirt; CL:件[jian4]	3
衬衫	襯衫	chen4 shan1	shirt; blouse; CL:件[jian4]	3
袭击	襲擊	xi2 ji1	attack (esp. surprise attack); raid; to attack	7-9
西	西	Xi1	the West; abbr. for Spain 西班牙[Xi1 ban1 ya2]; Spanish	1
西	西	xi1	west	1
西北	西北	Xi1 bei3	Northwest China (Shaanxi, Gansu, Qinghai, Ningxia, Xinjiang)	2
西北	西北	xi1 bei3	northwest	2
西南	西南	xi1 nan2	southwest	2
西方	西方	Xi1 fang1	the West; the Occident; Western countries	2
西班牙语	西班牙語	Xi1 ban1 ya2 yu3	Spanish language	6
西瓜	西瓜	xi1 gua1	watermelon; CL:顆|颗[ke1]	4
西红柿	西紅柿	xi1 hong2 shi4	tomato	5
西装	西裝	xi1 zhuang1	suit; Western-style clothes; CL:套[tao4]	5
西边	西邊	xi1 bian1	west; west side; western part; to the west of	1
西部	西部	xi1 bu4	western part	3
西医	西醫	xi1 yi1	Western medicine; a doctor trained in Western medicine	2
西餐	西餐	xi1 can1	Western-style food; CL:份[fen4],頓|顿[dun4]	2
要不	要不	yao4 bu4	otherwise; or else; how about...?; either... (or...)	7-9
要不是	要不是	yao4 bu5 shi4	if it were not for; but for	7-9
要不然	要不然	yao4 bu4 ran2	otherwise; or else; or	6
要命	要命	yao4 ming4	to cause sb's death; extremely; terribly; (used in complaining about sth) to be a nuisance	7-9
要好	要好	yao4 hao3	to be on good terms; to be close friends; striving for self-improvement	6
要害	要害	yao4 hai4	vital part; (fig.) key point; crucial	7-9
要强	要強	yao4 qiang2	eager to excel; eager to get ahead in life; strong-minded	7-9
要是	要是	yao4 shi5	(coll.) if	3
要求	要求	yao1 qiu2	to request; to require; requirement; to stake a claim; to ask; to demand; CL:點|点[dian3]	2
要素	要素	yao4 su4	essential factor; key constituent	6
要紧	要緊	yao4 jin3	important; urgent	7-9
要领	要領	yao4 ling3	main aspects; essentials; gist	7-9
要么	要麼	yao4 me5	or; either one or the other	6
要点	要點	yao4 dian3	main point; essential	7-9
覆盖	覆蓋	fu4 gai4	to cover	7-9
核	覈	he2	variant of 核[he2]; to investigate	7-9
见	見	jian4	to see; to meet; to appear (to be sth); to interview; opinion; view	1
见	見	xian4	to appear; also written 現|现[xian4]	1
见仁见智	見仁見智	jian4 ren2 jian4 zhi4	opinions differ (idiom)	7-9
见到	見到	jian4 dao4	to see	2
见外	見外	jian4 wai4	to treat sb with the formal courtesy accorded to a host or a guest	7-9
见效	見效	jian4 xiao4	to produce the intended effect; to achieve the desired result	7-9
见义勇为	見義勇為	jian4 yi4 yong3 wei2	(idiom, from the Analects) (usu. of a passer-by who comes across a critical situation) to step in and help; to take brave or selfless action	7-9
见解	見解	jian4 jie3	opinion; view; understanding	7-9
见证	見證	jian4 zheng4	to be witness to; witness; evidence	7-9
见识	見識	jian4 shi5	to gain first-hand knowledge of sth; to experience for oneself; knowledge; experience; insight	7-9
见钱眼开	見錢眼開	jian4 qian2 yan3 kai1	to open one's eyes wide at the sight of profit (idiom); thinking of nothing but personal gain; money-grubbing	7-9
见面	見面	jian4 mian4	to meet; to see each other; CL:次[ci4]	1
规则	規則	gui1 ze2	rule; regulation; regular; orderly; fixed	4
规划	規劃	gui1 hua4	to draw up a plan; to map out a program; a plan; a program	5
规定	規定	gui1 ding4	to stipulate; to specify; to prescribe; to fix (a price); to set (a quota); regulations; rules; provisions; stipulations	3
规律	規律	gui1 lu:4	rule (e.g. of science); law of behavior; regular pattern; rhythm; discipline	4
规格	規格	gui1 ge2	standard; norm; specification	7-9
规模	規模	gui1 mo2	scale; scope; extent	4
规矩	規矩	gui1 ju5	lit. compass and set square; fig. established standard; rule; customs; practices; fig. upright and honest; well-behaved	7-9
规范	規範	gui1 fan4	norm; standard; specification; regulation; rule; within the rules; to fix rules; to regulate; to specify	3
视力	視力	shi4 li4	eyesight; visual acuity	7-9
视察	視察	shi4 cha2	to inspect; an investigation	7-9
视为	視為	shi4 wei2	to view as; to see as; to consider to be; to deem	5
视线	視線	shi4 xian4	line of sight	7-9
视觉	視覺	shi4 jue2	sight; vision; visual	7-9
视角	視角	shi4 jiao3	angle from which one observes an object; (fig.) perspective; viewpoint; frame of reference; (cinematography) camera angle; (visual perception) visual angle (the angle a viewed object subtends at the eye); (photography) angle of view	7-9
视野	視野	shi4 ye3	field of view; (fig.) outlook; perspective	7-9
视频	視頻	shi4 pin2	video	5
亲	親	qin1	parent; one's own (flesh and blood); relative; related; marriage; bride; close; intimate; in person; first-hand; in favor of; pro-; to kiss; (Internet slang) dear	3
亲	親	qing4	parents-in-law of one's offspring	3
亲人	親人	qin1 ren2	one's close relatives	3
亲切	親切	qin1 qie4	amiable; cordial; close and dear; familiar	3
亲友	親友	qin1 you3	friends and relatives	7-9
亲和力	親和力	qin1 he2 li4	(personal) warmth; approachability; accessibility; (in a product) user friendliness; (chemistry) affinity	7-9
亲密	親密	qin1 mi4	intimate; close	4
亲属	親屬	qin1 shu3	kin; kindred; relatives	6
亲情	親情	qin1 qing2	affection; family love; love, esp. within a married couple or between parents and children	7-9
亲爱	親愛	qin1 ai4	dear; beloved; darling	4
亲戚	親戚	qin1 qi5	a relative (i.e. family relation); CL:門|门[men2],個|个[ge4],位[wei4]	7-9
亲手	親手	qin1 shou3	with one's own hands; personally	7-9
亲朋好友	親朋好友	qin1 peng2 hao3 you3	friends and family; kith and kin	7-9
亲热	親熱	qin1 re4	affectionate; intimate; warmhearted; to show affection for; (coll.) to get intimate with sb	7-9
亲生	親生	qin1 sheng1	one's own (child) (i.e. one's child by birth); biological (parents); birth (parents)	7-9
亲眼	親眼	qin1 yan3	with one's own eyes; personally	6
亲自	親自	qin1 zi4	personally; in person; oneself	3
亲身	親身	qin1 shen1	personal; oneself	7-9
亲近	親近	qin1 jin4	(of people or relationships) close; intimate; to draw close to; to engage with; to become familiar with (nature, places, ideas, art etc)	7-9
觉	覺	jiao4	a nap; a sleep; CL:場|场[chang2]	6
觉	覺	jue2	to feel; to find that; thinking; awake; aware	6
觉得	覺得	jue2 de5	to think that ...; to feel that ...; to feel (uncomfortable etc)	1
觉悟	覺悟	jue2 wu4	to come to understand; to realize; consciousness; awareness; Buddhist enlightenment (Sanskrit: cittotpāda)	6
觉醒	覺醒	jue2 xing3	to awaken; to come to realize; awakened to the truth; the truth dawns upon one; scales fall from the eyes; to become aware	7-9
观光	觀光	guan1 guang1	to tour; sightseeing; tourism	6
观察	觀察	guan1 cha2	to observe; to watch; to survey	3
观念	觀念	guan1 nian4	notion; thought; concept; sense; views; ideology; general impressions	3
观感	觀感	guan1 gan3	one's impressions; observations	7-9
观摩	觀摩	guan1 mo2	to observe and emulate; to study (esp. following sb's example)	7-9
观望	觀望	guan1 wang4	to wait and see; to watch from the sidelines; to look around; to survey	7-9
观测	觀測	guan1 ce4	to observe; to survey; observation (scientific etc)	7-9
观看	觀看	guan1 kan4	to watch; to view	3
观众	觀眾	guan1 zhong4	spectators; audience; visitors (to an exhibition etc)	3
观赏	觀賞	guan1 shang3	to look at sth with pleasure; to watch (sth marvelous); ornamental	7-9
观点	觀點	guan1 dian3	point of view; viewpoint; standpoint; CL:個|个[ge4]	2
角	角	Jue2	surname Jue	2
角	角	jiao3	angle; corner; horn; horn-shaped; unit of money equal to 0.1 yuan, or 10 cents (a dime); CL:個|个[ge4]	2
角	角	jue2	role (theater); to compete; ancient three legged wine vessel; third note of pentatonic scale	2
角度	角度	jiao3 du4	angle; (fig.) point of view	2
角色	角色	jue2 se4	role; part (in a play or movie etc); also pr. [jiao3se4]	4
角落	角落	jiao3 luo4	corner (of a room, courtyard etc); (fig.) remote spot; nook	7-9
角逐	角逐	jue2 zhu2	to tussle; to contend; to contest	7-9
粗	觕	cu1	variant of 粗[cu1]	4
解	解	Xie4	surname Xie	6
解	解	jie3	to divide; to break up; to split; to separate; to dissolve; to solve; to melt; to remove; to untie; to loosen; to open; to emancipate; to explain; to understand; to know; a solution; a dissection	6
解	解	jie4	to transport under guard	6
解	解	xie4	acrobatic display (esp. on horseback) (old); variant of 懈[xie4] and 邂[xie4] (old)	6
解雇	解僱	jie3 gu4	to fire; to sack; to dismiss; to terminate employment	7-9
解剖	解剖	jie3 pou1	to dissect (an animal); to analyze; anatomy	7-9
解围	解圍	jie3 wei2	to lift a siege; to help sb out of trouble or embarrassment	7-9
解放	解放	jie3 fang4	to liberate; to emancipate; liberation; refers to the Communists' victory over the Nationalists in 1949; CL:次[ci4]	5
解救	解救	jie3 jiu4	to rescue; to help out of difficulties; to save the situation	7-9
解散	解散	jie3 san4	to dissolve; to disband	7-9
解析	解析	jie3 xi1	to analyze; to resolve; (math.) analysis; analytic	7-9
解决	解決	jie3 jue2	to solve; to resolve; to settle (a problem); to eliminate; to wipe out (an enemy, bandits etc)	3
解答	解答	jie3 da2	to solve (a problem); to resolve (a difficulty); to provide an answer; solution; resolution; answer	7-9
解脱	解脫	jie3 tuo1	to untie; to free; to absolve of; to get free of; to extirpate oneself; (Buddhism) to free oneself of worldly worries	7-9
解说	解說	jie3 shuo1	to explain (verbally); to give a running commentary	6
解读	解讀	jie3 du2	to decipher; to decode; to interpret	7-9
解释	解釋	jie3 shi4	explanation; to explain; to interpret; to resolve; CL:個|个[ge4]	4
解开	解開	jie3 kai1	to untie; to undo; to solve (a mystery)	3
解除	解除	jie3 chu2	to remove; to sack; to get rid of; to relieve (sb of their duties); to free; to lift (an embargo); to rescind (an agreement)	5
解体	解體	jie3 ti3	to break up into components; to disintegrate; to collapse; to crumble	7-9
触动	觸動	chu4 dong4	to touch; to stir up (trouble or emotions); to move (sb's emotions or worry)	7-9
触摸	觸摸	chu4 mo1	to touch	7-9
触犯	觸犯	chu4 fan4	to violate; to offend	7-9
触目惊心	觸目驚心	chu4 mu4 jing1 xin1	lit. shocks the eye, astonishes the heart (idiom); shocking; horrible to see; a ghastly sight	7-9
触觉	觸覺	chu4 jue2	sense of touch; tactile sensation	7-9
言行	言行	yan2 xing2	words and actions; what one says and what one does	7-9
言语	言語	yan2 yu3	words; speech; (spoken) language	5
言语	言語	yan2 yu5	to speak; to tell	5
言论	言論	yan2 lun4	expression of opinion; views; remarks; arguments	7-9
言辞	言辭	yan2 ci2	words; expression; what one says	7-9
订	訂	ding4	to agree; to conclude; to draw up; to subscribe to (a newspaper etc); to order	3
订单	訂單	ding4 dan1	(purchase) order	7-9
订婚	訂婚	ding4 hun1	to get engaged	7-9
订立	訂立	ding4 li4	to conclude (treaty, contract, agreement etc); to set up (a rule etc)	7-9
订购	訂購	ding4 gou4	to place an order; to subscribe	7-9
计	計	Ji4	surname Ji	7-9
计	計	ji4	to calculate; to compute; to count; to regard as important; to plan; ruse; meter; gauge	7-9
计划	計劃	ji4 hua4	plan; project; program; to plan; to map out; CL:個|个[ge4],項|项[xiang4]	2
计时	計時	ji4 shi2	to measure time; to time; to reckon by time	7-9
计策	計策	ji4 ce4	stratagem	7-9
计算	計算	ji4 suan4	to calculate; to compute; to consider; to think over; to plot; to scheme	3
计算机	計算機	ji4 suan4 ji1	computer; (Tw) calculator; CL:臺|台[tai2]	2
计较	計較	ji4 jiao4	to bother about; to haggle; to bicker; to argue; plan; stratagem	7-9
讨	討	tao3	to invite; to provoke; to demand or ask for; to send armed forces to suppress; to denounce or condemn; to marry (a woman); to discuss or study	7-9
讨人喜欢	討人喜歡	tao3 ren2 xi3 huan5	to attract people's affection; charming; delightful	7-9
讨价还价	討價還價	tao3 jia4 huan2 jia4	to haggle over price; to bargain	7-9
讨厌	討厭	tao3 yan4	to dislike; to loathe; disagreeable; troublesome; annoying	5
讨好	討好	tao3 hao3	to get the desired outcome; to win favor by fawning on sb; to curry favor with; a fruitful outcome to reward one's labor	7-9
讨论	討論	tao3 lun4	to discuss; to talk over	2
训	訓	xun4	to teach; to train; to admonish; (bound form) instruction (from superiors); teachings; rule	7-9
训练	訓練	xun4 lian4	to train; to drill; training; CL:個|个[ge4]	3
托	託	tuo1	to trust; to entrust; to be entrusted with; to act as trustee	6
记	記	ji4	to record; to note; to memorize; to remember; mark; sign; classifier for blows, kicks, shots	1
记住	記住	ji4 zhu5	to remember; to bear in mind; to learn by heart	1
记得	記得	ji4 de5	to remember	1
记忆	記憶	ji4 yi4	to remember; to recall; memory	5
记忆犹新	記憶猶新	ji4 yi4 you2 xin1	to remain fresh in one's memory (idiom)	7-9
记者	記者	ji4 zhe3	reporter; journalist; CL:個|个[ge4]	3
记号	記號	ji4 hao5	mark; symbol; notation; seal	7-9
记载	記載	ji4 zai3	to write down; to record; written account	4
记录	記錄	ji4 lu4	to record; record (written account); note-taker; record (in sports etc); CL:個|个[ge4]	3
讹诈	訛詐	e2 zha4	to extort under false pretenses; to blackmail; to bluff; to defraud	7-9
诀别	訣別	jue2 bie2	to bid farewell; to part (usually with little hope of meeting again)	7-9
诀窍	訣竅	jue2 qiao4	secret; trick; knack; key	7-9
访问	訪問	fang3 wen4	to visit; to call on (a person or place); (computing) to visit (a website); to access (a network resource etc); (Tw) to interview (e.g. for a report or feature story); CL:次[ci4]	3
访谈	訪談	fang3 tan2	to visit and discuss; to interview	7-9
设	設	she4	to set up; to put in place; (math.) given; suppose; if	7-9
设备	設備	she4 bei4	equipment; facilities; installations	3
设定	設定	she4 ding4	to set; to set up; to install; setting; preferences	7-9
设想	設想	she4 xiang3	to imagine; to assume; to envisage; tentative plan; to have consideration for	5
设施	設施	she4 shi1	facilities; installation	4
设法	設法	she4 fa3	to try; to make an attempt; to think of a way (to accomplish sth)	7-9
设立	設立	she4 li4	to set up; to establish	3
设置	設置	she4 zhi4	to set up; to install	4
设计	設計	she4 ji4	to design; to plan; design; plan	3
设计师	設計師	she4 ji4 shi1	designer; architect	6
许	許	Xu3	surname Xu	7-9
许	許	xu3	to allow; to permit; to promise; to praise; somewhat; perhaps	7-9
许可	許可	xu3 ke3	to allow; to permit	5
许可证	許可證	xu3 ke3 zheng4	license; authorization; permit	7-9
许多	許多	xu3 duo1	many; a lot of; much	2
诉苦	訴苦	su4 ku3	to grumble; to complain; grievance	7-9
诉讼	訴訟	su4 song4	lawsuit	7-9
诉说	訴說	su4 shuo1	to recount; to tell of; to relate; (fig.) (of a thing) to stand as testament to (some past history)	7-9
诊所	診所	zhen3 suo3	clinic	7-9
诊断	診斷	zhen3 duan4	to diagnose	5
注	註	zhu4	to annotate; to provide explanatory notes on a written text; an annotation; an explanatory note; (bound form) to put on record; to register	7-9
注册	註冊	zhu4 ce4	to register; to enroll	5
注定	註定	zhu4 ding4	to foreordain; to be bound to; to be destined to; to be doomed to; inevitably	7-9
证	証	zheng4	to admonish; variant of 證|证[zheng4]	3
诈骗	詐騙	zha4 pian4	to defraud; to swindle; to blackmail	7-9
评	評	ping2	to discuss; to comment; to criticize; to judge; to choose (by public appraisal)	6
评估	評估	ping2 gu1	to evaluate; to assess; assessment; evaluation	5
评价	評價	ping2 jia4	to evaluate; to assess	3
评判	評判	ping2 pan4	to judge (a competition); to appraise	7-9
评委	評委	ping2 wei3	evaluation committee; judging panel; judging panel member; adjudicator (abbr. for 評選委員會委員|评选委员会委员[ping2 xuan3 wei3 yuan2 hui4 wei3 yuan2])	7-9
评定	評定	ping2 ding4	to evaluate; to make one's judgment	7-9
评审	評審	ping2 shen3	to appraise; to evaluate; to judge	7-9
评论	評論	ping2 lun4	to comment on; to discuss; comment; commentary; CL:篇[pian1]	5
评论员	評論員	ping2 lun4 yuan2	commentator	7-9
评选	評選	ping2 xuan3	to select on the basis of a vote or consensus	6
词	詞	ci2	word; statement; speech; lyrics; a form of lyric poetry, flourishing in the Song dynasty 宋朝[Song4 chao2] (CL:首[shou3])	2
词典	詞典	ci2 dian3	dictionary; also written 辭典|辞典[ci2 dian3]; CL:部[bu4],本[ben3]	2
词汇	詞匯	ci2 hui4	variant of 詞彙|词汇[ci2 hui4]	4
词汇	詞彙	ci2 hui4	vocabulary; list of words (e.g. for language teaching purposes); word	4
词语	詞語	ci2 yu3	word (general term including monosyllables through to short phrases); term (e.g. technical term); expression	2
询问	詢問	xun2 wen4	to inquire	5
试	試	shi4	to test; to try; experiment; examination; test	1
试卷	試卷	shi4 juan4	examination paper; test paper; CL:份[fen4],張|张[zhang1]	4
试图	試圖	shi4 tu2	to attempt; to try	5
试探	試探	shi4 tan4	to sound out; to probe; to feel out; to try out	7-9
试用	試用	shi4 yong4	to try sth out; to be on probation	7-9
试用期	試用期	shi4 yong4 qi1	trial period; probationary period	7-9
试行	試行	shi4 xing2	to try out; to test	7-9
试题	試題	shi4 ti2	exam question; test topic	3
试验	試驗	shi4 yan4	experiment; test; CL:次[ci4],個|个[ge4]; to experiment; experimental	3
试点	試點	shi4 dian3	test point; to carry out trial; pilot scheme	6
诗	詩	Shi1	abbr. for Shijing 詩經|诗经[Shi1 jing1], the Book of Songs	4
诗	詩	shi1	poem; CL:首[shou3]; poetry; verse	4
诗人	詩人	shi1 ren2	bard; poet	4
诗歌	詩歌	shi1 ge1	poem; CL:本[ben3],首[shou3],段[duan4]	5
诧异	詫異	cha4 yi4	flabbergasted; astonished	7-9
话	話	hua4	dialect; language; spoken words; speech; talk; words; conversation; what sb said; CL:種|种[zhong3],席[xi2],句[ju4],口[kou3],番[fan1]	1
话剧	話劇	hua4 ju4	stage play; modern drama; CL:臺|台[tai2],部[bu4]	3
话筒	話筒	hua4 tong3	microphone; (telephone) receiver; handset; megaphone; (fig.) mouthpiece; spokesperson	7-9
话语	話語	hua4 yu3	words; speech; utterance; discourse	7-9
话费	話費	hua4 fei4	call charge	7-9
话题	話題	hua4 ti2	subject (of a talk or conversation); topic	3
详尽	詳盡	xiang2 jin4	thorough and detailed; exhaustive; the tedious details in full	7-9
详细	詳細	xiang2 xi4	detailed; in detail; minute	5
夸	誇	kua1	to boast; to exaggerate; to praise	7-9
夸大	誇大	kua1 da4	to exaggerate	7-9
夸张	誇張	kua1 zhang1	to exaggerate; overstated; exaggerated; hyperbole; (coll.) excessive; ridiculous; outrageous	7-9
夸奖	誇獎	kua1 jiang3	to praise; to applaud; to compliment	7-9
夸耀	誇耀	kua1 yao4	to brag about; to flaunt	7-9
夸夸其谈	誇誇其談	kua1 kua1 qi2 tan2	(idiom) to talk big; to sound off; to be full of hot air	7-9
认	認	ren4	to recognize; to know; to admit	5
认出	認出	ren4 chu1	recognition; to recognize	3
认可	認可	ren4 ke3	to approve; approval; acknowledgment; OK	3
认同	認同	ren4 tong2	to approve of; to endorse; to acknowledge; to recognize; to identify oneself with	6
认定	認定	ren4 ding4	to maintain (that sth is true); to determine (a fact); determination (of an amount); of the firm opinion; to believe firmly; to set one's mind on; to identify with	5
认得	認得	ren4 de5	to recognize; to remember sth (or sb) on seeing it; to know	3
认为	認為	ren4 wei2	to believe; to think; to consider; to feel	2
认真	認真	ren4 zhen1	conscientious; earnest; serious; to take seriously; to take to heart	1
认知	認知	ren4 zhi1	cognition; cognitive; understanding; perception; awareness; to be cognizant of; to recognize; to realize	7-9
认证	認證	ren4 zheng4	to authenticate; to approve	7-9
认识	認識	ren4 shi5	to know; to recognize; to be familiar with; to get acquainted with sb; knowledge; understanding; awareness; cognition	1
认错	認錯	ren4 cuo4	to admit an error; to acknowledge one's mistake	7-9
诞生	誕生	dan4 sheng1	to be born	6
诞辰	誕辰	dan4 chen2	birthday	7-9
诱人	誘人	you4 ren2	attractive; alluring; captivating	7-9
诱惑	誘惑	you4 huo4	to entice; to lure; to induce; to attract	7-9
诱发	誘發	you4 fa1	to induce; to cause; to elicit; to trigger	7-9
诱饵	誘餌	you4 er3	bait	7-9
语气	語氣	yu3 qi4	tone; manner of speaking; mood; CL:個|个[ge4]	7-9
语法	語法	yu3 fa3	grammar	4
语言	語言	yu3 yan2	language; CL:門|门[men2],種|种[zhong3]	2
语音	語音	yu3 yin1	speech sounds; pronunciation; colloquial (rather than literary) pronunciation of a Chinese character; phonetic; audio; voice; (Internet) to voice chat; voice message	4
诚信	誠信	cheng2 xin4	honesty; trustworthiness; good faith	4
诚实	誠實	cheng2 shi2	honest	4
诚心诚意	誠心誠意	cheng2 xin1 cheng2 yi4	earnestly and sincerely (idiom); with all sincerity	7-9
诚意	誠意	cheng2 yi4	sincerity; good faith	7-9
诚恳	誠懇	cheng2 ken3	sincere; honest; cordial	7-9
诚挚	誠摯	cheng2 zhi4	sincere; cordial	7-9
误	誤	wu4	mistake; error; to miss; to harm; to delay; to neglect; mistakenly	6
误区	誤區	wu4 qu1	mistaken ideas; misconceptions; the error of one's ways	7-9
误导	誤導	wu4 dao3	to mislead; to misguide; misleading	7-9
误差	誤差	wu4 cha1	difference; error; inaccuracy	7-9
误会	誤會	wu4 hui4	to misunderstand; to mistake; misunderstanding; CL:個|个[ge4]	4
误解	誤解	wu4 jie3	to misunderstand; misunderstanding	5
说	說	shui4	to persuade	1
说	說	shuo1	to speak; to talk; to say; to explain; to comment; to scold; to tell off; (bound form) theory; doctrine	1
说不上	說不上	shuo1 bu5 shang4	to be unable to say or tell; to not be worth mentioning	7-9
说不定	說不定	shuo1 bu5 ding4	can't say for sure; maybe	4
说到底	說到底	shuo1 dao4 di3	in the final analysis; in the end	7-9
说实话	說實話	shuo1 shi2 hua4	to speak the truth; truth to tell; frankly	6
说干就干	說幹就幹	shuo1 gan4 jiu4 gan4	to do what needs to be done, without delay	7-9
说情	說情	shuo1 qing2	to intercede; to plead for sb else	7-9
说明	說明	shuo1 ming2	to explain; to illustrate; to indicate; to show; to prove; explanation; directions; caption; CL:個|个[ge4]	2
说明书	說明書	shuo1 ming2 shu1	(technical) manual; (book of) directions; synopsis (of a play or film); specification (patent); CL:本[ben3]	6
说服	說服	shuo1 fu2	to persuade; to convince; to talk sb over; Taiwan pr. [shui4 fu2]	4
说法	說法	shuo1 fa3	to expound Buddhist teachings	5
说法	說法	shuo1 fa5	way of speaking; wording; formulation; one's version (of events); statement; theory; hypothesis; interpretation	5
说白了	說白了	shuo1 bai2 le5	to speak frankly	7-9
说真的	說真的	shuo1 zhen1 de5	to tell the truth; honestly; in fact	7-9
说老实话	說老實話	shuo1 lao3 shi5 hua4	to be honest; to tell the truth; to be frank	7-9
说话	說話	shuo1 hua4	to speak; to say; to talk; to gossip; to tell stories; talk; word	1
说谎	說謊	shuo1 huang3	to lie; to tell an untruth	7-9
说道	說道	shuo1 dao4	to state; to say (the quoted words)	7-9
说道	說道	shuo1 dao5	to discuss; reason (behind sth)	7-9
说闲话	說閒話	shuo1 xian2 hua4	to chat; to gossip	7-9
说	説	shuo1	variant of 說|说[shuo1]	1
谁	誰	shei2	who; also pr. [shui2]	1
谁知道	誰知道	shei2 zhi1 dao4	God knows...; Who would have imagined...?	7-9
课	課	ke4	subject; course; CL:門|门[men2]; class; lesson; CL:堂[tang2],節|节[jie2]; to levy; tax; form of divination	1
课堂	課堂	ke4 tang2	classroom (CL:間|间[jian1]); class session	2
课文	課文	ke4 wen2	text; CL:篇[pian1]	1
课本	課本	ke4 ben3	textbook; CL:本[ben3]	1
课程	課程	ke4 cheng2	course; academic program; CL:堂[tang2],節|节[jie2],門|门[men2]	3
课题	課題	ke4 ti2	task; problem; issue	5
诽谤	誹謗	fei3 bang4	to slander; to libel	7-9
调	調	diao4	to transfer; to move (troops or cadres); to investigate; to enquire into; accent; view; argument; key (in music); mode (music); tune; tone; melody	3
调	調	tiao2	to harmonize; to reconcile; to blend; to suit well; to adjust; to regulate; to season (food); to provoke; to incite	3
调侃	調侃	tiao2 kan3	to ridicule; to tease; to mock; idle talk; chitchat	7-9
调动	調動	diao4 dong4	to transfer; to maneuver (troops etc); movement of personnel; to mobilize; to bring into play	5
调度	調度	diao4 du4	to dispatch (vehicles, staff etc); to schedule; to manage; dispatcher; scheduler	7-9
调控	調控	tiao2 kong4	to regulate; to control	7-9
调整	調整	tiao2 zheng3	to adjust; adjustment; revision; CL:個|个[ge4]	3
调料	調料	tiao2 liao4	condiment; seasoning; flavoring	7-9
调查	調查	diao4 cha2	investigation; inquiry; to investigate; to survey; survey; (opinion) poll; CL:項|项[xiang4],個|个[ge4]	3
调皮	調皮	tiao2 pi2	naughty; mischievous; unruly	4
调研	調研	diao4 yan2	to investigate and research; research; investigation	6
调节	調節	tiao2 jie2	to adjust; to regulate; to harmonize; to reconcile (accountancy etc)	5
调解	調解	tiao2 jie3	to mediate; to bring parties to an agreement	5
调试	調試	tiao2 shi4	to debug; to adjust components during testing; debugging	7-9
谈	談	Tan2	surname Tan	3
谈	談	tan2	to speak; to talk; to converse; to chat; to discuss	3
谈不上	談不上	tan2 bu5 shang4	to be out of the question	7-9
谈判	談判	tan2 pan4	to negotiate; negotiation; talks; conference; CL:個|个[ge4]	3
谈到	談到	tan2 dao4	to refer to; to speak about; to talk about	7-9
谈话	談話	tan2 hua4	to talk (with sb); to have a conversation; talk; conversation; CL:次[ci4]	3
谈论	談論	tan2 lun4	to discuss; to talk about	7-9
谈起	談起	tan2 qi3	to mention; to speak of; to talk about	7-9
请	請	qing3	to ask; to invite; please (do sth); to treat (to a meal etc); to request	1
请假	請假	qing3 jia4	to request leave of absence	1
请问	請問	qing3 wen4	Excuse me, may I ask...?	1
请坐	請坐	qing3 zuo4	please, have a seat	1
请客	請客	qing3 ke4	to give a dinner party; to entertain guests; to invite to dinner	2
请帖	請帖	qing3 tie3	invitation card; written invitation	7-9
请教	請教	qing3 jiao4	to ask for guidance; to consult	3
请柬	請柬	qing3 jian3	invitation card; written invitation	7-9
请求	請求	qing3 qiu2	to request; to ask; request (CL:個|个[ge4])	2
请进	請進	qing3 jin4	"please come in"	1
谅解	諒解	liang4 jie3	to understand; to make allowances for; understanding	7-9
论坛	論壇	lun4 tan2	forum (for discussion)	7-9
论文	論文	lun4 wen2	paper; treatise; thesis; CL:篇[pian1]; to discuss a paper or thesis (old)	4
论证	論證	lun4 zheng4	to prove a point; to expound on; to demonstrate or prove (through argument); proof	7-9
论述	論述	lun4 shu4	treatise; discourse; exposition	7-9
话	諙	hua4	old variant of 話|话[hua4]	1
咨询	諮詢	zi1 xun2	to inquire; to consult; to seek advice from	6
讽刺	諷刺	feng3 ci4	to satirize; to mock; irony; satire; sarcasm	7-9
诸位	諸位	zhu1 wei4	(pron) everyone; Ladies and Gentlemen; Sirs	6
诸多	諸多	zhu1 duo1	(used for abstract things) a good deal, a lot of	7-9
诸如此类	諸如此類	zhu1 ru2 ci3 lei4	things like this (idiom); and so on; and the rest; etc	7-9
诺言	諾言	nuo4 yan2	promise	7-9
谋害	謀害	mou2 hai4	to conspire to murder; to plot against sb's life	7-9
谋求	謀求	mou2 qiu2	to seek; to strive for	7-9
谋生	謀生	mou2 sheng1	to seek one's livelihood; to work to support oneself; to earn a living	7-9
谎言	謊言	huang3 yan2	lie	7-9
谎话	謊話	huang3 hua4	lie	7-9
歌	謌	ge1	variant of 歌[ge1]	1
谜	謎	mei4	see 謎兒|谜儿[mei4 r5], riddle	7-9
谜	謎	mi2	riddle	7-9
谜团	謎團	mi2 tuan2	riddle; enigma; unpredictable situation; elusive matters	7-9
谜底	謎底	mi2 di3	answer to a riddle	7-9
谜语	謎語	mi2 yu3	riddle; conundrum; CL:條|条[tiao2]	7-9
谦虚	謙虛	qian1 xu1	modest; self-effacing; to make modest remarks	6
谦逊	謙遜	qian1 xun4	humble; modest; unpretentious; modesty	7-9
讲	講	jiang3	to speak; to explain; to negotiate; to emphasize; to be particular about; as far as sth is concerned; speech; lecture	2
讲学	講學	jiang3 xue2	to lecture (on branch of learning)	7-9
讲座	講座	jiang3 zuo4	course of lectures; lecture series; chair (academic position)	4
讲究	講究	jiang3 jiu5	to pay particular attention to; carefully selected for quality; tastefully chosen	4
讲解	講解	jiang3 jie3	to explain	7-9
讲话	講話	jiang3 hua4	a speech; to speak; to talk; to address; CL:個|个[ge4]	2
讲课	講課	jiang3 ke4	to give a lecture; to teach a class	6
讲述	講述	jiang3 shu4	to talk about; to narrate; to give an account	7-9
谢谢	謝謝	xie4 xie5	to thank; thanks; thank you	1
谣言	謠言	yao2 yan2	rumor	7-9
谨慎	謹慎	jin3 shen4	cautious; prudent	7-9
哗然	譁然	hua2 ran2	variant of 嘩然|哗然[hua2 ran2]	7-9
证	證	zheng4	certificate; proof; to prove; to demonstrate; to confirm; variant of 症[zheng4]	3
证人	證人	zheng4 ren2	witness	7-9
证件	證件	zheng4 jian4	certificate; papers; credentials; document; ID	3
证实	證實	zheng4 shi2	to confirm (sth to be true); to verify	5
证据	證據	zheng4 ju4	evidence; proof; testimony	3
证明	證明	zheng4 ming2	proof; certificate; identification; testimonial; CL:個|个[ge4]; to prove; to testify; to confirm the truth of	3
证书	證書	zheng4 shu1	credentials; certificate	5
讥笑	譏笑	ji1 xiao4	to sneer	7-9
识	識	shi2	to know; knowledge; Taiwan pr. [shi4]	6
识	識	zhi4	to record; to write a footnote	6
识别	識別	shi2 bie2	to distinguish; to discern; to identify; to recognize	7-9
识字	識字	shi2 zi4	to learn to read; able to read; literate	6
谱	譜	pu3	chart; list; table; register; score (music); spectrum (physics); to set to music	7-9
警告	警告	jing3 gao4	to warn; to admonish	5
警官	警官	jing3 guan1	constable; police officer	7-9
警察	警察	jing3 cha2	police; police officer	3
警惕	警惕	jing3 ti4	to be on the alert; vigilant; alert; on guard; to warn	7-9
警车	警車	jing3 che1	police car	7-9
警钟	警鐘	jing3 zhong1	alarm bell	7-9
譬如	譬如	pi4 ru2	for example; for instance; such as	7-9
譬如说	譬如說	pi4 ru2 shuo1	for example	7-9
毁	譭	hui3	variant of 毀|毁[hui3]; to defame; to slander	6
译	譯	yi4	to translate; to interpret	7-9
议	議	yi4	to comment on; to discuss; to suggest	7-9
议员	議員	yi4 yuan2	member (of a legislative body); representative	7-9
议会	議會	yi4 hui4	parliament; legislative assembly	7-9
议程	議程	yi4 cheng2	agenda; agenda item	7-9
议论	議論	yi4 lun4	to comment; to talk about; to discuss; discussion; CL:個|个[ge4]	4
议题	議題	yi4 ti2	topic of discussion; topic; subject; issue (under discussion); CL:項|项[xiang4]	6
谴责	譴責	qian3 ze2	to denounce; to condemn; to criticize; condemnation; criticism	7-9
护	護	hu4	to protect	6
护士	護士	hu4 shi5	nurse	4
护照	護照	hu4 zhao4	passport; CL:本[ben3],個|个[ge4]	2
护理	護理	hu4 li3	to nurse; to tend and protect	7-9
读	讀	dou4	comma; phrase marked by pause	1
读	讀	du2	to read out; to read aloud; to read; to attend (school); to study (a subject in school); to pronounce	1
读书	讀書	du2 shu1	to read a book; to study; to attend school	1
读者	讀者	du2 zhe3	reader	3
读音	讀音	du2 yin1	pronunciation; literary (rather than colloquial) pronunciation of a Chinese character	2
变	變	bian4	to change; to become different; to transform; to vary; rebellion	2
变动	變動	bian4 dong4	to change; to fluctuate; change; fluctuation	5
变化	變化	bian4 hua4	(intransitive) to change; to vary; change; variation	3
变幻莫测	變幻莫測	bian4 huan4 mo4 ce4	to change unpredictably; unpredictable; erratic; treacherous	7-9
变形	變形	bian4 xing2	to become deformed; to change shape; to morph	6
变成	變成	bian4 cheng2	to change into; to turn into; to become	2
变换	變換	bian4 huan4	to transform; to convert; to vary; to alternate; a transformation	6
变更	變更	bian4 geng1	to change; to alter; to modify	6
变为	變為	bian4 wei2	to change into	3
变异	變異	bian4 yi4	variation	7-9
变质	變質	bian4 zhi4	to degenerate; to deteriorate; (of food) to go bad; to go off; (geology) metamorphism	7-9
变迁	變遷	bian4 qian1	changes; vicissitudes	7-9
变革	變革	bian4 ge2	to transform; to change	7-9
仇	讎	chou2	variant of 仇[chou2]	7-9
仇	讐	chou2	variant of 仇[chou2]	7-9
让	讓	rang4	to yield; to permit; to let sb do sth; to have sb do sth; to make sb (feel sad etc); by (indicates the agent in a passive clause, like 被[bei4])	2
让座	讓座	rang4 zuo4	to give up one's seat for sb	6
让步	讓步	rang4 bu4	to concede; to give in; to yield; a concession; (linguistics) concessive	7-9
赞不绝口	讚不絕口	zan4 bu4 jue2 kou3	to praise without cease (idiom); praise sb to high heaven	7-9
赞同	讚同	zan4 tong2	variant of 贊同|赞同[zan4 tong2]	7-9
赞叹	讚嘆	zan4 tan4	to exclaim in admiration	7-9
赞叹不已	讚嘆不已	zan4 tan4 bu4 yi3	(idiom) to be full of praise and admiration; to marvel endlessly; to be in awe	7-9
赞扬	讚揚	zan4 yang2	to praise; to approve of; to show approval	7-9
赞美	讚美	zan4 mei3	to admire; to praise; to eulogize	7-9
赞许	讚許	zan4 xu3	to praise; to laud	7-9
赞赏	讚賞	zan4 shang3	to admire; to praise; to appreciate	4
豁	豁	hua2	to play Chinese finger-guessing game	7-9
豁	豁	huo1	opening; stake all; sacrifice; crack; slit	7-9
豁	豁	huo4	open; clear; liberal-minded; generous; to exempt; to remit	7-9
豁出去	豁出去	huo1 chu5 qu5	to throw caution to the wind; to press one's luck; to go for broke	7-9
豁达	豁達	huo4 da2	optimistic; sanguine; generous; magnanimous; open-minded	7-9
豆子	豆子	dou4 zi5	bean; pea; CL:顆|颗[ke1]	7-9
豆浆	豆漿	dou4 jiang1	soy milk	7-9
豆腐	豆腐	dou4 fu5	tofu; bean curd	4
豆制品	豆製品	dou4 zhi4 pin3	legume-based product; soybean product	5
岂有此理	豈有此理	qi3 you3 ci3 li3	how can this be so? (idiom); preposterous; ridiculous; absurd	7-9
竖	豎	shu4	to erect; vertical; vertical stroke (in Chinese characters)	7-9
丰厚	豐厚	feng1 hou4	generous; ample	7-9
丰富	豐富	feng1 fu4	to enrich; rich; plentiful; abundant	3
丰富多彩	豐富多彩	feng1 fu4 duo1 cai3	richly colorful	7-9
丰收	豐收	feng1 shou1	to reap a bumper harvest	5
丰满	豐滿	Feng1 man3	see 豐滿區|丰满区[Feng1 man3 Qu1]	7-9
丰满	豐滿	feng1 man3	ample; well developed; fully rounded	7-9
丰盛	豐盛	feng1 sheng4	rich; sumptuous	7-9
丰硕	豐碩	feng1 shuo4	plentiful; substantial; rich (in resources etc)	7-9
象征	象徵	xiang4 zheng1	symbol; emblem; to symbolize; to signify; to represent	5
豪华	豪華	hao2 hua2	luxurious	7-9
猪	豬	zhu1	hog; pig; swine; CL:口[kou3],頭|头[tou2]	3
豹	豹	bao4	leopard; panther	7-9
猫	貓	mao1	cat (CL:隻|只[zhi1]); (dialect) to hide oneself; (loanword) (coll.) modem	2
猫	貓	mao2	used in 貓腰|猫腰[mao2 yao1]	2
贝壳	貝殼	bei4 ke2	shell (of a mollusk)	7-9
负	負	fu4	to bear; to carry (on one's back); to turn one's back on; to be defeated; negative (math. etc)	6
负担	負擔	fu4 dan1	to bear (an expense, a responsibility etc); burden	4
负有	負有	fu4 you3	to be responsible for	7-9
负责	負責	fu4 ze2	to be responsible for; to be in charge of; to bear responsibility for; conscientious	3
负责人	負責人	fu4 ze2 ren2	person in charge	5
负面	負面	fu4 mian4	negative; the negative side	7-9
财力	財力	cai2 li4	financial resources	7-9
财务	財務	cai2 wu4	financial affairs; finance	7-9
财富	財富	cai2 fu4	wealth; riches	4
财政	財政	cai2 zheng4	public finance; government finance	7-9
财物	財物	cai2 wu4	property; belongings	7-9
财产	財產	cai2 chan3	property; assets; estate; CL:筆|笔[bi3]	4
财经	財經	cai2 jing1	finance and economics	7-9
贡献	貢獻	gong4 xian4	to contribute; to dedicate; to devote; contribution; CL:個|个[ge4]	6
贫困	貧困	pin2 kun4	impoverished; poverty	6
贫富	貧富	pin2 fu4	poor and rich	7-9
贫穷	貧窮	pin2 qiong2	poor; impoverished	7-9
货	貨	huo4	goods; money; commodity; CL:個|个[ge4]	4
货币	貨幣	huo4 bi4	currency; monetary; money	7-9
货物	貨物	huo4 wu4	goods; commodity; merchandise; CL:宗[zong1]	7-9
货车	貨車	huo4 che1	truck; van; freight wagon	7-9
货运	貨運	huo4 yun4	freight transport; cargo; transported goods	7-9
贩卖	販賣	fan4 mai4	to sell; to peddle; to traffic	7-9
贪	貪	tan1	to have a voracious desire for; to covet; greedy; corrupt	7-9
贪婪	貪婪	tan1 lan2	avaricious; greedy; rapacious; insatiable; avid	7-9
贪污	貪污	tan1 wu1	to be corrupt; corruption; to embezzle	7-9
贪玩儿	貪玩兒	tan1 wan2 r5	erhua variant of 貪玩|贪玩[tan1 wan2]	7-9
贯彻	貫徹	guan4 che4	to implement; to put into practice; to carry out	7-9
贯穿	貫穿	guan4 chuan1	to run through; a connecting thread from beginning to end; to link	7-9
贯通	貫通	guan4 tong1	to link up; to thread together	7-9
责任	責任	ze2 ren4	responsibility; duty; liability	3
责备	責備	ze2 bei4	to blame; to criticize; condemnation; reproach	7-9
责怪	責怪	ze2 guai4	to blame; to rebuke	7-9
贮藏	貯藏	zhu4 cang2	to store up; to hoard; deposits	7-9
贵	貴	Gui4	short name for Guizhou 貴州|贵州[Gui4 zhou1]	1
贵	貴	gui4	expensive; (bound form) highly valued; precious; (bound form) noble; of high rank; (prefix) (honorific) your	1
贵族	貴族	gui4 zu2	lord; nobility; nobleman; noblewoman; aristocrat; aristocracy	7-9
贵宾	貴賓	gui4 bin1	honored guest; distinguished guest; VIP	7-9
贵重	貴重	gui4 zhong4	precious	7-9
贬值	貶值	bian3 zhi2	to become devaluated; to devaluate; to depreciate	7-9
买	買	mai3	to buy; to purchase	1
买不起	買不起	mai3 bu5 qi3	cannot afford; can't afford buying	7-9
买卖	買賣	mai3 mai4	to buy and sell	5
买卖	買賣	mai3 mai5	purchase and sale; transaction; shop; store	5
贷款	貸款	dai4 kuan3	a loan; CL:筆|笔[bi3]; to provide a loan (e.g. bank); to raise a loan (from e.g. a bank)	5
费	費	Fei4	surname Fei	3
费	費	fei4	to cost; to spend; fee; wasteful; expenses	3
费劲	費勁	fei4 jin4	to require effort; strenuous	7-9
费用	費用	fei4 yong4	cost; expenditure; expense; CL:筆|笔[bi3],個|个[ge4]	3
贴	貼	tie1	to stick; to paste; to post (e.g. on a blog); to keep close to; to fit snugly; to subsidize; allowance (e.g. money for food or housing); sticker; classifier for sticking plaster: strip	4
贴切	貼切	tie1 qie4	close-fitting; closest (translation)	7-9
贴近	貼近	tie1 jin4	to press close to; to snuggle close; intimate	7-9
贸易	貿易	mao4 yi4	(commercial) trade; CL:個|个[ge4]	5
贺信	賀信	he4 xin4	congratulatory letter or message	7-9
贺卡	賀卡	he4 ka3	greeting card; congratulation card	5
贺电	賀電	he4 dian4	congratulatory telegram	7-9
贿赂	賄賂	hui4 lu4	to bribe; a bribe	7-9
资助	資助	zi1 zhu4	to subsidize; to provide financial aid; subsidy	5
资料	資料	zi1 liao4	material; resources; data; information; profile (Internet); CL:份[fen4],個|个[ge4]	4
资本	資本	zi1 ben3	capital (economics)	5
资本主义	資本主義	zi1 ben3 zhu3 yi4	capitalism	7-9
资格	資格	zi1 ge2	qualifications; seniority	3
资历	資歷	zi1 li4	qualifications; experience; seniority	7-9
资深	資深	zi1 shen1	senior; highly experienced; veteran	7-9
资源	資源	Zi1 yuan2	see 資源縣|资源县[Zi1 yuan2 Xian4]	4
资源	資源	zi1 yuan2	natural resource (such as water or minerals); resource (such as manpower or tourism)	4
资产	資產	zi1 chan3	property; assets	5
资讯	資訊	zi1 xun4	information	7-9
资金	資金	zi1 jin1	funds; capital	3
贼	賊	zei2	thief; robber; (bound form) traitor; subversive; (bound form) evil; wicked; sly; shifty; devious; (literary) to harm; to injure; (coll.) extremely; insanely; damn (common in NE China and Taiwan)	7-9
宾馆	賓館	bin1 guan3	guesthouse; lodge; hotel; CL:個|个[ge4],家[jia1]	5
赐	賜	ci4	(bound form) to confer; to bestow; to grant; (literary) gift; favor; Taiwan pr. [si4]	7-9
赐教	賜教	ci4 jiao4	(honorific) to impart one's wisdom; to enlighten	7-9
赏	賞	shang3	to bestow (a reward); to give (to an inferior); to hand down; a reward (bestowed by a superior); to appreciate (beauty)	4
赔	賠	pei2	to compensate for loss; to indemnify; to suffer a financial loss	5
赔偿	賠償	pei2 chang2	to compensate	5
赔钱	賠錢	pei2 qian2	to lose money; to suffer a financial loss; to pay for damages	7-9
卖	賣	mai4	to sell; to betray; to spare no effort; to show off or flaunt	2
卖弄	賣弄	mai4 nong5	to show off; to make a display of	7-9
贱	賤	jian4	inexpensive; lowly; despicable; (bound form) (humble) my	7-9
赋予	賦予	fu4 yu3	to assign; to entrust (a task); to give; to bestow	7-9
质问	質問	zhi4 wen4	to question; to ask questions; to inquire; to bring to account; to interrogate	7-9
质地	質地	zhi4 di4	texture; background (texture); grain; quality; character; disposition	7-9
质朴	質樸	zhi4 pu3	simple; plain; unadorned; unaffected; unsophisticated; rustic; earthy	7-9
质疑	質疑	zhi4 yi2	to call into question; to challenge (the truth or validity of)	7-9
质量	質量	zhi4 liang4	(physics) mass; quality (i.e. degree of excellence); quality and quantity	4
账	賬	zhang4	account; bill; debt; CL:本[ben3],筆|笔[bi3]	6
账单	賬單	zhang4 dan1	bill	7-9
账户	賬戶	zhang4 hu4	(bank, computer etc) account	6
账号	賬號	zhang4 hao4	account number; account; username	7-9
赌	賭	du3	to bet; to gamble	6
赌博	賭博	du3 bo2	to gamble	6
赖	賴	Lai4	surname Lai; (Tw) (coll.) LINE messaging app	6
赖	賴	lai4	to depend on; to hang on in a place; bad; to renege (on promise); to disclaim; to rat (on debts); rascally; to blame; to put the blame on	6
剩	賸	sheng4	variant of 剩[sheng4]	5
赚	賺	zhuan4	to earn; to make a profit	6
赚	賺	zuan4	to cheat; to swindle	6
赚钱	賺錢	zhuan4 qian2	to earn money; moneymaking	6
购	購	gou4	to buy; to purchase	7-9
购物	購物	gou4 wu4	shopping	4
购买	購買	gou4 mai3	to purchase; to buy	4
赛	賽	sai4	to compete; competition; match; to surpass; better than; superior to; to excel	6
赛场	賽場	sai4 chang3	racetrack; field (for athletics competition)	6
赛跑	賽跑	sai4 pao3	race (running); to race (running)	7-9
赛车	賽車	sai4 che1	auto race; cycle race; race car	7-9
赠	贈	zeng4	to give as a present; to repel; to bestow an honorary title after death (old)	5
赠送	贈送	zeng4 song4	to present as a gift	5
赞不绝口	贊不絕口	zan4 bu4 jue2 kou3	to praise without cease (idiom); praise sb to high heaven	7-9
赞助	贊助	zan4 zhu4	to support; to assist; to sponsor	4
赞同	贊同	zan4 tong2	to approve of; to agree with (an opinion, action etc); to endorse	7-9
赞成	贊成	zan4 cheng2	to approve; to endorse; (literary) to assist	4
赡养	贍養	shan4 yang3	to support; to provide support for; to maintain	7-9
赢	贏	ying2	to beat; to win; to profit	3
赢家	贏家	ying2 jia1	winner	7-9
赢得	贏得	ying2 de2	to win; to gain	4
赎	贖	shu2	to redeem; to ransom	7-9
赤字	赤字	chi4 zi4	(financial) deficit; red letter	7-9
赫然	赫然	he4 ran2	with astonishment; with a shock; awe-inspiringly; impressively; furiously (angry)	7-9
走	走	zou3	to walk; to go; to run; to move (of vehicle); to visit; to leave; to go away; to die (euph.); from; through; away (in compound verbs, such as 撤走[che4 zou3]); to change (shape, form, meaning)	1
走廊	走廊	zou3 lang2	corridor; aisle; hallway; passageway; veranda	7-9
走弯路	走彎路	zou3 wan1 lu4	to take an indirect route; to waste one's time by using an inappropriate method	7-9
走后门	走後門	zou3 hou4 men2	(lit.) to enter through the back door; (fig.) to pull strings; to use connections; (fig.) (slang) to have anal sex	7-9
走投无路	走投無路	zou3 tou2 wu2 lu4	to be at an impasse (idiom); in a tight spot; at the end of one's rope; desperate	7-9
走私	走私	zou3 si1	to smuggle; to have an illicit affair	6
走路	走路	zou3 lu4	to walk; to go on foot; to leave; to depart; (informal) to clear off; to beat it; (of sb who gets fired or resigns) to leave the job; to get out	1
走近	走近	zou3 jin4	to approach; to draw near to	7-9
走进	走進	zou3 jin4	to enter; to step into	2
走过	走過	zou3 guo4	to walk past; to pass by	2
走过场	走過場	zou3 guo4 chang3	to go through the motions	7-9
走开	走開	zou3 kai1	to leave; to walk away; to beat it; to move aside	2
赴	赴	fu4	to go; to visit (e.g. another country); to attend (a banquet etc)	7-9
起	起	qi3	to rise; to raise; to get up; to set out; to start; to appear; to launch; to initiate (action); to draft; to establish; to get (from a depot or counter); verb suffix, to start; starting from (a time, place, price etc); classifier for occurrences or unpredictable events: case, instance; classifier for groups: batch, group	1
起伏	起伏	qi3 fu2	to move up and down; to undulate; ups and downs	7-9
起来	起來	qi3 lai5	to stand up; to get up; also pr. [qi3lai2]	1
起来	起來	qi5 lai5	(after a verb) indicating the beginning and continuation of an action or a state; indicating an upward movement (e.g. after 站[zhan4]); indicating completion; (after a perception verb, e.g. 看[kan4]) expressing preliminary judgment; also pr. [qi3lai5]	1
起初	起初	qi3 chu1	originally; at first; at the outset	7-9
起到	起到	qi3 dao4	(in an expression of the form 起到[qi3 dao4] + … + 作用[zuo4 yong4]) to have (a (motivating etc) effect); to play (a (stabilizing etc) role)	5
起劲	起勁	qi3 jin4	energetic; vigorous; enthusiastic	7-9
起床	起床	qi3 chuang2	to get out of bed; to get up	1
起步	起步	qi3 bu4	to set out; to set in motion; the start (of some activity)	7-9
起源	起源	qi3 yuan2	origin; to originate; to come from	7-9
起码	起碼	qi3 ma3	at the minimum; at the very least	5
起程	起程	qi3 cheng2	to set out; to leave	7-9
起草	起草	qi3 cao3	to make a draft; to draw up (plans)	7-9
起诉	起訴	qi3 su4	to sue; to bring a lawsuit against; to prosecute	6
起跑线	起跑線	qi3 pao3 xian4	the starting line (of a race); scratch line (in a relay race)	7-9
起飞	起飛	qi3 fei1	(of an aircraft or rocket) to take off; to lift off; (fig.) (of an enterprise etc) to start to develop rapidly	2
起点	起點	qi3 dian3	starting point	6
趁	趁	chen4	to avail oneself of; to take advantage of	7-9
趁早	趁早	chen4 zao3	as soon as possible; at the first opportunity; the sooner the better; before it's too late	7-9
趁机	趁機	chen4 ji1	to seize an opportunity	7-9
趁	趂	chen4	old variant of 趁[chen4]	7-9
超	超	chao1	to exceed; to overtake; to surpass; to transcend; to pass; to cross; ultra-; super-	6
超出	超出	chao1 chu1	to exceed; to overstep; to go too far; to encroach	6
超前	超前	chao1 qian2	to be ahead of one's time; to surpass or outdo one's predecessors; to be ahead of the pack; to take the lead; advanced	7-9
超市	超市	chao1 shi4	supermarket (abbr. for 超級市場|超级市场[chao1 ji2 shi4 chang3]); CL:家[jia1]	2
超标	超標	chao1 biao1	to cross the limit; to be over the accepted norm; excessive	7-9
超级	超級	chao1 ji2	super-; ultra-; hyper-	3
超越	超越	chao1 yue4	to surpass; to exceed; to transcend	5
超车	超車	chao1 che1	to overtake (another car)	7-9
超速	超速	chao1 su4	to exceed the speed limit; to speed; high-speed	7-9
超过	超過	chao1 guo4	to surpass; to exceed; to outstrip	2
越	越	Yue4	generic word for peoples or states of south China or south Asia at different historical periods; abbr. for Vietnam 越南	2
越	越	yue4	to exceed; to climb over; to surpass; the more... the more	2
越来越	越來越	yue4 lai2 yue4	more and more	2
越发	越發	yue4 fa1	increasingly; more and more; ever more; all the more	7-9
越过	越過	yue4 guo4	to cross over; to transcend; to cover distance; to overcome; to rise above	7-9
赶	趕	gan3	to overtake; to catch up with; to hurry; to rush; to try to catch (the bus etc); to drive (cattle etc) forward; to drive (sb) away; to avail oneself of (an opportunity); until; by (a certain time)	3
赶上	趕上	gan3 shang4	to keep up with; to catch up with; to overtake; to chance upon; in time for	6
赶不上	趕不上	gan3 bu4 shang4	can't keep up with; can't catch up with; cannot overtake	6
赶到	趕到	gan3 dao4	to hurry (to some place)	3
赶往	趕往	gan3 wang3	to hurry to (somewhere)	7-9
赶忙	趕忙	gan3 mang2	to hurry; to hasten; to make haste	6
赶快	趕快	gan3 kuai4	quickly; at once	3
赶紧	趕緊	gan3 jin3	hurriedly; without delay	3
赶赴	趕赴	gan3 fu4	to hurry; to rush	7-9
趟	趟	tang1	to wade; to trample; to turn the soil	6
趟	趟	tang4	classifier for times, round trips or rows; a time; a trip	6
趣味	趣味	qu4 wei4	fun; interest; delight; taste; liking; preference	7-9
趋势	趨勢	qu1 shi4	trend; tendency	4
趋于	趨於	qu1 yu2	to tend towards	7-9
足	足	ju4	excessive	6
足	足	zu2	(bound form) foot; leg; sufficient; ample; as much as; fully	6
足以	足以	zu2 yi3	sufficient to...; so much so that; so that	6
足够	足夠	zu2 gou4	enough; sufficient	3
足智多谋	足智多謀	zu2 zhi4 duo1 mou2	resourceful; full of stratagems	7-9
足球	足球	zu2 qiu2	soccer; football; a soccer ball; a football	3
足迹	足跡	zu2 ji4	footprint; track; spoor	7-9
趴	趴	pa1	to lie on one's stomach; to lean forward, resting one's upper body (on a desktop etc); (Tw) percent (from Japanese "pā", short for "pāsento")	7-9
跌	跌	die1	to fall; to tumble; to trip; (of prices etc) to drop; Taiwan pr. [die2]	6
跑	跑	pao2	(of an animal) to paw (the ground)	1
跑	跑	pao3	to run; to run away; to escape; to run around (on errands etc); (of a gas or liquid) to leak or evaporate; (verb complement) away; off	1
跑步	跑步	pao3 bu4	to run; to jog; (military) to march at the double	3
跑车	跑車	pao3 che1	racing bicycle; racing car; sports car; to drive a vehicle (such as a truck or taxi) for a living; (of a conductor or attendant) to work on a train; (mining) (of a cable-car) to slip away (in an accident)	7-9
跑道	跑道	pao3 dao4	athletic track; track; runway (i.e. airstrip)	7-9
跑龙套	跑龍套	pao3 long2 tao4	to play a small role	7-9
距	距	ju4	to be at a distance of ... from; to be apart from; (bound form) distance; spur (on the leg of certain birds: gamecock, pheasant etc)	7-9
距离	距離	ju4 li2	distance; CL:個|个[ge4]; to be apart from	4
跟	跟	gen1	heel; to follow closely; to go with; (of a woman) to marry sb; with; compared with; to; towards; and (joining two nouns)	1
跟上	跟上	gen1 shang4	to catch up with; to keep pace with	7-9
跟不上	跟不上	gen1 bu5 shang4	not able to keep up with	7-9
跟前	跟前	gen1 qian2	the front (of); (in) front; (in) sb's presence; just before (a date)	5
跟前	跟前	gen1 qian5	(of children, parents etc) at one's side; living with one	5
跟踪	跟蹤	gen1 zong1	to follow sb's tracks; to tail; to shadow; tracking	7-9
跟随	跟隨	gen1 sui2	to follow	5
迹象	跡象	ji4 xiang4	sign; indication; mark; indicator	7-9
跨	跨	kua4	to step across; to stride over; to straddle; to span	6
跨国	跨國	kua4 guo2	transnational; multinational	7-9
跨越	跨越	kua4 yue4	to step across; step over	7-9
跪	跪	gui4	to kneel	6
路	路	Lu4	surname Lu	1
路	路	lu4	road (CL:條|条[tiao2]); journey; route; line (bus etc); sort; kind	1
路上	路上	lu4 shang5	on the road; on the way; en route	1
路人	路人	lu4 ren2	passer-by; stranger	7-9
路口	路口	lu4 kou3	crossing; intersection (of roads)	1
路子	路子	lu4 zi5	method; way; approach	7-9
路段	路段	lu4 duan4	stretch of road; section of a highway or railway	7-9
路况	路況	lu4 kuang4	road condition(s) (e.g. surface, traffic flow etc)	7-9
路灯	路燈	lu4 deng1	street lamp; street light	7-9
路程	路程	lu4 cheng2	route; path traveled; distance traveled; course (of development)	7-9
路线	路線	lu4 xian4	itinerary; route; political line (e.g. right revisionist road); CL:條|条[tiao2]	3
路途	路途	lu4 tu2	(lit. and fig.) road; path	7-9
路过	路過	lu4 guo4	to pass by or through	6
路边	路邊	lu4 bian1	curb; roadside; wayside	2
路面	路面	lu4 mian4	road surface	7-9
跳	跳	tiao4	to jump; to hop; to skip over; to bounce; to palpitate	3
跳伞	跳傘	tiao4 san3	to parachute; to bail out; parachute jumping	7-9
跳动	跳動	tiao4 dong4	to throb; to pulse; to bounce; to jiggle; to jump about	7-9
跳槽	跳槽	tiao4 cao2	to leave one's job to take up a position elsewhere	7-9
跳水	跳水	tiao4 shui3	to dive (into water); (sports) diving; to commit suicide by jumping into water; (fig.) (of stock prices etc) to fall dramatically	6
跳舞	跳舞	tiao4 wu3	to dance	3
跳跃	跳躍	tiao4 yue4	to jump; to leap; to bound; to skip	7-9
跳远	跳遠	tiao4 yuan3	long jump (athletics)	3
跳高	跳高	tiao4 gao1	(athletics) high jump	3
踩	跴	cai3	variant of 踩[cai3]	6
踏	踏	ta1	see 踏實|踏实[ta1 shi5]	6
踏	踏	ta4	to tread; to stamp; to step on; to press a pedal; to investigate on the spot	6
踏上	踏上	ta4 shang4	to set foot on; to step on or into	7-9
踏实	踏實	ta1 shi5	firmly-based; steady; steadfast; to have peace of mind; free from anxiety; Taiwan pr. [ta4 shi2]	6
踢	踢	ti1	to kick; to play (e.g. soccer); (slang) butch (in a lesbian relationship)	6
踩	踩	cai3	to step on; to tread; to stamp; to press a pedal; to pedal (a bike); (online) to downvote	6
碰	踫	peng4	old variant of 碰[peng4]	2
踊跃	踴躍	yong3 yue4	to leap; to jump; eager; enthusiastically	7-9
踹	踹	chuai4	to kick; to trample; to tread on	7-9
暂	蹔	zan4	to scurry; variant of 暫|暂[zan4]	7-9
蹦	蹦	beng4	to jump; to bounce; to hop	7-9
蹬	蹬	deng1	to step on; to tread on; to put on; to wear (shoes, trousers etc); (slang) to dump (sb); Taiwan pr. [deng4]	7-9
蹬	蹬	deng4	used in 蹭蹬[ceng4 deng4]	7-9
蹭	蹭	ceng4	to rub against; to walk slowly; (coll.) to freeload	7-9
蹲	蹲	cun2	(dialect) to sprain one's foot or leg due to a sudden impact or landing	6
蹲	蹲	dun1	to crouch; to squat; to stay (somewhere)	6
身上	身上	shen1 shang5	on the body; at hand; among	1
身不由己	身不由己	shen1 bu4 you2 ji3	(idiom) (of one's circumstances) beyond one's control; unable to do anything about it; (of one's actions) not subject to conscious control (i.e. done in spite of oneself)	7-9
身份	身份	shen1 fen4	identity; aspect of one's identity (e.g. mayor, father, permanent resident); role; capacity (as in "in his capacity as ..." 以[yi3] + ... + 的身份[de5 shen1 fen4]); status (social, legal etc); position; rank	4
身份证	身份證	shen1 fen4 zheng4	identity card; ID	3
身价	身價	shen1 jia4	social status; price of a slave; price of a person (a sportsman etc); worth; value (of stocks, valuables etc)	7-9
身子	身子	shen1 zi5	body; pregnancy; health	7-9
身影	身影	shen1 ying3	silhouette; figure	7-9
身心	身心	shen1 xin1	body and mind; mental and physical	7-9
身材	身材	shen1 cai2	stature; build (height and weight); figure	4
身躯	身軀	shen1 qu1	body	7-9
身边	身邊	shen1 bian1	at one's side; on hand	2
身体	身體	shen1 ti3	the body; one's health	1
身高	身高	shen1 gao1	(a person's) height	4
躲	躲	duo3	to hide; to dodge; to avoid	5
躲藏	躲藏	duo3 cang2	to conceal oneself; to go into hiding; to take cover	7-9
躲避	躲避	duo3 bi4	to hide; to evade; to dodge; to take shelter; to avoid (difficulties)	7-9
裸	躶	luo3	variant of 裸[luo3]	7-9
躺	躺	tang3	to recline; to lie down	4
车	車	Che1	surname Che	1
车	車	che1	car; vehicle; CL:輛|辆[liang4]; machine; to shape with a lathe; Kangxi radical 159	1
车	車	ju1	war chariot (archaic); rook (in Chinese chess); rook (in chess)	1
车主	車主	che1 zhu3	vehicle owner	5
车位	車位	che1 wei4	parking spot; unloading point; garage place; stand for taxi	7-9
车型	車型	che1 xing2	vehicle model (i.e. particular version of a car or motorcycle etc)	7-9
车展	車展	che1 zhan3	auto show; motor show	6
车厢	車廂	che1 xiang1	carriage; CL:節|节[jie2]	7-9
车牌	車牌	che1 pai2	vehicle license plate	6
车票	車票	che1 piao4	ticket (for a bus or train)	1
车祸	車禍	che1 huo4	traffic accident; car crash; CL:起[qi3]	7-9
车站	車站	che1 zhan4	rail station; bus stop; CL:處|处[chu4],個|个[ge4]	1
车号	車號	che1 hao4	vehicle number (license plate number, taxi number, bus number, train car number)	6
车轴	車軸	che1 zhou2	axle; CL:根[gen1]	7-9
车辆	車輛	che1 liang4	vehicle	2
车轮	車輪	che1 lun2	wheel	7-9
车速	車速	che1 su4	vehicle speed	7-9
车道	車道	che1 dao4	traffic lane; driveway	7-9
车间	車間	che1 jian1	workshop; CL:個|个[ge4]	7-9
轨迹	軌跡	gui3 ji4	locus; orbit; trajectory; track	7-9
轨道	軌道	gui3 dao4	track (for trains etc); orbit (of a satellite); (fig.) a person's established path in life; desired trajectory (of a business or other endeavor); (audio engineering) track; (quantum mechanics) orbital	6
军事	軍事	jun1 shi4	military affairs; (attributive) military	6
军人	軍人	jun1 ren2	serviceman; soldier; military personnel	5
军官	軍官	jun1 guan1	officer (military)	7-9
军舰	軍艦	jun1 jian4	warship; military naval vessel; CL:艘[sou1]	6
军队	軍隊	jun1 dui4	armed forces; troops; CL:支[zhi1]	6
软	軟	ruan3	soft; flexible	5
软件	軟件	ruan3 jian4	software	5
软实力	軟實力	ruan3 shi2 li4	soft power (in international relations)	7-9
软弱	軟弱	ruan3 ruo4	weak; feeble; flabby	7-9
较	較	jiao4	(bound form) to compare; (literary) to dispute; compared to; (before an adjective) relatively; comparatively; rather; also pr. [jiao3]	3
较劲	較勁	jiao4 jin4	to match one's strength with; to compete; more competitive; to set oneself against sb; disobliging; to make a special effort	7-9
较量	較量	jiao4 liang4	to pit oneself against sb; to compete with sb; contest; battle; to haggle; to quibble	7-9
载体	載體	zai4 ti3	carrier (chemistry); vector (epidemiology); vehicle or medium	7-9
挽	輓	wan3	variant of 挽[wan3]; to draw (a cart); to lament the dead	7-9
辅助	輔助	fu3 zhu4	to assist; to aid; supplementary; auxiliary	5
辅导	輔導	fu3 dao3	to guide; to mentor; to counsel; to coach; to tutor	7-9
轻	輕	qing1	light; easy; gentle; soft; reckless; unimportant; frivolous; small in number; unstressed; neutral; to disparage	2
轻型	輕型	qing1 xing2	light (machinery, aircraft etc)	7-9
轻微	輕微	qing1 wei1	slight; light; trivial; to a small extent	7-9
轻易	輕易	qing1 yi4	easy; simple; rashly; offhandedly	4
轻而易举	輕而易舉	qing1 er2 yi4 ju3	easy; with no difficulty	7-9
轻蔑	輕蔑	qing1 mie4	scornful; disdainful; contemptuous; pejorative; disdain; contempt	7-9
轻松	輕鬆	qing1 song1	light; gentle; relaxed; effortless; uncomplicated; to relax; to take things less seriously	4
辆	輛	liang4	classifier for vehicles	2
辉煌	輝煌	hui1 huang2	splendid; glorious	7-9
辈	輩	bei4	lifetime; generation; group of people; class; classifier for generations; (literary) classifier for people	5
轮	輪	lun2	wheel; disk; ring; steamship; to take turns; to rotate; classifier for big round objects: disk, or recurring events: round, turn	4
轮子	輪子	lun2 zi5	wheel; (derog.) Falun Gong practitioner; CL:個|个[ge4]	4
轮廓	輪廓	lun2 kuo4	outline; silhouette	7-9
轮换	輪換	lun2 huan4	to rotate; to take turns	7-9
轮椅	輪椅	lun2 yi3	wheelchair	4
轮流	輪流	lun2 liu2	to alternate; to take turns	7-9
轮胎	輪胎	lun2 tai1	tire; pneumatic tire	7-9
轮船	輪船	lun2 chuan2	steamship; steamer; steamboat; CL:艘[sou1]	4
软	輭	ruan3	variant of 軟|软[ruan3]	5
输	輸	shu1	to lose; to be beaten; (bound form) to transport; (literary) to donate; to contribute; (coll.) to enter (a password)	3
输入	輸入	shu1 ru4	to import; to input	3
输出	輸出	shu1 chu1	to output; to deliver (energy, data, signals etc); to export (goods, services, technology etc)	5
输家	輸家	shu1 jia1	loser (as opposed to winner 贏家|赢家[ying2 jia1])	7-9
输液	輸液	shu1 ye4	intravenous infusion; to get put on an IV	7-9
输血	輸血	shu1 xue4	to transfuse blood; to give aid and support	7-9
输送	輸送	shu1 song4	to transport; to convey; to deliver	7-9
辐射	輻射	fu2 she4	to radiate; radiation	7-9
舆论	輿論	yu2 lun4	public opinion	7-9
转	轉	zhuai3	see 轉文|转文[zhuai3 wen2]	6
转	轉	zhuan3	to turn; to change direction; to transfer; to forward (mail); (Internet) to share (sb else's content)	6
转	轉	zhuan4	to revolve; to turn; to circle about; to walk about; classifier for revolutions (per minute etc): revs, rpm; classifier for repeated actions	6
转交	轉交	zhuan3 jiao1	to pass on to sb; to carry and give to sb else	7-9
转动	轉動	zhuan3 dong4	to turn sth around; to swivel	6
转动	轉動	zhuan4 dong4	to rotate (about an axis); to revolve; to turn; to move in a circle; to gyrate	6
转化	轉化	zhuan3 hua4	to change; to turn; to convert; (genetics) to transform; (chemistry) isomerization	5
转向	轉向	zhuan3 xiang4	to change direction; fig. to change one's stance	5
转向	轉向	zhuan4 xiang4	to get lost; to lose one's way	5
转告	轉告	zhuan3 gao4	to pass on; to communicate; to transmit	4
转型	轉型	zhuan3 xing2	to undergo fundamental change; to transition; to transform; to update (to a new model of product)	7-9
转学	轉學	zhuan3 xue2	(of a student) to change schools; to transfer from one school to another	7-9
转弯	轉彎	zhuan3 wan1	to turn; to go around a corner	4
转悠	轉悠	zhuan4 you5	to roll; to wander around; to appear repeatedly	7-9
转折	轉折	zhuan3 zhe2	shift in the trend of events; turnaround; plot shift in a book; turn in the conversation	7-9
转折点	轉折點	zhuan3 zhe2 dian3	turning point; breaking point	7-9
转换	轉換	zhuan3 huan4	to change; to switch; to convert; to transform	5
转播	轉播	zhuan3 bo1	relay; broadcast (on radio or TV)	7-9
转机	轉機	zhuan3 ji1	(to take) a turn for the better; to change planes	7-9
转眼	轉眼	zhuan3 yan3	in a flash; in the blink of an eye; to glance	7-9
转移	轉移	zhuan3 yi2	to shift; to relocate; to transfer; (fig.) to shift (attention); to change (the subject etc); (medicine) to metastasize	4
转变	轉變	zhuan3 bian4	to change; to transform; shift; transformation; CL:個|个[ge4]	3
转让	轉讓	zhuan3 rang4	to transfer (ownership, rights etc)	5
转身	轉身	zhuan3 shen1	(of a person) to turn round; to face about; (of a widow) to remarry (archaic)	4
转载	轉載	zhuan3 zai3	to forward (a shipment); to reprint sth published elsewhere; Taiwan pr. [zhuan3 zai4]	7-9
转达	轉達	zhuan3 da2	to pass on; to convey; to communicate	7-9
轿车	轎車	jiao4 che1	(old) enclosed carriage for carrying passengers; (automotive) sedan	7-9
轰	轟	hong1	explosion; bang; boom; rumble; to attack; to shoo away; to expel	7-9
轰动	轟動	hong1 dong4	to cause a sensation; to create a stir in (a place); commotion; controversy	7-9
轰炸	轟炸	hong1 zha4	to bomb; to bombard; CL:波[bo1],輪|轮[lun2]	7-9
辛勤	辛勤	xin1 qin2	hardworking; industrious	7-9
辛苦	辛苦	xin1 ku3	exhausting; hard; tough; arduous; to work hard; to go to a lot of trouble; hardship(s)	5
辛酸	辛酸	xin1 suan1	pungent (taste); bitter; fig. sad; miserable	7-9
辜负	辜負	gu1 fu4	to fail to live up (to expectations); unworthy (of trust); to let down; to betray (hopes); to disappoint	7-9
罪	辠	zui4	variant of 罪[zui4], crime	6
辣	辢	la4	old variant of 辣[la4]	4
辣	辣	la4	hot (spicy); pungent; (of chili pepper, raw onions etc) to sting; to burn	4
辣椒	辣椒	la4 jiao1	hot pepper; chili	7-9
辞	辤	ci2	old variant of 辭|辞[ci2]	7-9
办	辦	ban4	to take care of (a matter); to deal with (a task, procedure etc); to organize (an event); to establish; to set up; to manage; to run (an enterprise); (law) to handle; to investigate; to prosecute (a case or suspect); (bound form) office (as in 招辦|招办[zhao1 ban4], admissions office) (abbr. for 辦公室|办公室[ban4 gong1 shi4])	2
办不到	辦不到	ban4 bu5 dao4	cannot be done; not feasible; impossible to accomplish	7-9
办事	辦事	ban4 shi4	to handle (affairs); to work	4
办事处	辦事處	ban4 shi4 chu4	office; agency; bureau	6
办公	辦公	ban4 gong1	to handle official business (usu. in an office); to do (office) work	6
办公室	辦公室	ban4 gong1 shi4	office; business premises	2
办学	辦學	ban4 xue2	to run a school	6
办法	辦法	ban4 fa3	way of handling sth; means; measure; (practical) solution to a problem; CL:條|条[tiao2]	2
办理	辦理	ban4 li3	to handle; to transact; to conduct	3
辨别	辨別	bian4 bie2	to distinguish; to differentiate; to discern; to recognize; to tell	7-9
辨认	辨認	bian4 ren4	to recognize; to identify	7-9
辞	辭	ci2	to resign; to dismiss; to decline; (literary) to take leave; (archaic poetic genre) ballad; variant of 詞|词[ci2]	7-9
辞典	辭典	ci2 dian3	dictionary (variant of 詞典|词典[ci2 dian3]); CL:本[ben3],部[bu4]	5
辞去	辭去	ci2 qu4	to resign; to quit	7-9
辞呈	辭呈	ci2 cheng2	(written) resignation	7-9
辞职	辭職	ci2 zhi2	to resign	5
辞退	辭退	ci2 tui4	to dismiss; to discharge; to fire	7-9
辫子	辮子	bian4 zi5	plait; braid; pigtail; a mistake or shortcoming that may be exploited by an opponent; handle; CL:根[gen1],條|条[tiao2]	7-9
辩	辯	bian4	to dispute; to debate; to argue; to discuss	7-9
辩解	辯解	bian4 jie3	to explain; to justify; to defend (a point of view etc); to provide an explanation; to try to defend oneself	7-9
辩论	辯論	bian4 lun4	debate; argument; to argue over; CL:場|场[chang3],次[ci4]	4
辩护	辯護	bian4 hu4	to speak in defense of; to argue in favor of; to defend; to plead	7-9
农作物	農作物	nong2 zuo4 wu4	(farm) crops	7-9
农场	農場	nong2 chang3	farm	7-9
农历	農曆	nong2 li4	the traditional Chinese calendar; the lunar calendar	7-9
农村	農村	nong2 cun1	rural area; village; CL:個|个[ge4]	3
农业	農業	nong2 ye4	agriculture; farming	3
农民	農民	nong2 min2	peasant; farmer	3
农民工	農民工	nong2 min2 gong1	migrant worker (who moved from a rural area of China to a city to find work)	7-9
农产品	農產品	nong2 chan3 pin3	agricultural produce	5
迄今	迄今	qi4 jin1	so far; to date; until now	7-9
迄今为止	迄今為止	qi4 jin1 wei2 zhi3	so far; up to now; still (not)	7-9
迅速	迅速	xun4 su4	rapid; speedy; fast	4
迎	迎	ying2	to welcome; to meet; to forge ahead (esp. in the face of difficulties); to meet face to face	7-9
迎来	迎來	ying2 lai2	to welcome (a visitor or newcomer); (fig.) to usher in	6
迎合	迎合	ying2 he2	to cater to; to pander to	7-9
迎接	迎接	ying2 jie1	to welcome; to greet	3
近	近	jin4	near; close to; approximately	2
近代	近代	jin4 dai4	the not-very-distant past; modern times, excluding recent decades; (in the context of Chinese history) the period from the Opium Wars until the May 4th Movement (mid-19th century to 1919); capitalist times (pre-1949)	4
近来	近來	jin4 lai2	recently; lately	5
近年来	近年來	jin4 nian2 lai2	for the past few years	7-9
近日	近日	jin4 ri4	(in) the past few days; recently; (within) the next few days	6
近期	近期	jin4 qi1	near in time; in the near future; very soon; recent	3
近视	近視	jin4 shi4	shortsighted; nearsighted; myopia	6
返回	返回	fan3 hui2	to return to; to come (or go) back	5
返还	返還	fan3 huan2	restitution; return of something to its original owner; remittance	7-9
迫不及待	迫不及待	po4 bu4 ji2 dai4	(idiom) unable to hold oneself back; eager to do sth without delay	7-9
迫使	迫使	po4 shi3	to force; to compel	7-9
迫切	迫切	po4 qie4	urgent; pressing	4
迫害	迫害	po4 hai4	to persecute	7-9
迭起	迭起	die2 qi3	continuously arising; to arise repeatedly	7-9
回避	迴避	hui2 bi4	to shun; to avoid (sb); to skirt; to evade (an issue); to step back; to withdraw; to recuse (a judge etc)	5
迷	迷	mi2	to bewilder; crazy about; fan; enthusiast; lost; confused	3
迷人	迷人	mi2 ren2	fascinating; enchanting; charming; tempting	5
迷信	迷信	mi2 xin4	superstition; to have a superstitious belief (in sth)	5
迷失	迷失	mi2 shi1	to get lost; to lose one's bearings	7-9
迷惑	迷惑	mi2 huo5	to puzzle; to confuse; to baffle	7-9
迷惑不解	迷惑不解	mi2 huo4 bu4 jie3	to feel puzzled	7-9
迷恋	迷戀	mi2 lian4	to be infatuated with; to be enchanted by; to be passionate about	7-9
迷路	迷路	mi2 lu4	to lose the way; lost; labyrinth; labyrinthus vestibularis (of the inner ear)	7-9
追	追	dui1	to sculpt; to carve; musical instrument (old)	3
追	追	zhui1	to chase; to pursue; to look into; to investigate; to reminisce; to recall; to court (one's beloved); to binge-watch (a TV drama); retroactively; posthumously	3
追问	追問	zhui1 wen4	to question closely; to investigate in detail; to examine minutely; to get to the heart of the matter	7-9
追尾	追尾	zhui1 wei3	to tailgate; to hit the car in front as a result of tailgating	7-9
追悼会	追悼會	zhui1 dao4 hui4	memorial service; funeral service	7-9
追求	追求	zhui1 qiu2	to pursue (a goal etc) stubbornly; to seek after; to woo	4
追溯	追溯	zhui1 su4	lit. to go upstream; to trace sth back to; to date from	7-9
追究	追究	zhui1 jiu1	to investigate; to look into	6
追赶	追趕	zhui1 gan3	to pursue; to chase after; to accelerate; to catch up with; to overtake	7-9
追踪	追蹤	zhui1 zong1	to track; to trace; to follow up; (HK, Tw) to follow (on social media)	7-9
追逐	追逐	zhui1 zhu2	to chase; to pursue vigorously	7-9
追随	追隨	zhui1 sui2	to follow; to accompany	7-9
退	退	tui4	to retreat; to withdraw; to reject; to return (sth); to decline	3
退休	退休	tui4 xiu1	to retire (from the workforce); to go into retirement	3
退休金	退休金	tui4 xiu1 jin1	retirement pension; pension payments received after retirement	7-9
退出	退出	tui4 chu1	to withdraw; to abort; to quit; to log out (computing)	3
退却	退卻	tui4 que4	to retreat; to shrink back	7-9
退回	退回	tui4 hui2	to return (an item); to send back; to go back	7-9
退学	退學	tui4 xue2	to quit school	7-9
退役	退役	tui4 yi4	(of military personnel or athletes) to retire; (of outdated equipment) to be decommissioned	7-9
退票	退票	tui4 piao4	to bounce (a check); to return a ticket; ticket refund	6
退缩	退縮	tui4 suo1	to shrink back; to cower	7-9
退让	退讓	tui4 rang4	to move aside; to get out of the way; to back down; to concede	7-9
送	送	song4	to send; to deliver; to transmit; to give (as a present); to see (sb) off; to accompany; to go along with	1
送别	送別	song4 bie2	to see sb off; to bid farewell (to sb)	7-9
送礼	送禮	song4 li3	to give a present	6
送给	送給	song4 gei3	to send; to give as a present	2
送行	送行	song4 xing2	to see someone off; to throw someone a send-off party	6
逃	逃	tao2	to escape; to run away; to flee	5
逃亡	逃亡	tao2 wang2	to flee; to go into exile	7-9
逃生	逃生	tao2 sheng1	to flee for one's life	7-9
逃走	逃走	tao2 zou3	to escape; to flee; to run away	5
逃跑	逃跑	tao2 pao3	to flee from sth; to run away; to escape	5
逃避	逃避	tao2 bi4	to escape; to evade; to avoid; to shirk	7-9
逆	逆	ni4	contrary; opposite; backwards; to go against; to oppose; to betray; to rebel	7-9
透	透	tou4	(bound form) to penetrate; to seep through; to tell secretly; to leak; thoroughly; through and through; to appear; to show	4
透彻	透徹	tou4 che4	penetrating; thorough; incisive	7-9
透支	透支	tou4 zhi1	(banking) to overdraw; to take out an overdraft; an overdraft; to overspend (i.e. expenditure in excess of revenue); (old) to draw one's wage in advance; (fig.) to exhaust (one's enthusiasm, energy etc); to damage a natural resource through overuse	7-9
透明	透明	tou4 ming2	transparent; (fig.) transparent; open to scrutiny	4
透气	透氣	tou4 qi4	to flow freely (of air); to ventilate; to breathe (of fabric etc); to take a breath of fresh air; to divulge	7-9
透过	透過	tou4 guo4	to pass through; to penetrate; by means of; via	7-9
透露	透露	tou4 lu4	to leak out; to divulge; to reveal	6
逐年	逐年	zhu2 nian2	year after year; with each passing year; over the years	7-9
逐步	逐步	zhu2 bu4	progressively; step by step	4
逐渐	逐漸	zhu2 jian4	gradually	4
途中	途中	tu2 zhong1	en route	4
途径	途徑	tu2 jing4	way; means; channel	6
逗	逗	dou4	to tease (playfully); to entice; (coll.) to joke; (coll.) funny; amusing; to stay; to sojourn; brief pause at the end of a phrase (variant of 讀|读[dou4])	7-9
这	這	zhe4	(pronoun) this; these; (bound form) this; the (followed by a noun); (bound form) this; these (followed by a classifier) (in this sense, commonly pr. [zhei4], esp. in Beijing)	1
这	這	zhei4	(coll.) this	1
这些	這些	zhe4 xie1	these	1
这儿	這兒	zhe4 r5	here	1
这就是说	這就是說	zhe4 jiu4 shi4 shuo1	in other words; that is to say	6
这会儿	這會兒	zhe4 hui4 r5	(coll.) now; this moment; also pr. [zhe4 hui3 r5]	7-9
这样	這樣	zhe4 yang4	this way; like this; so; (before a noun) this kind of; such	2
这样一来	這樣一來	zhe4 yang4 yi1 lai2	thus; if this happens then	7-9
这里	這裏	zhe4 li3	variant of 這裡|这里[zhe4 li3]	1
这里	這裡	zhe4 li3	here	1
这边	這邊	zhe4 bian1	this side; here	1
这么	這麼	zhe4 me5	so much; this much; how much?; this way; like this	2
这么	這麽	zhe4 me5	variant of 這麼|这么[zhe4 me5]	2
通	通	tong1	to go through; to know well; (suffix) expert; to connect; to communicate; open; to clear; classifier for letters, telegrams, phone calls etc	2
通	通	tong4	classifier for an activity, taken in its entirety (tirade of abuse, stint of music playing, bout of drinking etc)	2
通俗	通俗	tong1 su2	common; everyday; average	7-9
通信	通信	tong1 xin4	to correspond (by letter, email etc); to send or receive messages through telecommunications	3
通告	通告	tong1 gao4	to announce; to give notice; announcement	7-9
通报	通報	tong1 bao4	to inform; to notify; to announce; circular; bulletin; (scientific) journal	6
通宵	通宵	tong1 xiao1	all night; throughout the night	7-9
通常	通常	tong1 chang2	regular; usual; normal; usually; normally	3
通往	通往	tong1 wang3	to lead to	7-9
通畅	通暢	tong1 chang4	unobstructed; clear; (of writing or thinking) coherent; fluent	7-9
通用	通用	tong1 yong4	to use anywhere, anytime (card, ticket etc); to be used by everyone (language, textbook etc); (of two or more things) interchangeable	5
通知	通知	tong1 zhi1	to notify; to inform; notice; notification; CL:個|个[ge4]	2
通知书	通知書	tong1 zhi1 shu1	written notice	4
通红	通紅	tong1 hong2	very red; red through and through; to blush (deep red)	6
通缉	通緝	tong1 ji1	to order the arrest of sb as criminal; to list as wanted	7-9
通行	通行	tong1 xing2	to go through; to pass through; to be in general use	6
通行证	通行證	tong1 xing2 zheng4	a pass (authority to enter); a laissez-passer or safe conduct	7-9
通讯	通訊	tong1 xun4	communications; news story; dispatch; CL:個|个[ge4]	6
通话	通話	tong1 hua4	to hold a conversation; to talk over the telephone; phone call	6
通车	通車	tong1 che1	to open to traffic (e.g. new bridge, rail line etc); (of a locality) to have a transportation service; (Tw) to commute	7-9
通通	通通	tong1 tong1	all; entire; complete	7-9
通过	通過	tong1 guo4	to pass through; to get through; to adopt (a resolution); to pass (legislation); to pass (a test); by means of; through; via	2
通道	通道	tong1 dao4	(communications) channel; thoroughfare; passage	6
通顺	通順	tong1 shun4	smooth; clear and coherent	7-9
通风	通風	tong1 feng1	airy; ventilation; to ventilate; to disclose information	7-9
逛	逛	guang4	to stroll; to visit	4
逝世	逝世	shi4 shi4	to pass away; to die	7-9
逞强	逞強	cheng3 qiang2	to show off; to try to be brave	7-9
逞能	逞能	cheng3 neng2	to show off one's ability; to boast one's merits	7-9
速度	速度	su4 du4	speed; rate; velocity; (music) tempo	3
造	造	zao4	to make; to build; to manufacture; to invent; to fabricate; to go to; party (in a lawsuit or legal agreement); crop; classifier for crops	3
造假	造假	zao4 jia3	to counterfeit; to pass off a fake as genuine	7-9
造价	造價	zao4 jia4	construction cost	7-9
造型	造型	zao4 xing2	to model; to shape; appearance; style; design; form; pose	4
造就	造就	zao4 jiu4	to bring up; to train; to contribute to; achievements (usually of young people)	7-9
造成	造成	zao4 cheng2	to bring about; to create; to cause	3
造福	造福	zao4 fu2	to benefit (e.g. the people)	7-9
造纸术	造紙術	zao4 zhi3 shu4	papermaking process	7-9
逢	逢	feng2	to meet by chance; to come across; (of a calendar event) to come along; (of an event) to fall on (a particular day); to fawn upon	7-9
连	連	Lian2	surname Lian	3
连	連	lian2	to link; to join; to connect; continuously; in succession; including; (used with 也[ye3], 都[dou1] etc) even; company (military)	3
连任	連任	lian2 ren4	to continue in (a political) office; to serve for another term of office	7-9
连夜	連夜	lian2 ye4	that very night; through the night; for several nights in a row	7-9
连忙	連忙	lian2 mang2	promptly; at once	3
连接	連接	lian2 jie1	to link; to join; to connect	5
连滚带爬	連滾帶爬	lian2 gun3 dai4 pa2	(idiom) stumbling and crawling; scrambling; frantically trying to escape	7-9
连绵	連綿	lian2 mian2	continuous; unbroken; uninterrupted; extending forever into the distance (of mountain range, river etc)	7-9
连续	連續	lian2 xu4	continuous; in a row; serial; consecutive	3
连续剧	連續劇	lian2 xu4 ju4	serialized drama; dramatic series; show in parts	3
连锁	連鎖	lian2 suo3	to interlock; to be linked; chain (store etc)	7-9
连锁店	連鎖店	lian2 suo3 dian4	chain store	7-9
奔	逩	ben4	variant of 奔[ben4]	7-9
逮	逮	dai3	(coll.) to catch; to seize; to capture	7-9
逮	逮	dai4	(literary) to reach; used in 逮捕[dai4 bu3] (Taiwan pr. [dai3])	7-9
逮捕	逮捕	dai4 bu3	to arrest; to apprehend; to take into custody; Taiwan pr. [dai3bu3]	7-9
周	週	zhou1	week; weekly; variant of 周[zhou1]	2
周年	週年	zhou1 nian2	anniversary; annual	2
周期	週期	zhou1 qi1	period; cycle	5
周末	週末	zhou1 mo4	weekend	2
进	進	jin4	to go forward; to advance; to go in; to enter; to put in; to submit; to take in; to admit; (math.) base of a number system; classifier for sections in a building or residential compound	1
进一步	進一步	jin4 yi1 bu4	to go a step further; (develop, understand, improve etc) more; further	3
进来	進來	jin4 lai2	to come in	1
进修	進修	jin4 xiu1	to undertake advanced studies; to take a refresher course	7-9
进入	進入	jin4 ru4	to enter; to join; to go into	2
进出	進出	jin4 chu1	to enter and exit; to go in and out; inflow and outflow (of goods, vehicles, funds etc)	7-9
进出口	進出口	jin4 chu1 kou3	importation and exportation; import-export; access point; opening that serves as an entrance or exit	7-9
进化	進化	jin4 hua4	to evolve (biologically, technologically etc); evolution	5
进去	進去	jin4 qu4	to go in	1
进口	進口	jin4 kou3	to import; imported; entrance; inlet (for the intake of air, water etc)	4
进场	進場	jin4 chang3	to enter the venue; to enter the arena; (aviation) to approach the airfield; (investing) to get into the market	7-9
进展	進展	jin4 zhan3	to make headway; to make progress	3
进度	進度	jin4 du4	rate of progress	7-9
进攻	進攻	jin4 gong1	to attack; to assault; to go on the offensive; attack; assault; offense (sports)	6
进步	進步	jin4 bu4	progress; improvement; to improve; to progress	3
进程	進程	jin4 cheng2	course of events; process; (computing) process (a running instance of a program)	7-9
进而	進而	jin4 er2	and then; and thereby; and in turn	7-9
进行	進行	jin4 xing2	(of a process etc) to proceed; to be in progress; to be underway; (of people) to carry out; to conduct (an investigation or discussion etc); (of an army etc) to be on the march; to advance	2
逼	逼	bi1	to force (sb to do sth); to compel; to press for; to extort; to press on towards; to press up to; to close in on; euphemistic variant of 屄[bi1]	6
逼真	逼真	bi1 zhen1	lifelike; true to life; distinctly; clearly	7-9
逼近	逼近	bi1 jin4	to press on towards; to close in on; to approach; to draw near	7-9
逼迫	逼迫	bi1 po4	to force; to compel; to coerce	7-9
逾期	逾期	yu2 qi1	to be overdue; to fail to meet a deadline; to be behind in doing sth	7-9
遂心	遂心	sui4 xin1	to one's liking	7-9
遇	遇	Yu4	surname Yu	4
遇	遇	yu4	(bound form) to encounter; to happen upon; to meet unplanned; (bound form) to treat; to receive	4
遇上	遇上	yu4 shang4	to come across (sb); to run into	7-9
遇到	遇到	yu4 dao4	to meet; to run into; to come across	4
遇见	遇見	yu4 jian4	to meet	4
遇险	遇險	yu4 xian3	to get into difficulties; to meet with danger	7-9
遇难	遇難	yu4 nan4	to perish; to be killed	7-9
游	遊	you2	to walk; to tour; to roam; to travel	3
游人	遊人	you2 ren2	a tourist	6
游客	遊客	you2 ke4	traveler; tourist; (online gaming) guest player	2
游戏	遊戲	you2 xi4	game (CL:場|场[chang3]); to play	3
游戏机	遊戲機	you2 xi4 ji1	video game machine; video game console	6
游玩	遊玩	you2 wan2	to amuse oneself; to have fun; to go sightseeing; to take a stroll	6
游船	遊船	you2 chuan2	pleasure boat; cruise ship	7-9
游行	遊行	you2 xing2	to march; to parade; to demonstrate; procession; march; demonstration; to travel around; to roam	6
游览	遊覽	you2 lan3	to go sightseeing; to tour; to visit; CL:次[ci4]	7-9
运	運	yun4	to move; to transport; to use; to apply; fortune; luck; fate	5
运作	運作	yun4 zuo4	to operate; operations; workings; activities (usu. of an organization); thread (computing)	6
运动	運動	yun4 dong4	to move; to exercise; sports; exercise; motion; movement; campaign; CL:場|场[chang3]	2
运动员	運動員	yun4 dong4 yuan2	athlete; CL:名[ming2],個|个[ge4]	4
运动会	運動會	yun4 dong4 hui4	sports competition; CL:個|个[ge4]	4
运气	運氣	yun4 qi5	luck (good or bad)	4
运河	運河	Yun4 he2	see 運河區|运河区[Yun4 he2 Qu1]	7-9
运河	運河	yun4 he2	canal	7-9
运营	運營	yun4 ying2	to be in operation; to do business; (of train, bus etc) to be in service; operation; service	7-9
运用	運用	yun4 yong4	to use; to put to use	4
运行	運行	yun4 xing2	(of celestial bodies etc) to move along one's course; (fig.) to function; to be in operation; (of a train service etc) to operate; to run; (of a computer) to run	5
运输	運輸	yun4 shu1	to transport; to carry; transportation	3
运转	運轉	yun4 zhuan3	to work; to operate; to revolve; to turn around	7-9
运送	運送	yun4 song4	to transport; to carry	7-9
遍	遍	bian4	everywhere; all over; classifier for actions: one time	2
遍地	遍地	bian4 di4	everywhere; all over	6
遍布	遍布	bian4 bu4	to cover the whole (area); to be found throughout	7-9
过	過	Guo1	surname Guo	2
过	過	guo4	to cross; to go over; to pass (time); to celebrate (a holiday); to live; to get along; excessively; too-	2
过	過	guo5	(experienced action marker)	2
过不去	過不去	guo4 bu5 qu4	to make life difficult for; to embarrass; unable to make it through	7-9
过来	過來	guo4 lai2	to come over; to manage; to handle; to be able to take care of	2
过来	過來	guo4 lai5	see 過來|过来[guo4 lai2]	2
过分	過分	guo4 fen4	excessive; undue; unduly; overly	4
过剩	過剩	guo4 sheng4	to be excessive; to be more than is required	7-9
过半	過半	guo4 ban4	over fifty percent; more than half	7-9
过境	過境	guo4 jing4	to pass through a country's territory; transit	7-9
过失	過失	guo4 shi1	error; fault; (law) negligence; delinquency	7-9
过年	過年	guo4 nian2	to celebrate the Chinese New Year	2
过度	過度	guo4 du4	excessive; over-; excess; going too far; extravagant; intemperate; overdue	5
过往	過往	guo4 wang3	to come and go; to have friendly relations with; in the past; previous	7-9
过后	過後	guo4 hou4	after the event	6
过意不去	過意不去	guo4 yi4 bu4 qu4	to feel very apologetic	7-9
过敏	過敏	guo4 min3	(medicine) allergic; hypersensitive; (fig.) oversensitive; prone to overreact	5
过于	過於	guo4 yu2	excessively; too	5
过日子	過日子	guo4 ri4 zi5	to live one's life; to pass one's days; to get along	7-9
过早	過早	guo4 zao3	premature; untimely; (dialect) to have breakfast; breakfast	7-9
过时	過時	guo4 shi2	old-fashioned; out of date; to be later than the time stipulated or agreed upon	6
过期	過期	guo4 qi1	to be overdue; to exceed the time limit; to expire (as in expiration date)	7-9
过渡	過渡	guo4 du4	to cross over (by ferry); transition; interim; caretaker (administration)	6
过滤	過濾	guo4 lu:4	to filter	7-9
过奖	過獎	guo4 jiang3	to overpraise; to flatter	7-9
过瘾	過癮	guo4 yin3	to satisfy a craving; to get a kick out of sth; gratifying; immensely enjoyable; satisfying; fulfilling	7-9
过硬	過硬	guo4 ying4	to have perfect mastery of sth; to be up to the mark	7-9
过程	過程	guo4 cheng2	course of events; process	3
过节	過節	guo4 jie2	to celebrate a festival; after the celebrations (i.e. once the festival is over)	7-9
过道	過道	guo4 dao4	passageway; corridor; aisle	7-9
过错	過錯	guo4 cuo4	mistake; fault; responsibility (for a fault)	7-9
过关	過關	guo4 guan1	to cross a barrier; to get through (an ordeal); to pass (a test); to reach (a standard)	7-9
过头	過頭	guo4 tou2	to overdo it; to overstep the limit; excessively; above one's head; overhead	7-9
遏制	遏制	e4 zhi4	to check; to contain; to hold back; to keep within limits; to constrain; to restrain	7-9
道	道	dao4	road; path (CL:條|条[tiao2],股[gu3]); (bound form) way; reason; principle; (bound form) a skill; an art; a specialization; (Daoism) the Way; the Dao; to say (introducing a direct quotation, as in a novel); (bound form) to express; to extend (polite words); classifier for long thin things (rivers, cracks, shadows etc), barriers (walls, doors etc), questions (in an exam etc), commands, courses in a meal, steps in a process; (old) circuit (administrative division)	2
道具	道具	dao4 ju4	(theater) prop; paraphernalia; (gaming) item; artifact	7-9
道德	道德	dao4 de2	virtue; morality; ethics; CL:種|种[zhong3]	5
道教	道教	Dao4 jiao4	Taoism; Daoism (Chinese system of beliefs)	6
道歉	道歉	dao4 qian4	to apologize	6
道理	道理	dao4 li5	reason; argument; sense; principle; basis; justification; CL:個|个[ge4]	2
道路	道路	dao4 lu4	road; path; way; CL:條|条[tiao2]	2
达到	達到	da2 dao4	to reach; to achieve; to attain	3
达成	達成	da2 cheng2	to reach (an agreement); to accomplish	5
达标	達標	da2 biao1	to reach a set standard	7-9
违反	違反	wei2 fan3	to violate (a law)	5
违法	違法	wei2 fa3	illegal; to break the law	5
违章	違章	wei2 zhang1	to break the rules; to violate regulations	7-9
违约	違約	wei2 yue1	to break a promise; to violate an agreement; to default (on a loan or contract)	7-9
违背	違背	wei2 bei4	to go against; to be contrary to; to violate	7-9
违规	違規	wei2 gui1	to violate the rules	5
遥控	遙控	yao2 kong4	to direct operations from a remote location; to remotely control	7-9
遥远	遙遠	yao2 yuan3	distant; remote	7-9
遛	遛	liu2	used in 逗遛[dou4 liu2]	7-9
遛	遛	liu4	to stroll; to walk (an animal)	7-9
逊色	遜色	xun4 se4	inferior (often in the combination 毫無遜色|毫无逊色, not in the least inferior)	7-9
递	遞	di4	to hand over; to pass on; to deliver; (bound form) progressively; in the proper order	5
递交	遞交	di4 jiao1	to present; to give; to hand over; to hand in; to lay before	7-9
递给	遞給	di4 gei3	to hand it (i.e. the aforementioned item) to (sb)	5
远	遠	yuan3	far; distant; remote; (intensifier in a comparison) by far; much (lower etc)	1
远	遠	yuan4	to distance oneself from (classical)	1
远方	遠方	yuan3 fang1	far away; a distant location	6
远程	遠程	yuan3 cheng2	remote; long distance; long range	7-9
远处	遠處	yuan3 chu4	distant place	5
远见	遠見	yuan3 jian4	foresight; discernment; vision	7-9
远近闻名	遠近聞名	yuan3 jin4 wen2 ming2	to be known far and wide; to be well-known	7-9
远远	遠遠	yuan3 yuan3	distant; by far	6
远离	遠離	yuan3 li2	to be far from; to keep away from	6
适合	適合	shi4 he2	to fit; to suit	3
适宜	適宜	shi4 yi2	suitable; appropriate	7-9
适度	適度	shi4 du4	moderately; appropriate	7-9
适应	適應	shi4 ying4	to adapt; to fit; to suit	3
适时	適時	shi4 shi2	timely; apt to the occasion; in due course	7-9
适用	適用	shi4 yong4	to be applicable	3
适当	適當	shi4 dang4	suitable; appropriate	6
适量	適量	shi4 liang4	appropriate amount	7-9
遭到	遭到	zao1 dao4	to suffer; to meet with (sth unfortunate)	6
遭受	遭受	zao1 shou4	to suffer; to sustain (loss, misfortune)	6
遭殃	遭殃	zao1 yang1	to suffer a calamity	7-9
遭遇	遭遇	zao1 yu4	to meet with; to encounter (esp. misfortune or hardship); an experience (esp. adverse)	6
遮	遮	zhe1	to cover up (a shortcoming); to screen off; to hide; to conceal	7-9
遮盖	遮蓋	zhe1 gai4	to hide; to cover (one's tracks)	7-9
迟	遲	Chi2	surname Chi	5
迟	遲	chi2	late; delayed; slow	5
迟到	遲到	chi2 dao4	to arrive late	4
迟早	遲早	chi2 zao3	sooner or later	7-9
迟疑	遲疑	chi2 yi2	to hesitate	7-9
迟迟	遲遲	chi2 chi2	late (with a task etc); slow	7-9
遵守	遵守	zun1 shou3	to comply with; to abide by; to respect (an agreement)	5
遵循	遵循	zun1 xun2	to follow; to abide by; to comply with	7-9
遵照	遵照	zun1 zhao4	in accordance with; to follow (the rules)	7-9
绕	遶	rao4	variant of 繞|绕[rao4], to rotate around; to spiral; to move around; to go round (an obstacle); to by-pass; to make a detour	5
迁	遷	qian1	to move; to shift; to change (a position or location etc); to promote	7-9
迁就	遷就	qian1 jiu4	to yield to; to adapt to; to accommodate oneself to (sth)	7-9
迁移	遷移	qian1 yi2	to migrate; to move	7-9
选	選	xuan3	to choose; to pick; to select; to elect	2
选修	選修	xuan3 xiu1	(at a school) to take as an elective; an elective; elective (subject)	5
选手	選手	xuan3 shou3	athlete; contestant	3
选拔	選拔	xuan3 ba2	to select the best	6
选择	選擇	xuan3 ze2	to select; to pick; choice; option; alternative	4
选民	選民	xuan3 min2	voter; constituency; electorate	7-9
选用	選用	xuan3 yong4	to choose for some purpose; to select and use	7-9
选举	選舉	xuan3 ju3	to elect; election; CL:次[ci4],個|个[ge4]	6
选项	選項	xuan3 xiang4	option; alternative; choice; to choose a project	7-9
遗传	遺傳	yi2 chuan2	heredity; to inherit (a trait); to pass on (to one's offspring)	4
遗嘱	遺囑	yi2 zhu3	testament; will	7-9
遗址	遺址	yi2 zhi3	ruins; historic relics	7-9
遗忘	遺忘	yi2 wang4	to forget; to cease to think about (sb or sth) anymore	7-9
遗憾	遺憾	yi2 han4	regret; to regret; to be sorry that	6
遗弃	遺棄	yi2 qi4	to leave; to abandon	7-9
遗物	遺物	yi2 wu4	personal effects (of the deceased); artifacts; relics; (biological) remains	7-9
遗产	遺產	yi2 chan3	heritage; legacy; inheritance; bequest; CL:筆|笔[bi3]	4
遗留	遺留	yi2 liu2	to leave behind; to hand down	7-9
遗愿	遺願	yi2 yuan4	final wishes of the departed	7-9
遗体	遺體	yi2 ti3	remains (of a dead person)	7-9
辽阔	遼闊	liao2 kuo4	vast; extensive	7-9
避	避	bi4	to avoid; to shun; to flee; to escape; to keep away from; to leave; to hide from	4
避免	避免	bi4 mian3	to avert; to prevent; to avoid; to refrain from	4
避暑	避暑	bi4 shu3	to be away for the summer holidays; to spend a holiday at a summer resort; to prevent sunstroke	7-9
避难	避難	bi4 nan4	to take refuge; to seek asylum	7-9
邀	邀	yao1	to invite; to request; to intercept; to solicit; to seek	7-9
邀请	邀請	yao1 qing3	to invite; invitation; CL:個|个[ge4]	5
迈	邁	mai4	to take a step; to stride	7-9
迈进	邁進	mai4 jin4	to step in; to stride forward; to forge ahead	7-9
还	還	Huan2	surname Huan	1
还	還	hai2	still; still in progress; still more; yet; even more; in addition; fairly; passably (good); as early as; even; also; else	1
还	還	huan2	to pay back; to return	1
还原	還原	huan2 yuan2	to restore to the original state; to reconstruct (an event); reduction (chemistry)	7-9
还是	還是	hai2 shi5	still (as before); had better; unexpectedly; or	1
还有	還有	hai2 you3	there still remain(s); there is (or are) still; in addition	1
还款	還款	huan2 kuan3	repayment; to pay back money	7-9
边	邊	bian1	side; edge; margin; border; boundary; CL:個|个[ge4]; simultaneously	2
边	邊	bian5	suffix of a noun of locality	2
边境	邊境	bian1 jing4	frontier; border	5
边界	邊界	bian1 jie4	boundary; border	7-9
边疆	邊疆	bian1 jiang1	border area; borderland; frontier; frontier region	7-9
边缘	邊緣	bian1 yuan2	edge; fringe; verge; brink; periphery; marginal; borderline	6
边远	邊遠	bian1 yuan3	far from the center; remote; outlying	7-9
逻辑	邏輯	luo2 ji5	(loanword) logic	5
那些	那些	na4 xie1	those	1
那儿	那兒	na4 r5	there	1
那会儿	那會兒	na4 hui4 r5	at that time (in the past or the future); also pr. [nei4 hui4 r5]	2
那样	那樣	na4 yang4	that kind; that sort	2
那里	那裏	na4 li5	there; that place	1
那里	那裡	na4 li5	there; that place	1
那边	那邊	na4 bian5	over there; yonder	1
那么	那麼	na4 me5	like that; in that way; to that extent; (before a number) ... or so; about ...; then; in that case	2
那么	那麽	na4 me5	variant of 那麼|那么[na4 me5]	2
村	邨	cun1	variant of 村[cun1]	3
邪	邪	xie2	demonic; iniquitous; nefarious; evil; unhealthy influences that cause disease (Chinese medicine); (coll.) strange; abnormal	7-9
邪恶	邪惡	xie2 e4	sinister; vicious; wicked; evil	7-9
郊区	郊區	Jiao1 Qu1	Jiao District or Jiaoqu, a district of Tongling City 銅陵市|铜陵市[Tong2 ling2 Shi4], Anhui; Jiao District or Jiaoqu, a district of Jiamusi City 佳木斯市[Jia1 mu4 si1 Shi4], Heilongjiang; Jiao District or Jiaoqu, a district of Yangquan City 陽泉市|阳泉市[Yang2 quan2 Shi4], Shanxi; Jiao District or Jiaoqu, a district of Changzhi City 長治市|长治市[Chang2 zhi4 Shi4], Shanxi	5
郊区	郊區	jiao1 qu1	suburban district; outskirts; suburbs	5
郊外	郊外	jiao1 wai4	outskirts	7-9
郊游	郊遊	jiao1 you2	to go for an outing; to go on an excursion	7-9
部	部	bu4	ministry; department; section; part; division; troops; board; classifier for works of literature, films, machines etc	3
部件	部件	bu4 jian4	part; component	7-9
部位	部位	bu4 wei4	part (esp. of the body, but also of a vegetable, e.g. the root, or a garment, e.g. the sleeve, etc)	5
部分	部分	bu4 fen5	part; portion; piece; Taiwan pr. [bu4fen4]	2
部署	部署	bu4 shu3	to dispose; to deploy; deployment	7-9
部长	部長	bu4 zhang3	head of a (government etc) department; section chief; section head; secretary; minister; CL:個|个[ge4],位[wei4],名[ming2]	3
部门	部門	bu4 men2	department; branch; section; division; CL:個|个[ge4]	3
部队	部隊	bu4 dui4	army; armed forces; troops; force; unit; CL:個|个[ge4]	6
邮件	郵件	you2 jian4	mail; post; email	3
邮局	郵局	you2 ju2	post office; CL:家[jia1],個|个[ge4]	4
邮政	郵政	you2 zheng4	postal service; postal	7-9
邮票	郵票	you2 piao4	(postage) stamp; CL:枚[mei2],張|张[zhang1]	3
邮箱	郵箱	you2 xiang1	mailbox; post office box; email; email inbox	3
邮编	郵編	you2 bian1	postal code; zip code	7-9
都	都	Du1	surname Du	1
都	都	dou1	all; both; entirely; (used for emphasis) even; already; (not) at all	1
都	都	du1	capital city; metropolis	1
都市	都市	du1 shi4	city; metropolis	6
都会	都會	du1 hui4	city; metropolis	7-9
乡	鄉	xiang1	country or countryside; native place; home village or town; township (PRC administrative unit)	5
乡下	鄉下	xiang1 xia5	countryside; rural area; CL:個|个[ge4]	7-9
乡村	鄉村	xiang1 cun1	rustic; village; countryside	5
乡亲	鄉親	xiang1 qin1	fellow countryman (from the same village); local people; villager; the folks back home	7-9
鄙视	鄙視	bi3 shi4	to despise; to disdain; to look down upon	7-9
郑重	鄭重	zheng4 zhong4	serious; solemn; earnest; conscientious	7-9
邻国	鄰國	lin2 guo2	neighboring country	7-9
邻居	鄰居	lin2 ju1	neighbor	5
酌情	酌情	zhuo2 qing2	to use discretion; to take circumstances into account; to make allowances pertinent to a situation	7-9
配	配	pei4	to join; to fit; to mate; to mix; to match; to deserve; to make up (a prescription); to allocate	3
配件	配件	pei4 jian4	component; part; fitting; accessory; replacement part	7-9
配偶	配偶	pei4 ou3	spouse	7-9
配备	配備	pei4 bei4	to allocate; to provide; to outfit with	5
配合	配合	pei4 he2	matching; fitting in with; compatible with; to correspond; to fit; to conform to; rapport; to coordinate with; to act in concert with; to cooperate; to become man and wife; to combine parts of machine	3
配套	配套	pei4 tao4	to form a complete set; compatible; matching; complementary	5
配置	配置	pei4 zhi4	to deploy; to allocate; configuration; allocation	6
配送	配送	pei4 song4	to put together an order and deliver it (i.e. 配貨|配货[pei4 huo4] and 送貨|送货[song4 huo4]); to deliver (goods)	7-9
配音	配音	pei4 yin1	dubbing (filmmaking)	7-9
酒	酒	jiu3	wine (esp. rice wine); liquor; spirits; alcoholic beverage; CL:杯[bei1],瓶[ping2],罐[guan4],桶[tong3],缸[gang1]	2
酒吧	酒吧	jiu3 ba1	bar (place to buy drinks); CL:家[jia1]	4
酒店	酒店	jiu3 dian4	wine shop; pub (public house); hotel; restaurant; (Tw) hostess club	2
酒楼	酒樓	jiu3 lou2	restaurant	7-9
酒水	酒水	jiu3 shui3	alcoholic and non-alcoholic beverages (e.g. on a menu)	6
酒精	酒精	jiu3 jing1	(coll.) ethanol; ethyl alcohol	7-9
酒鬼	酒鬼	jiu3 gui3	drunkard	5
酗酒	酗酒	xu4 jiu3	heavy drinking; to get drunk; to drink to excess	7-9
酣畅	酣暢	han1 chang4	unrestrained; cheerful lack of inhibition, esp. for drinking or sleeping; to drink with abandon	7-9
酣睡	酣睡	han1 shui4	to sleep soundly; to fall into a deep sleep	7-9
酥	酥	su1	flaky pastry; crunchy; limp; soft; silky	7-9
酷	酷	ku4	ruthless; strong (e.g. of wine); (loanword) cool; hip	6
酷似	酷似	ku4 si4	to strikingly resemble	7-9
酸	酸	suan1	sour; tart; sick at heart; grieved; sore; aching; pedantic; impractical; to make sarcastic remarks about sb; an acid	4
酸奶	酸奶	suan1 nai3	yogurt	4
酸甜苦辣	酸甜苦辣	suan1 tian2 ku3 la4	lit. sour, sweet, bitter and spicy (idiom); fig. all kinds of flavors; the joys and sorrows of life	5
醇厚	醇厚	chun2 hou4	mellow and rich; simple and kind	7-9
醉	醉	zui4	intoxicated	5
醋	醋	cu4	vinegar; jealousy (in love rivalry)	6
醒	醒	xing3	to wake up; to be awake; to become aware; to sober up; to come to	4
醒来	醒來	xing3 lai2	to waken	7-9
醒悟	醒悟	xing3 wu4	to come to oneself; to come to realize; to come to see the truth; to wake up to reality	7-9
醒目	醒目	xing3 mu4	eye-grabbing (headline); striking (illustration)	7-9
丑	醜	chou3	shameful; ugly; disgraceful	5
丑恶	醜惡	chou3 e4	ugly; repulsive	7-9
丑闻	醜聞	chou3 wen2	scandal	7-9
丑陋	醜陋	chou3 lou4	ugly	7-9
酝酿	醞釀	yun4 niang4	(of alcohol) to ferment; (of a crisis) to be brewing; to mull over (an issue); to hold exploratory discussions	7-9
医务	醫務	yi1 wu4	medical affairs	7-9
医学	醫學	yi1 xue2	medicine; medical science; study of medicine	4
医生	醫生	yi1 sheng1	doctor; medical practitioner	1
医疗	醫療	yi1 liao2	medical treatment	4
医药	醫藥	yi1 yao4	medical care and medicines; medicine (drug); medical; pharmaceutical	6
医院	醫院	yi1 yuan4	hospital; CL:所[suo3],家[jia1],座[zuo4]	1
酱	醬	jiang4	thick paste of fermented soybean; marinated in soy paste; paste; jam	6
酱油	醬油	jiang4 you2	soy sauce	6
酿造	釀造	niang4 zao4	to brew; to make (wine, vinegar, soybean paste etc) by fermentation	7-9
采	采	cai3	color; complexion; looks; variant of 彩[cai3]; variant of 採|采[cai3]	7-9
采	采	cai4	used in 采邑[cai4 yi4] and 采地[cai4 di4]	7-9
释放	釋放	shi4 fang4	to release; to set free; to liberate (a prisoner); to discharge	7-9
里	里	Li3	surname Li	1
里	里	li3	li, ancient measure of length, approx. 500 m; neighborhood; ancient administrative unit of 25 families; (Tw) borough, administrative unit between the township 鎮|镇[zhen4] and neighborhood 鄰|邻[lin2] levels	1
里程碑	里程碑	li3 cheng2 bei1	milestone	7-9
重	重	chong2	to repeat; repetition; again; re-; classifier: layer	3
重	重	zhong4	heavy; serious; to attach importance to	3
重中之重	重中之重	zhong4 zhong1 zhi1 zhong4	of the utmost importance; of highest priority	7-9
重任	重任	zhong4 ren4	heavy responsibility	7-9
重伤	重傷	zhong4 shang1	serious injury; seriously injured	7-9
重创	重創	zhong4 chuang1	to inflict heavy losses; to inflict serious damage	7-9
重合	重合	chong2 he2	to match up; to coincide	7-9
重型	重型	zhong4 xing2	heavy; heavy duty; large caliber	7-9
重大	重大	zhong4 da4	great; important; major; significant	3
重建	重建	chong2 jian4	to rebuild; to reconstruct; to reestablish	6
重心	重心	zhong4 xin1	center of gravity; central core; main part	7-9
重播	重播	chong2 bo1	to replay; to rerun; (agriculture) to reseed; to oversow	7-9
重新	重新	chong2 xin1	again; once more; re-	2
重现	重現	chong2 xian4	to reappear	7-9
重申	重申	chong2 shen1	to reaffirm; to reiterate	7-9
重叠	重疊	chong2 die2	to overlap; to superimpose; to telescope; to run together; to duplicate; one over another; superposition; an overlap; redundancy; reduplication (in Chinese grammar, e.g. 散散步[san4 san4 bu4] to have a stroll)	7-9
重组	重組	chong2 zu3	to reorganize; to recombine; to restructure	6
重复	重複	chong2 fu4	to repeat; to duplicate; CL:個|个[ge4]	2
重要	重要	zhong4 yao4	important; significant; major	1
重复	重覆	chong2 fu4	variant of 重複|重复[chong2 fu4]	2
重视	重視	zhong4 shi4	to attach importance to sth; to value	2
重返	重返	chong2 fan3	to return to	7-9
重量	重量	zhong4 liang4	weight; CL:個|个[ge4]	4
重量级	重量級	zhong4 liang4 ji2	(sports) heavyweight class; (fig.) important; major; prominent; influential	7-9
重点	重點	chong2 dian3	to recount (e.g. results of election); to re-evaluate	2
重点	重點	zhong4 dian3	important point; main point; focus; key (project etc); to focus on; to put the emphasis on	2
野	野	ye3	field; plain; open space; limit; boundary; rude; feral	6
野外	野外	ye3 wai4	countryside; areas outside the city	7-9
野心	野心	ye3 xin1	ambition; wild schemes; careerism	7-9
野炊	野炊	ye3 chui1	to cook a meal over a campfire (usu. for a group of people on an outing); cookout	7-9
野营	野營	ye3 ying2	to camp; field lodgings	7-9
野兽	野獸	ye3 shou4	beast; wild animal	7-9
野生	野生	ye3 sheng1	wild; undomesticated	6
野蛮	野蠻	ye3 man2	barbarous; uncivilized	7-9
野餐	野餐	ye3 can1	picnic; to have a picnic	7-9
量	量	liang2	to measure	4
量	量	liang4	capacity; quantity; amount; to estimate; abbr. for 量詞|量词[liang4 ci2], classifier (in Chinese grammar); measure word	4
厘米	釐米	li2 mi3	centimeter	4
金	金	Jin1	surname Jin; surname Kim (Korean); Jurchen Jin dynasty (1115–1234)	3
金	金	jin1	gold; chemical element Au; generic term for lustrous and ductile metals; money; golden; highly respected; one of the eight categories of ancient musical instruments 八音[ba1 yin1]	3
金子	金子	Jin1 zi3	Kaneko (Japanese surname)	7-9
金子	金子	jin1 zi5	gold	7-9
金字塔	金字塔	jin1 zi4 ta3	pyramid (building or structure)	7-9
金属	金屬	jin1 shu3	metal; CL:種|种[zhong3]	7-9
金牌	金牌	jin1 pai2	gold medal; CL:枚[mei2]	3
金融	金融	jin1 rong2	banking; finance; financial	6
金钱	金錢	jin1 qian2	money; currency	6
金额	金額	jin1 e2	sum of money; amount of money	6
钉	釘	ding1	nail; to follow closely; to keep at sb (to do sth); variant of 盯[ding1]	7-9
钉	釘	ding4	to join things together by fixing them in place at one or more points; to nail; to pin; to staple; to sew on	7-9
钉子	釘子	ding1 zi5	nail; snag; saboteur	7-9
针	針	zhen1	needle; pin; injection; stitch; CL:根[gen1],支[zhi1]	4
针对	針對	zhen1 dui4	to target; to focus on; to be aimed at or against; in response to	4
针灸	針灸	zhen1 jiu3	acupuncture and moxibustion; to give or have acupuncture and moxibustion	7-9
针锋相对	針鋒相對	zhen1 feng1 xiang1 dui4	to oppose each other with equal harshness (idiom); tit for tat; measure for measure	7-9
钓鱼	釣魚	diao4 yu2	to fish (with line and hook); to angle; (fig.) to entrap; (Tw) to repeatedly nod one's head while dozing	7-9
扣	釦	kou4	button	6
焊	釬	han4	variant of 焊[han4]	7-9
铅	鈆	qian1	old variant of 鉛|铅[qian1]	7-9
钩	鈎	gou1	variant of 鉤|钩[gou1]	7-9
钞票	鈔票	chao1 piao4	paper money; a bill (e.g. 100 yuan); CL:張|张[zhang1],紮|扎[za1]	7-9
钙	鈣	gai4	calcium (chemistry)	7-9
铃	鈴	ling2	(small) bell; CL:隻|只[zhi1]	5
铃声	鈴聲	ling2 sheng1	ring; ringtone; bell stroke; tintinnabulation	5
巨额	鉅額	ju4 e2	variant of 巨額|巨额[ju4 e2]	7-9
钳子	鉗子	qian2 zi5	pliers; pincers; tongs; forceps; vise; clamp; claw (of a crab etc); CL:把[ba3]; (dialect) earring	7-9
铅	鉛	qian1	lead (chemistry)	7-9
铅	鉛	yan2	used in 鉛山|铅山[Yan2 shan1] (the name of a place in Jiangxi)	7-9
铅笔	鉛筆	qian1 bi3	(lead) pencil; CL:支[zhi1],枝[zhi1],桿|杆[gan3]	6
钩	鉤	gou1	to hook; to sew; to crochet; hook; check mark or tick; window catch	7-9
钩子	鉤子	gou1 zi5	hook	7-9
银	銀	yin2	silver; silver-colored; relating to money or currency	3
银幕	銀幕	yin2 mu4	movie screen	7-9
银牌	銀牌	yin2 pai2	silver medal; CL:枚[mei2]	3
银行	銀行	yin2 hang2	bank; CL:家[jia1],個|个[ge4]	2
银行卡	銀行卡	yin2 hang2 ka3	bank card	2
铜	銅	tong2	copper (chemistry); see also 紅銅|红铜[hong2 tong2]; CL:塊|块[kuai4]	7-9
铜牌	銅牌	tong2 pai2	bronze medal; bronze plaque bearing a business name or logo etc; CL:枚[mei2]	6
铭记	銘記	ming2 ji4	to engrave in one's memory	7-9
衔接	銜接	xian2 jie1	to link up; to connect; to join	7-9
焊	銲	han4	variant of 焊[han4]	7-9
销	銷	xiao1	to melt (metal); to cancel; to annul; to sell; to expend; to spend; pin; bolt; to fasten with a pin or bolt	7-9
销售	銷售	xiao1 shou4	to sell; to market; sales (representative, agreement etc)	4
销毁	銷毀	xiao1 hui3	to destroy (by melting or burning); to obliterate	7-9
销量	銷量	xiao1 liang4	sales volume	7-9
锈	銹	xiu4	variant of 鏽|锈[xiu4]	7-9
铝	鋁	lu:3	aluminum (chemistry)	7-9
铺	鋪	pu1	to spread; to display; to set up; (old) holder for door-knocker	6
铺	鋪	pu4	plank bed; place to sleep; shop; store; (old) relay station	6
铺路	鋪路	pu1 lu4	to pave (with paving stones); to lay a road; (fig.) to lay the groundwork (for sth); to give a present to sb to ensure success	7-9
锯	鋸	ju1	variant of 鋦|锔[ju1]	7-9
锯	鋸	ju4	a saw (CL:把[ba3]); to saw	7-9
钢	鋼	gang1	steel	7-9
钢琴	鋼琴	gang1 qin2	piano; CL:架[jia4],臺|台[tai2]	5
钢笔	鋼筆	gang1 bi3	fountain pen; CL:支[zhi1]	5
录	錄	Lu4	surname Lu	3
录	錄	lu4	diary; record; to hit; to copy	3
录像	錄像	lu4 xiang4	to videotape; to videorecord; video recording; CL:盤|盘[pan2]	6
录取	錄取	lu4 qu3	to accept an applicant (prospective student, employee etc) who passes an entrance exam; to admit (a student); to hire (a job candidate)	4
录制	錄製	lu4 zhi4	to record (video or audio)	7-9
录音	錄音	lu4 yin1	to record sound; an audio recording (CL:段[duan4])	3
录音机	錄音機	lu4 yin1 ji1	(tape) recording machine; tape recorder; CL:臺|台[tai2]	6
锤子	錘子	chui2 zi5	hammer; CL:把[ba3]	7-9
钱	錢	Qian2	surname Qian	1
钱	錢	qian2	coin; money; CL:筆|笔[bi3]; unit of weight, one tenth of a tael 兩|两[liang3]	1
钱包	錢包	qian2 bao1	purse; wallet	1
钱财	錢財	qian2 cai2	wealth; money	7-9
锦旗	錦旗	jin3 qi2	silk banner (as an award or gift)	7-9
锡	錫	xi1	tin (chemistry); to bestow; to confer; to grant; Taiwan pr. [xi2]	7-9
错	錯	Cuo4	surname Cuo	1
错	錯	cuo4	mistake; wrong; bad; interlocking; complex; to grind; to polish; to alternate; to stagger; to miss; to let slip; to evade; to inlay with gold or silver	1
错位	錯位	cuo4 wei4	to be wrongly positioned; to be dislocated; to be misplaced; (medicine) to be in malposition; (fig.) erroneous; eccentric	7-9
错别字	錯別字	cuo4 bie2 zi4	incorrectly written or mispronounced characters	7-9
错综复杂	錯綜複雜	cuo4 zong1 fu4 za2	tangled and complicated (idiom)	7-9
错觉	錯覺	cuo4 jue2	misconception; illusion; misperception	7-9
错误	錯誤	cuo4 wu4	mistaken; false; wrong; error; mistake; CL:個|个[ge4]	3
错过	錯過	cuo4 guo4	to miss (train, opportunity etc)	6
表	錶	biao3	watch (timepiece); meter; gauge	2
炼	鍊	lian4	variant of 鏈|链[lian4], chain; variant of 煉|炼[lian4]	7-9
锅	鍋	guo1	pot; pan; wok; cauldron; pot-shaped thing; CL:口[kou3],隻|只[zhi1]	5
锻炼	鍛鍊	duan4 lian4	to toughen; to temper; to engage in physical exercise; to work out; (fig.) to develop one's skills; to train oneself	4
键	鍵	jian4	key (on a piano or computer keyboard); button (on a mouse or other device); chemical bond; linchpin	5
键盘	鍵盤	jian4 pan2	keyboard	5
针	鍼	zhen1	variant of 針|针[zhen1], needle	4
钟	鍾	Zhong1	surname Zhong	3
钟	鍾	zhong1	handleless cup; goblet; (bound form) to concentrate (one's affection etc); variant of 鐘|钟[zhong1]	3
锁	鎖	suo3	to lock; to lock up; a lock (CL:把[ba3])	5
锁定	鎖定	suo3 ding4	to lock (a door); to close with a latch; to lock into place; a lock; a latch; to lock a computer file (to prevent it being overwritten); to lock (denying access to a computer system or device or files, e.g. by password-protection); to focus attention on; to target	7-9
枪	鎗	qiang1	variant of 槍|枪[qiang1]; rifle; spear	5
镇	鎮	zhen4	to press down; to calm; to subdue; to suppress; to guard; garrison; small town; to cool or chill (food or drinks)	6
镇定	鎮定	zhen4 ding4	calm; unperturbed; cool	7-9
锁	鎻	suo3	old variant of 鎖|锁[suo3]	5
铲	鏟	chan3	variant of 剷|铲[chan3]; (bound form) spade; shovel	7-9
铲子	鏟子	chan3 zi5	shovel; spade; trowel; spatula (kitchen utensil); CL:把[ba3]	7-9
镜子	鏡子	jing4 zi5	mirror; CL:面[mian4],個|个[ge4]	4
镜头	鏡頭	jing4 tou2	camera lens; camera shot (in a movie etc); scene	4
锈	鏽	xiu4	to rust	7-9
钟	鐘	zhong1	a (large) bell (CL:架[jia4]); clock (CL:座[zuo4]); amount of time; o'clock (CL:點|点[dian3],分[fen1],秒[miao3]) (as in 三點鐘|三点钟[san1 dian3 zhong1] "three o'clock" or "three hours" or 五分鐘|五分钟[wu3 fen1 zhong1] "five minutes" etc)	3
钟头	鐘頭	zhong1 tou2	(coll.) hour	6
铁	鐵	Tie3	surname Tie	3
铁	鐵	tie3	iron (metal); arms; weapons; hard; strong; violent; unshakeable; determined; close; tight (slang)	3
铁路	鐵路	tie3 lu4	railroad; railway; CL:條|条[tiao2]	3
铸造	鑄造	zhu4 zao4	to cast (pour metal into a mold)	7-9
鉴别	鑑別	jian4 bie2	to differentiate; to distinguish	7-9
鉴定	鑑定	jian4 ding4	to examine sth to determine its authenticity, quality, value etc; to appraise; to evaluate; to authenticate	6
鉴赏	鑑賞	jian4 shang3	to appreciate (as a connoisseur)	7-9
鉴于	鑒於	jian4 yu2	in view of; seeing that; considering; whereas	7-9
钻	鑚	zuan4	variant of 鑽|钻[zuan4]	6
矿	鑛	kuang4	variant of 礦|矿[kuang4]	6
刨	鑤	bao4	variant of 刨[bao4]	7-9
钥匙	鑰匙	yao4 shi5	key; CL:把[ba3]	7-9
镶	鑲	xiang1	to inlay; to embed; ridge; border	7-9
镶嵌	鑲嵌	xiang1 qian4	to inlay; to embed; to set (e.g. a jewel in a ring); tiling; tesselation	7-9
罐	鑵	guan4	variant of 罐[guan4]	7-9
钻	鑽	zuan1	to drill; to bore; to get into; to make one's way into; to enter (a hole); to thread one's way through; to study intensively; to dig into; to curry favor for personal gain	6
钻	鑽	zuan4	drill; auger; diamond	6
钻石	鑽石	zuan4 shi2	diamond; CL:顆|颗[ke1]	7-9
钻研	鑽研	zuan1 yan2	to study meticulously; to delve into	7-9
钻空子	鑽空子	zuan1 kong4 zi5	to take advantage of a loophole; to exploit an advantage; to seize the opportunity (esp. to do sth bad)	7-9
凿	鑿	zao2	(bound form) chisel; to bore a hole; to chisel; to dig; (literary) certain; authentic; irrefutable; also pr. [zuo4]	7-9
长	長	chang2	long; (bound form) length; (bound form) strong point; forte; (bound form) to be good at; (literary) surplus; spare (Taiwan pr. [zhang4])	2
长	長	zhang3	chief; head; elder; to grow; to develop; to increase; to enhance	2
长久	長久	chang2 jiu3	long-time; long-term; lasting; enduring; permanent; for a long time	6
长假	長假	chang2 jia4	long vacation	6
长城	長城	Chang2 cheng2	the Great Wall	3
长寿	長壽	Chang2 shou4	see 長壽區|长寿区[Chang2 shou4 Qu1]	5
长寿	長壽	chang2 shou4	longevity; long-lived	5
长大	長大	zhang3 da4	to grow up	2
长度	長度	chang2 du4	length	5
长征	長征	Chang2 zheng1	Long March (retreat of the Red Army 1934-1935)	7-9
长征	長征	chang2 zheng1	expedition; long journey	7-9
长效	長效	chang2 xiao4	to be effective over an extended period	7-9
长期	長期	chang2 qi1	long-term; for a protracted period	3
长期以来	長期以來	chang2 qi1 yi3 lai2	for a long time	7-9
长相	長相	zhang3 xiang4	appearance; looks; profile; countenance	7-9
长短	長短	chang2 duan3	length; accident; mishap; right and wrong; good and bad; merits and demerits	6
长处	長處	chang2 chu4	good aspects; strong points	3
长足	長足	chang2 zu2	remarkable (progress, improvement, expansion etc)	7-9
长跑	長跑	chang2 pao3	long-distance running	6
长辈	長輩	zhang3 bei4	one's elders; older generation	7-9
长途	長途	chang2 tu2	long distance; long-distance phone call (abbr. for 長途電話|长途电话[chang2 tu2 dian4 hua4]); long-distance coach (abbr. for 長途汽車|长途汽车[chang2 tu2 qi4 che1])	4
长达	長達	chang2 da2	to extend as long as; to lengthen out to	7-9
长远	長遠	chang2 yuan3	long-term; long-range	6
门	門	Men2	surname Men	1
门	門	men2	gate; door; doorway; gateway; opening (CL:扇[shan4]); valve; switch; other door-like or gate-like structure; way to do sth; knack; method; approach; family; household; lineage; (bound form) sect; school; faction (religious or academic); (bound form) class; category; division; phylum; classifier for courses, fields of study, branches of technology, relatives by marriage, guns etc; (suffix) -gate (scandal)	1
门口	門口	men2 kou3	doorway; gate; CL:個|个[ge4]	1
门槛	門檻	men2 kan3	doorstep; sill; threshold; fig. knack or trick (esp. scheme to get sth cheaper)	7-9
门当户对	門當戶對	men2 dang1 hu4 dui4	the families are well-matched in terms of social status (idiom); (of a prospective marriage partner) an appropriate match	7-9
门票	門票	men2 piao4	ticket (for theater, cinema etc)	1
门诊	門診	men2 zhen3	outpatient service	5
门路	門路	men2 lu4	way of doing sth; the right social connection	7-9
门铃	門鈴	men2 ling2	doorbell	7-9
闪	閃	Shan3	surname Shan	4
闪	閃	shan3	to dodge; to duck out of the way; to beat it; shaken (by a fall); to sprain; to pull a muscle; lightning; spark; a flash; to flash (across one's mind); to leave behind; (Internet slang) (of a display of affection) "dazzlingly" saccharine	4
闪烁	閃爍	shan3 shuo4	to glisten; to glitter; to twinkle; to flicker; to be evasive; to equivocate	7-9
闪电	閃電	shan3 dian4	lightning; CL:道[dao4]	4
闭	閉	bi4	to close; to stop up; to shut; to obstruct	6
闭幕	閉幕	bi4 mu4	the curtain falls; lower the curtain; to come to an end (of a meeting)	5
闭幕式	閉幕式	bi4 mu4 shi4	closing ceremony	5
开	開	kai1	to open (transitive or intransitive); (of ships, vehicles, troops etc) to start; to turn on; to put in operation; to operate; to run; to boil; to write out (a prescription, check, invoice etc); (directional complement) away; off; carat (gold); abbr. for Kelvin, 開爾文|开尔文[Kai1 er3 wen2]; abbr. for 開本|开本[kai1 ben3], book format	1
开创	開創	kai1 chuang4	to initiate; to start; to found	6
开动	開動	kai1 dong4	to start; to set in motion; to move; to march; to dig in (eating); to tuck in (eating)	7-9
开口	開口	kai1 kou3	to open one's mouth; to start to talk	7-9
开启	開啟	kai1 qi3	to start; to begin; to initiate (an era, process, journey etc); (computing) to enable (a feature); (of a system or device) to start operating automatically; to self-initiate; to open (sth that has been sealed)	7-9
开场	開場	kai1 chang3	to begin; to open; to start; beginning of an event	7-9
开场白	開場白	kai1 chang3 bai2	prologue of play; opening remarks; preamble (of speeches, articles etc)	7-9
开垦	開墾	kai1 ken3	to clear a wild area for cultivation; to put under the plow	7-9
开夜车	開夜車	kai1 ye4 che1	to burn the midnight oil; to work late into the night	6
开天辟地	開天闢地	kai1 tian1 pi4 di4	to split heaven and earth apart (idiom); refers to the Pangu 盤古|盘古[Pan2 gu3] creation myth	7-9
开始	開始	kai1 shi3	to begin; beginning; to start; initial; CL:個|个[ge4]	3
开学	開學	kai1 xue2	(of a student) to start school; (of a semester) to begin; (old) to found a school; the start of a new term	2
开展	開展	kai1 zhan3	to launch; to develop; to unfold; (of an exhibition etc) to open	3
开工	開工	kai1 gong1	to begin work (of a factory or engineering operation); to start a construction job	7-9
开幕	開幕	kai1 mu4	to open (a conference); to inaugurate	5
开幕式	開幕式	kai1 mu4 shi4	opening ceremony	5
开张	開張	kai1 zhang1	to open a business; first transaction of a business day	7-9
开心	開心	kai1 xin1	to feel happy; to rejoice; to have a great time; to make fun of sb	2
开拓	開拓	kai1 tuo4	to break new ground (for agriculture); to open up (a new seam); to develop (border regions); fig. to open up (new horizons)	7-9
开采	開採	kai1 cai3	to extract (ore or other resource from a mine); to exploit; to mine	7-9
开支	開支	kai1 zhi1	expenditures; expenses (CL:筆|笔[bi3],項|项[xiang4]); to spend money; (coll.) to pay wages	7-9
开放	開放	kai1 fang4	to bloom; to open; to be open (to the public); to open up (to the outside); to be open-minded; unrestrained by convention; unconstrained in one's sexuality	3
开会	開會	kai1 hui4	to hold a meeting; to attend a meeting	1
开朗	開朗	kai1 lang3	spacious and well-lit; open and clear; (of character) optimistic; cheerful; carefree	7-9
开业	開業	kai1 ye4	to open a business; to open a practice; open (for business)	3
开枪	開槍	kai1 qiang1	to open fire; to shoot a gun	7-9
开机	開機	kai1 ji1	to start an engine; to boot up (a computer); to press Ctrl-Alt-Delete; to begin shooting a film or TV show	2
开水	開水	kai1 shui3	boiled water; boiling water	4
开玩笑	開玩笑	kai1 wan2 xiao4	to play a joke; to make fun of; to joke	1
开发	開發	kai1 fa1	to exploit (a resource); to open up (for development); to develop	3
开发区	開發區	kai1 fa1 qu1	development zone	7-9
开发商	開發商	kai1 fa1 shang1	developer (of real estate, a commercial product etc)	7-9
开花	開花	kai1 hua1	to bloom; to blossom; to flower; (fig.) to burst; to split open; (fig.) to burst with joy; (fig.) to spring up everywhere; to flourish	4
开设	開設	kai1 she4	to offer (goods or services); to open (for business etc)	6
开车	開車	kai1 che1	to drive a car (or train etc); (slang) to post sexual content online; to make a sexual joke	1
开办	開辦	kai1 ban4	to open; to start (a business etc); to set up	7-9
开通	開通	kai1 tong1	to open (a new road or railway line); to set up (a hotline); to launch (a service); to subscribe to (a members-only service)	6
开通	開通	kai1 tong5	open-minded	6
开销	開銷	kai1 xiao1	to pay (expenses); expenses; (old) to dismiss (an employee)	7-9
开阔	開闊	kai1 kuo4	wide; open (spaces); to open up	7-9
开关	開關	kai1 guan1	power switch; gas valve; to open the city (or frontier) gate; to open and close; to switch on and off	6
开辟	開闢	kai1 pi4	to open up; to set up; to establish	7-9
开除	開除	kai1 chu2	to expel (a member of an organization); to fire (an employee)	7-9
开头	開頭	kai1 tou2	beginning; to start	6
闲	閑	xian2	enclosure; (variant of 閒|闲[xian2]) idle; unoccupied; leisure	5
闲	閒	xian2	idle; unoccupied; leisure	5
间	間	jian1	between; among; within a definite time or space; room; section of a room or lateral space between two pairs of pillars; classifier for rooms	1
间	間	jian4	gap; to separate; to thin out (seedlings); to sow discontent	1
间接	間接	jian4 jie1	indirect	5
间断	間斷	jian4 duan4	disconnected; interrupted; suspended; a gap; a break	7-9
间谍	間諜	jian4 die2	spy	7-9
间隔	間隔	jian4 ge2	gap; interval; compartment; to divide; to separate; to leave a gap of (two weeks, three meters etc)	7-9
间隙	間隙	jian4 xi4	interval; gap; clearance	7-9
闸	閘	zha2	sluice; sluice gate; to dam up water; (coll.) brake; (coll.) electric switch	7-9
闹	閙	nao4	variant of 鬧|闹[nao4]	4
合	閤	he2	variant of 合[he2]	3
阀门	閥門	fa2 men2	valve (mechanical)	7-9
哄	閧	hong4	variant of 鬨|哄[hong4]	7-9
闺女	閨女	gui1 nu:5	maiden; unmarried woman; (coll.) daughter	7-9
阅历	閱歷	yue4 li4	to experience; experience	7-9
阅览室	閱覽室	yue4 lan3 shi4	reading room; CL:間|间[jian1]	5
阅读	閱讀	yue4 du2	to read; reading	4
阎王	閻王	Yan2 wang5	(Buddhism) Yama, the King of Hell; (fig.) cruel and tyrannical person	7-9
板	闆	ban3	used in 老闆|老板[lao3 ban3]	3
板	闆	pan4	to catch sight of in a doorway (old)	3
暗	闇	an4	(literary) to close (a door); to eclipse; confused; ignorant (variant of 暗[an4]); dark (variant of 暗[an4])	4
阔	闊	kuo4	rich; wide; broad	6
阔绰	闊綽	kuo4 chuo4	extravagant; liberal with money	7-9
闯	闖	chuang3	to rush; to charge; to dash; to break through; to temper oneself (through battling hardships)	5
关上	關上	guan1 shang4	to close (a door); to turn off (light, electrical equipment etc)	1
关系	關係	guan1 xi5	relation; relationship; to concern; to affect; to have to do with; guanxi; CL:個|个[ge4]	3
关心	關心	guan1 xin1	to be concerned about; to care about	2
关爱	關愛	guan1 ai4	to show concern and care for	6
关怀	關懷	guan1 huai2	care; solicitude; to show care for; concerned about; attentive to	5
关掉	關掉	guan1 diao4	to switch off; to shut off	7-9
关于	關於	guan1 yu2	pertaining to; concerning; with regard to; about; a matter of	4
关机	關機	guan1 ji1	to turn off (a machine or device); to finish shooting a film	2
关注	關注	guan1 zhu4	to pay attention to; to follow sth closely; to follow (on social media); concern; interest; attention	3
关照	關照	guan1 zhao4	to take care; to keep an eye on; to look after; to tell; to remind	7-9
关税	關稅	guan1 shui4	customs duty; tariff	7-9
关节	關節	guan1 jie2	joint (physiology); key point; critical phase	7-9
关系	關系	guan1 xi5	variant of 關係|关系[guan1 xi5]	3
关联	關聯	guan1 lian2	to be related; to be connected; relationship; connection	6
关键	關鍵	guan1 jian4	crucial point; crux; CL:個|个[ge4]; key; crucial; pivotal	5
关闭	關閉	guan1 bi4	to close; to shut (a window etc); (of a shop, school etc) to shut down	4
关头	關頭	guan1 tou2	juncture; moment	7-9
阐述	闡述	chan3 shu4	to expound (a position); to elaborate (on a topic); to treat (a subject)	7-9
坑	阬	keng1	variant of 坑[keng1]	7-9
防	防	fang2	to protect; to defend; to guard against; to prevent	3
防守	防守	fang2 shou3	to defend; to protect (against)	6
防止	防止	fang2 zhi3	to prevent; to guard against; to take precautions	3
防汛	防汛	fang2 xun4	flood control; anti-flood (precautions)	7-9
防治	防治	fang2 zhi4	to prevent and cure; prevention and cure	5
防火墙	防火牆	fang2 huo3 qiang2	firewall	7-9
防疫	防疫	fang2 yi4	to prevent epidemics	7-9
防盗	防盜	fang2 dao4	to guard against theft; anti-theft	7-9
防盗门	防盜門	fang2 dao4 men2	security door	7-9
防御	防禦	fang2 yu4	defense; to defend	7-9
防范	防範	fang2 fan4	to be on guard; wariness; to guard against; preventive	6
防卫	防衛	fang2 wei4	to defend; defensive; defense	7-9
防护	防護	fang2 hu4	to defend; to protect	7-9
阻力	阻力	zu3 li4	resistance; drag	7-9
阻挠	阻撓	zu3 nao2	to thwart; to obstruct (sth)	7-9
阻挡	阻擋	zu3 dang3	to stop; to resist; to obstruct	7-9
阻拦	阻攔	zu3 lan2	to stop; to obstruct	7-9
阻止	阻止	zu3 zhi3	to prevent; to block	4
阻碍	阻礙	zu3 ai4	to obstruct; to hinder; to block; obstruction; hindrance	5
阿姨	阿姨	a1 yi2	maternal aunt; step-mother; childcare worker; nursemaid; woman of similar age to one's parents (term of address used by child); CL:個|个[ge4]	4
阿拉伯语	阿拉伯語	A1 la1 bo2 yu3	Arabic (language)	7-9
附	附	fu4	to add; to attach; to be close to; to be attached	7-9
附件	附件	fu4 jian4	appendix (in a document); enclosure (accompanying a document); (email) attachment; accessory (for a car, computer etc); (anatomy) adnexa	5
附加	附加	fu4 jia1	additional; annex	7-9
附和	附和	fu4 he4	to agree; to go along with; to echo (what sb says)	7-9
附属	附屬	fu4 shu3	subsidiary; auxiliary; attached; affiliated; subordinate; subordinating	7-9
附带	附帶	fu4 dai4	supplementary; incidentally; in parentheses; by chance; in passing; additionally; secondary; subsidiary; to attach	7-9
附近	附近	fu4 jin4	nearby; neighboring; (in the) vicinity (of); neighborhood	4
陌生	陌生	mo4 sheng1	strange; unfamiliar	7-9
降	降	jiang4	to drop; to fall; to come down; to descend	4
降	降	xiang2	to surrender; to capitulate; to subdue; to conquer; to tame	4
降低	降低	jiang4 di1	to reduce; to lower; to bring down	4
降价	降價	jiang4 jia4	to cut the price; to drive down the price; to get cheaper	4
降温	降溫	jiang4 wen1	to become cooler; to lower the temperature; cooling; (of interest, activity etc) to decline	4
降临	降臨	jiang4 lin2	to descend; to arrive; to come	7-9
降落	降落	jiang4 luo4	to descend; to land	4
限	限	xian4	to limit; to restrict; (bound form) limit; bound	7-9
限制	限制	xian4 zhi4	to restrict; to limit; to confine; restriction; limit; CL:個|个[ge4]	4
限定	限定	xian4 ding4	to restrict to; to limit	7-9
限度	限度	xian4 du4	limitation; limit	7-9
限于	限於	xian4 yu2	to be limited to; to be confined to	7-9
升	陞	sheng1	to ascend; to rise (variant of 升[sheng1]); to promote; to elevate (variant of 升[sheng1])	3
陡	陡	dou3	steep; precipitous; (of a change) abrupt; sudden	7-9
院	院	yuan4	courtyard; institution; CL:個|个[ge4]	2
院士	院士	yuan4 shi4	scholar; academician; fellow (of an academy)	7-9
院子	院子	yuan4 zi5	courtyard; garden; yard; patio; CL:個|个[ge4]; (old) servant	2
院长	院長	yuan4 zhang3	the head of an institution whose name ends in 院[yuan4]; chair of a board; university president; college dean; premier of the Republic of China	2
阵	陣	zhen4	disposition of troops; wave; spate; burst; spell; short period of time; classifier for events or states of short duration	4
阵容	陣容	zhen4 rong2	troop arrangement; battle formation; lineup (of a sports team etc)	7-9
阵营	陣營	zhen4 ying2	group of people; camp; faction; sides in a dispute	7-9
除	除	chu2	to get rid of; to remove; to exclude; to eliminate; to wipe out; to divide; except; not including	6
除了	除了	chu2 le5	apart from; besides; in addition to (used to exclude, as in 除了他，誰也沒來|除了他，谁也没来[chu2 le5 ta1 , shei2 ye3 mei2 lai2] "apart from him, nobody came", or to include, as in 除了英語，他也會法語|除了英语，他也会法语[chu2 le5 Ying1 yu3 , ta1 ye3 hui4 Fa3 yu3] "in addition to English, he also knows French"); (used to introduce one of two habitual alternatives in the pattern 除了[chu2 le5] + A + 就是[jiu4 shi4] + B, "either A or B")	3
除去	除去	chu2 qu4	to eliminate; to remove; except for; apart from	7-9
除夕	除夕	Chu2 xi1	lunar New Year's Eve	5
除外	除外	chu2 wai4	to exclude; not including sth (when counting or listing); except for	7-9
除此之外	除此之外	chu2 ci3 zhi1 wai4	apart from this; in addition to this	7-9
除非	除非	chu2 fei1	only if (..., or otherwise, ...); only when; only in the case that; unless	5
陪	陪	pei2	to accompany; to keep sb company; to assist; old variant of 賠|赔[pei2]	5
陪伴	陪伴	pei2 ban4	to accompany	7-9
陪同	陪同	pei2 tong2	to accompany	6
陪葬	陪葬	pei2 zang4	to be buried with or next to dead person (of deceased's partner, or of funerary objects)	7-9
阴	陰	Yin1	surname Yin	2
阴	陰	yin1	overcast (weather); cloudy; shady; Yin (the negative principle of Yin and Yang); negative (electric.); feminine; moon; implicit; hidden; genitalia	2
阴天	陰天	yin1 tian1	cloudy day; overcast sky	2
阴影	陰影	yin1 ying3	(lit. and fig.) shadow; CL:道[dao4]	6
阴性	陰性	yin1 xing4	negative; feminine	7-9
阴暗	陰暗	yin1 an4	dim; dark; overcast; darkness; shadow; (fig.) dismal; gloomy; somber; murky; shadowy (side)	7-9
阴谋	陰謀	yin1 mou2	to conspire; to plot; a conspiracy; a plot	6
陈列	陳列	chen2 lie4	to display; to exhibit	7-9
陈旧	陳舊	chen2 jiu4	old-fashioned; out of date; obsolete; antiquated	7-9
陈述	陳述	chen2 shu4	to state; to declare	7-9
陶冶	陶冶	tao2 ye3	lit. to fire pots and smelt metal; fig. to educate	7-9
陶瓷	陶瓷	tao2 ci2	pottery and porcelain; ceramics	7-9
陶醉	陶醉	tao2 zui4	to be infatuated with; to be drunk with; to be enchanted with; to revel in	7-9
陷	陷	xian4	pitfall; trap; to get stuck; to sink; to cave in; to frame (false charge); to capture (a city in battle); to fall (to the enemy); defect	7-9
陷入	陷入	xian4 ru4	to sink into; to get caught up in; to land in (a predicament)	6
陷阱	陷阱	xian4 jing3	pitfall; snare; trap	7-9
陆地	陸地	lu4 di4	dry land (as opposed to the sea)	4
陆续	陸續	lu4 xu4	in turn; successively; one after the other; bit by bit	4
陆军	陸軍	lu4 jun1	army; ground forces	6
阳光	陽光	yang2 guang1	sunshine; (of personality) upbeat; energetic; transparent (open to public scrutiny)	3
阳台	陽台	yang2 tai2	variant of 陽臺|阳台[yang2 tai2]	4
阳性	陽性	yang2 xing4	positive; masculine	7-9
阳台	陽臺	yang2 tai2	balcony; porch	4
阴	隂	yin1	variant of 陰|阴[yin1]	2
堤	隄	di1	variant of 堤[di1]	7-9
隆重	隆重	long2 zhong4	grand; prosperous; ceremonious; solemn	7-9
队	隊	dui4	squadron; team; group; CL:個|个[ge4]	2
队伍	隊伍	dui4 wu3	ranks; troops; queue; line; procession; CL:個|个[ge4],支[zhi1],條|条[tiao2]	6
队员	隊員	dui4 yuan2	team member	3
队形	隊形	dui4 xing2	formation	7-9
队长	隊長	dui4 zhang3	captain; team leader; CL:個|个[ge4]	2
阶层	階層	jie1 ceng2	social class	7-9
阶梯	階梯	jie1 ti1	flight of steps; (fig.) stepping stone; way to reach the goal of	7-9
阶段	階段	jie1 duan4	stage; section; phase; period; CL:個|个[ge4]	4
阶级	階級	jie1 ji2	(social) class; CL:個|个[ge4]	7-9
隔	隔	ge2	to separate; to partition; to stand or lie between; at a distance from; after or at an interval of	4
隔壁	隔壁	ge2 bi4	next door; neighbor	5
隔开	隔開	ge2 kai1	to separate	4
隔阂	隔閡	ge2 he2	misunderstanding; estrangement; (language etc) barrier	7-9
隔离	隔離	ge2 li2	to separate; to isolate	7-9
陨石	隕石	yun3 shi2	meteorite; aerolite; CL:塊|块[kuai4],顆|颗[ke1]	7-9
障碍	障礙	zhang4 ai4	barrier; obstruction; hindrance; impediment; obstacle	6
隧道	隧道	sui4 dao4	tunnel	7-9
随	隨	Sui2	surname Sui	3
随	隨	sui2	to follow; to comply with; varying according to...; to allow; subsequently	3
随便	隨便	sui2 bian4	as one wishes; as one pleases; at random; negligent; casual; wanton	2
随即	隨即	sui2 ji2	immediately; presently; following which	7-9
随大溜	隨大溜	sui2 da4 liu4	to follow the crowd; going with the tide	7-9
随后	隨後	sui2 hou4	afterward; later; subsequently; following that	5
随心所欲	隨心所欲	sui2 xin1 suo3 yu4	(idiom) to follow one's heart's desires; to do as one pleases	7-9
随意	隨意	sui2 yi4	as one wishes; according to one's wishes; at will; voluntary; conscious	5
随手	隨手	sui2 shou3	conveniently; without extra trouble; while doing it; in passing	4
随时	隨時	sui2 shi2	at any time; at all times; at the right time; whenever necessary	2
随时随地	隨時隨地	sui2 shi2 sui2 di4	anytime and anywhere	7-9
随机	隨機	sui2 ji1	according to the situation; pragmatic; random	7-9
随着	隨著	sui2 zhe5	along with; in the wake of; following	5
随处可见	隨處可見	sui2 chu4 ke3 jian4	can be seen everywhere	7-9
随身	隨身	sui2 shen1	to (carry) on one's person; to (take) with one	7-9
险	險	xian3	danger; dangerous; rugged	6
隐形	隱形	yin3 xing2	invisible	7-9
隐性	隱性	yin3 xing4	hidden; crypto-; recessive (gene)	7-9
隐患	隱患	yin3 huan4	a danger concealed within sth; hidden damage; misfortune not visible from the surface	7-9
隐情	隱情	yin3 qing2	sth one wishes to keep secret; ulterior motive; a subject best avoided	7-9
隐瞒	隱瞞	yin3 man2	to conceal; to hide (a taboo subject); to cover up the truth	7-9
隐私	隱私	yin3 si1	secrets; private business; privacy	6
隐约	隱約	yin3 yue1	vague; faint; indistinct	7-9
隐蔽	隱蔽	yin3 bi4	to conceal; to hide; covert; under cover	7-9
隐藏	隱藏	yin3 cang2	to hide; to conceal; to mask; to shelter; to harbor (i.e. keep sth hidden); to hide oneself; to lie low; to nestle; hidden; implicit; private; covert; recessed (lighting)	6
隐身	隱身	yin3 shen1	to hide oneself; invisible (person or online status)	7-9
只	隻	zhi1	classifier for birds and certain animals, one of a pair, some utensils, vessels etc	3
雄伟	雄偉	xiong2 wei3	grand; imposing; magnificent; majestic	5
雄厚	雄厚	xiong2 hou4	substantial; robust; ample; abundant	7-9
集	集	ji2	to gather; to collect; collected works; classifier for sections of a TV series etc: episode	6
集中	集中	ji2 zhong1	to concentrate; to centralize; to focus; centralized; concentrated; to put together	3
集合	集合	ji2 he2	to gather; to assemble; (math.) set	4
集团	集團	ji2 tuan2	group; bloc; corporation; conglomerate	5
集会	集會	ji2 hui4	to gather; assembly; meeting; CL:個|个[ge4],次[ci4]	7-9
集结	集結	ji2 jie2	to assemble; to concentrate; to mass; to build up; to marshal	7-9
集装箱	集裝箱	ji2 zhuang1 xiang1	container (for shipping)	7-9
集资	集資	ji2 zi1	to raise money; to accumulate funds	7-9
集邮	集郵	ji2 you2	stamp collecting; philately	7-9
集体	集體	ji2 ti3	collective (decision); joint (effort); a group; a team; en masse; as a group	3
雇	雇	gu4	to employ; to hire; to rent	7-9
雇主	雇主	gu4 zhu3	employer	7-9
雇佣	雇傭	gu4 yong1	to employ; to hire	7-9
雇员	雇員	gu4 yuan2	employee	7-9
雕	雕	diao1	to carve; to engrave; shrewd; bird of prey	7-9
雕刻	雕刻	diao1 ke4	to carve; to engrave; carving	7-9
雕塑	雕塑	diao1 su4	a statue; a Buddhist image; sculpture; to carve	7-9
虽	雖	sui1	although; even though	6
虽然	雖然	sui1 ran2	although; even though (often used correlatively with 可是[ke3 shi4] or 但是[dan4 shi4] etc)	2
虽说	雖說	sui1 shuo1	though; although	7-9
双	雙	Shuang1	surname Shuang	3
双	雙	shuang1	two; double; pair; both; even (number)	3
双向	雙向	shuang1 xiang4	bidirectional; two-way; interactive	7-9
双手	雙手	shuang1 shou3	both hands	5
双打	雙打	shuang1 da3	doubles (in sports); CL:場|场[chang3]	6
双方	雙方	shuang1 fang1	bilateral; both sides; both parties involved	3
双胞胎	雙胞胎	shuang1 bao1 tai1	twin; CL:對|对[dui4]	7-9
双赢	雙贏	shuang1 ying2	profitable to both sides; a win-win situation	7-9
双边	雙邊	shuang1 bian1	bilateral	7-9
双重	雙重	shuang1 chong2	double	7-9
杂	雜	za2	mixed; miscellaneous; various; to mix	6
杂乱无章	雜亂無章	za2 luan4 wu2 zhang1	disordered and in a mess (idiom); all mixed up and chaotic	7-9
杂交	雜交	za2 jiao1	to hybridize; to crossbreed; promiscuity	7-9
杂技	雜技	za2 ji4	acrobatics; CL:場|场[chang3]	7-9
杂志	雜誌	za2 zhi4	magazine; CL:本[ben3],份[fen4],期[qi1]	3
鸡	雞	ji1	fowl; chicken; CL:隻|只[zhi1]; (slang) prostitute	2
鸡蛋	雞蛋	ji1 dan4	(chicken) egg; hen's egg; CL:個|个[ge4],打[da2]	1
离	離	Li2	surname Li	2
离	離	li2	to leave; to part from; to be away from; (in giving distances) from; without (sth); independent of; one of the Eight Trigrams 八卦[ba1 gua4], symbolizing fire; ☲	2
离不开	離不開	li2 bu5 kai1	inseparable; inevitably linked to	4
离奇	離奇	li2 qi2	odd; bizarre	7-9
离婚	離婚	li2 hun1	to divorce	3
离职	離職	li2 zhi2	to leave one's job temporarily (e.g. for study); to leave one's job; to resign	7-9
离谱儿	離譜兒	li2 pu3 r5	erhua form of 離譜|离谱[li2 pu3]	7-9
离开	離開	li2 kai1	to depart; to leave	2
难	難	nan2	difficult (to...); problem; difficulty; difficult; not good	1
难	難	nan4	disaster; distress; to scold	1
难以	難以	nan2 yi3	hard to (predict, imagine etc)	5
难以置信	難以置信	nan2 yi3 zhi4 xin4	(idiom) hard to believe; incredible	7-9
难免	難免	nan2 mian3	hard to avoid; difficult to escape from; will inevitably	4
难受	難受	nan2 shou4	to feel unwell; to suffer pain; to be difficult to bear	2
难堪	難堪	nan2 kan1	hard to take; embarrassed	7-9
难度	難度	nan2 du4	degree of difficulty	3
难得	難得	nan2 de2	seldom; rare; hard to come by	5
难得一见	難得一見	nan2 de2 yi1 jian4	rarely seen	7-9
难忘	難忘	nan2 wang4	unforgettable	6
难怪	難怪	nan2 guai4	(it's) no wonder (that...); (it's) not surprising (that)	7-9
难为情	難為情	nan2 wei2 qing2	embarrassed	7-9
难看	難看	nan2 kan4	ugly; unsightly	2
难听	難聽	nan2 ting1	unpleasant to hear; coarse; vulgar; offensive; shameful	2
难处	難處	nan2 chu5	trouble; difficulty; problem	7-9
难说	難說	nan2 shuo1	hard to tell (i.e. hard to judge or hard to predict); cannot bring oneself to say it	7-9
难过	難過	nan2 guo4	to feel sad; to feel unwell; (of life) to be difficult	2
难道	難道	nan2 dao4	don't tell me ...; could it be that...?	3
难关	難關	nan2 guan1	difficulty; crisis	7-9
难题	難題	nan2 ti2	difficult problem	2
难点	難點	nan2 dian3	difficulty	7-9
雨	雨	yu3	rain; CL:陣|阵[zhen4],場|场[chang2]	1
雨	雨	yu4	(literary) to rain; (of rain, snow etc) to fall; to precipitate; to wet	1
雨水	雨水	Yu3 shui3	Yushui or Rain Water, 2nd of the 24 solar terms 二十四節氣|二十四节气 19th February-5th March	5
雨水	雨水	yu3 shui3	rainwater; rainfall; rain	5
雨衣	雨衣	yu3 yi1	raincoat; CL:件[jian4]	6
雪	雪	Xue3	surname Xue	2
雪	雪	xue3	snow; CL:場|场[chang2]; (literary) to wipe away (a humiliation etc)	2
雪上加霜	雪上加霜	xue3 shang4 jia1 shuang1	(idiom) to make matters even worse; to add insult to injury	7-9
雪山	雪山	xue3 shan1	snow-capped mountain	7-9
云	雲	Yun2	surname Yun; short name for Yunnan 雲南|云南[Yun2 nan2]	2
云	雲	yun2	cloud; CL:朵[duo3]	2
零下	零下	ling2 xia4	below zero (esp. temperature)	2
零件	零件	ling2 jian4	part; component	7-9
零售	零售	ling2 shou4	to retail; to sell individually or in small quantities	7-9
零花钱	零花錢	ling2 hua1 qian2	pocket money; allowance	7-9
零钱	零錢	ling2 qian2	change (of money); small change; pocket money	7-9
零食	零食	ling2 shi2	snack; nibbles	4
雷同	雷同	lei2 tong2	mirroring others; identical	7-9
电	電	dian4	lightning; electricity; electric (bound form); to get (or give) an electric shock; phone call or telegram etc; to send via telephone or telegram etc	1
电信	電信	dian4 xin4	telecommunications	7-9
电力	電力	dian4 li4	electrical power; electricity	6
电动	電動	dian4 dong4	electric-powered; (Tw) video game	6
电动车	電動車	dian4 dong4 che1	electric vehicle (commonly refers to e-bikes, scooters or electric cars)	4
电器	電器	dian4 qi4	(electrical) appliance; device	6
电报	電報	dian4 bao4	telegram; cable; telegraph; CL:封[feng1],份[fen4]	7-9
电子版	電子版	dian4 zi3 ban3	electronic edition; digital version	5
电子邮件	電子郵件	dian4 zi3 you2 jian4	email; CL:封[feng1],份[fen4]	3
电影	電影	dian4 ying3	movie; film; CL:部[bu4],片[pian4],場|场[chang3]	1
电影院	電影院	dian4 ying3 yuan4	cinema; movie theater; CL:家[jia1],座[zuo4]	1
电梯	電梯	dian4 ti1	elevator; escalator; CL:臺|台[tai2],部[bu4]	4
电池	電池	dian4 chi2	battery; electric cell; CL:節|节[jie2],組|组[zu3]	5
电源	電源	dian4 yuan2	electric power source	4
电灯	電燈	dian4 deng1	electric light; CL:盞|盏[zhan3]	4
电网	電網	dian4 wang3	electricity grid; power grid; electrified wire netting	7-9
电线	電線	dian4 xian4	wire; power cord; CL:根[gen1]	7-9
电脑	電腦	dian4 nao3	computer; CL:臺|台[tai2]	1
电台	電臺	dian4 tai2	transmitter-receiver; broadcasting station; radio station; CL:個|个[ge4],家[jia1]	3
电视	電視	dian4 shi4	television; TV; CL:臺|台[tai2],部[bu4]	1
电视剧	電視劇	dian4 shi4 ju4	TV series; TV drama; CL:部[bu4]	3
电视台	電視台	dian4 shi4 tai2	television station	3
电视机	電視機	dian4 shi4 ji1	television set; CL:臺|台[tai2]	1
电视台	電視臺	dian4 shi4 tai2	variant of 電視台|电视台[dian4 shi4 tai2]	3
电讯	電訊	dian4 xun4	telecommunications; telecom	7-9
电话	電話	dian4 hua4	telephone; CL:部[bu4]; phone call; CL:通[tong1]; phone number	1
电车	電車	dian4 che1	tram; streetcar; trolleybus; electric car; e-bike; (in the context of Japan) electric train	6
电铃	電鈴	dian4 ling2	electric bell	7-9
电饭锅	電飯鍋	dian4 fan4 guo1	electric rice cooker	5
需	需	xu1	to require; to need; to want; necessity; need	7-9
需求	需求	xu1 qiu2	requirement; to require; (economics) demand	3
需要	需要	xu1 yao4	to need; to want; to demand; to require; needs	3
震	震	zhen4	to shake; to vibrate; to jolt; to quake; excited; shocked; one of the Eight Trigrams 八卦[ba1 gua4], symbolizing thunder; ☳	7-9
震动	震動	zhen4 dong4	to shake; to vibrate; to strongly affect; shock; vibration	7-9
震撼	震撼	zhen4 han4	to shake; to shock; to stun; shocking; stunning; shock	7-9
震惊	震驚	zhen4 jing1	to shock; to astonish	5
霍乱	霍亂	huo4 luan4	cholera	7-9
沾	霑	zhan1	variant of 沾[zhan1]; to moisten	7-9
霜	霜	shuang1	frost; white powder or cream spread over a surface; frosting; (skin) cream	7-9
雾	霧	wu4	fog; mist; CL:場|场[chang2],陣|阵[zhen4]	7-9
露	露	Lu4	surname Lu	6
露	露	lou4	to show; to reveal; to betray; to expose	6
露	露	lu4	dew; syrup; nectar; outdoors (not under cover); to show; to reveal; to betray; to expose	6
露天	露天	lu4 tian1	outdoors; al fresco; in the open	7-9
露面	露面	lou4 mian4	to show one's face; to appear (in public)	7-9
霸占	霸佔	ba4 zhan4	to occupy by force; to seize; to dominate	7-9
灵	靈	ling2	quick; alert; efficacious; effective; to come true; spirit; departed soul; coffin	7-9
灵巧	靈巧	ling2 qiao3	deft; nimble; ingenious	7-9
灵感	靈感	ling2 gan3	creative inspiration	7-9
灵敏	靈敏	ling2 min3	smart; clever; sensitive; keen; quick; sharp	7-9
灵机一动	靈機一動	ling2 ji1 yi1 dong4	a bright idea suddenly occurs (idiom); to hit upon an inspiration; to be struck by a brainwave	7-9
灵活	靈活	ling2 huo2	flexible; nimble; agile	6
灵通	靈通	ling2 tong1	fast and abundant (news); clever; effective	7-9
灵魂	靈魂	ling2 hun2	soul; spirit	7-9
青	青	Qing1	short name for Qinghai 青海[Qing1 hai3]	5
青	青	qing1	green; blue; black; youth; young (of people)	5
青少年	青少年	qing1 shao4 nian2	adolescent; youth; teenager	2
青年	青年	qing1 nian2	youth; youthful years; young person; the young	2
青春	青春	qing1 chun1	youth; youthfulness	4
青春期	青春期	qing1 chun1 qi1	puberty; adolescence	7-9
青蛙	青蛙	qing1 wa1	frog (CL:隻|只[zhi1]); (old) (slang) ugly guy	7-9
静	靜	jing4	still; calm; quiet; not moving	3
静止	靜止	jing4 zhi3	still; immobile; static; stationary	7-9
非	非	Fei1	abbr. for 非洲[Fei1 zhou1], Africa	4
非	非	fei1	to not be; not; wrong; incorrect; non-; un-; in-; de-; to reproach; to blame; (coll.) to insist on; simply must	4
非凡	非凡	fei1 fan2	out of the ordinary; unusually (good, talented etc)	7-9
非常	非常	fei1 chang2	very; really; unusual; extraordinary	1
非得	非得	fei1 dei3	(followed by a verb phrase, then – optionally – 不可, or 不行 etc) must	7-9
非法	非法	fei1 fa3	illegal	7-9
靠	靠	kao4	to lean against or on; to stand by the side of; to come near to; to depend on; to trust; to fuck (vulgar); traditional military costume drama where the performers wear armor (old)	2
靠拢	靠攏	kao4 long3	to draw close to	7-9
靠近	靠近	kao4 jin4	to be close to; to approach; to draw near	5
面前	面前	mian4 qian2	in front of; facing; (in the) presence (of)	2
面向	面向	mian4 xiang4	to face; to turn towards; geared towards; catering for; -oriented; (Tw) aspect; facet	6
面子	面子	mian4 zi5	outer surface; the outside of sth; social prestige; face	5
面对	面對	mian4 dui4	to face; to confront	3
面对面	面對面	mian4 dui4 mian4	face to face	6
面目全非	面目全非	mian4 mu4 quan2 fei1	nothing remains the same (idiom); change beyond recognition	7-9
面积	面積	mian4 ji1	area (of a floor, piece of land etc); surface area; tract of land	3
面红耳赤	面紅耳赤	mian4 hong2 er3 chi4	flushed with anger (or excitement)	7-9
面临	面臨	mian4 lin2	to face sth; to be confronted with	4
面试	面試	mian4 shi4	to be interviewed (as a candidate); interview	4
面貌	面貌	mian4 mao4	face; features; appearance; look	5
面部	面部	mian4 bu4	face (body part)	7-9
面面俱到	面面俱到	mian4 mian4 ju4 dao4	(idiom) take care of everything; handle everything	7-9
革命	革命	ge2 ming4	to withdraw the mandate of heaven (and transition to a new dynasty) (original meaning); revolution; revolutionary; to revolt (against sb or sth); to revolutionize (sth); (separable verb sometimes used in the pattern 革noun的命); CL:次[ci4]	7-9
革新	革新	ge2 xin1	to innovate; innovation	6
靴子	靴子	xue1 zi5	boots	7-9
靶子	靶子	ba3 zi5	target	7-9
鞋	鞋	xie2	shoe; CL:雙|双[shuang1],隻|只[zhi1]	2
巩固	鞏固	gong3 gu4	to consolidate; to strengthen; firm; solid; stable	6
鞠躬	鞠躬	ju1 gong1	to bow; (literary) to bend down	7-9
鞭炮	鞭炮	bian1 pao4	firecrackers; string of small firecrackers; CL:枚[mei2]	7-9
鞭策	鞭策	bian1 ce4	to spur on; to urge on; to encourage sb (e.g. to make progress)	7-9
鞋	鞵	xie2	variant of 鞋[xie2]	2
千	韆	qian1	used in 鞦韆|秋千[qiu1 qian1]	2
韧性	韌性	ren4 xing4	toughness	7-9
音像	音像	yin1 xiang4	audio and video; audiovisual	6
音乐	音樂	yin1 yue4	music; CL:張|张[zhang1],曲[qu3],段[duan4]	2
音乐会	音樂會	yin1 yue4 hui4	concert; CL:場|场[chang3]	2
音节	音節	yin1 jie2	syllable	2
音量	音量	yin1 liang4	loudness; volume	6
音响	音響	yin1 xiang3	sound; acoustics; audio; hi-fi system; stereo sound system (abbr. for 組合音響|组合音响[zu3 he2 yin1 xiang3])	7-9
韵味	韻味	yun4 wei4	implicit charm in rhyme or sound; hinted appeal; interest	7-9
响	響	xiang3	echo; sound; noise; to make a sound; to sound; to ring; loud; classifier for noises	2
响亮	響亮	xiang3 liang4	loud and clear; resounding	7-9
响应	響應	xiang3 ying4	to respond to; answer; CL:個|个[ge4]	7-9
响声	響聲	xiang3 sheng1	noise	6
响起	響起	xiang3 qi3	(of a sound) to come forth; (of a sound source) to ring out; to sound; to go off	7-9
页	頁	xie2	head	1
页	頁	ye4	page; leaf	1
顶	頂	ding3	apex; crown of the head; top; roof; most; to carry on the head; to push to the top; to go against; to replace; to substitute; to be subjected to (an aerial bombing, hailstorm etc); (slang) to "bump" a forum thread to raise its profile; classifier for headwear, hats, veils etc	4
顶多	頂多	ding3 duo1	at most; at best	7-9
顶尖	頂尖	ding3 jian1	peak; apex; world best; number one; finest (competitors); top (figures in a certain field)	7-9
顶级	頂級	ding3 ji2	top-notch; first-rate	7-9
项	項	Xiang4	surname Xiang	4
项	項	xiang4	back of neck; item; thing; term (in a mathematical formula); sum (of money); classifier for principles, items, clauses, tasks, research projects etc	4
项目	項目	xiang4 mu4	item; project; (sports) event	4
项链	項鏈	xiang4 lian4	necklace; CL:條|条[tiao2]	7-9
顺	順	shun4	to obey; to follow; to arrange; to make reasonable; along; favorable	6
顺便	順便	shun4 bian4	conveniently; in passing; without much extra effort	7-9
顺其自然	順其自然	shun4 qi2 zi4 ran2	to let nature take its course (idiom)	7-9
顺利	順利	shun4 li4	smoothly; without a hitch	2
顺势	順勢	shun4 shi4	to take advantage; to seize an opportunity; in passing; without taking extra trouble; conveniently	7-9
顺差	順差	shun4 cha1	(trade or budget) surplus	7-9
顺序	順序	shun4 xu4	sequence; order	4
顺从	順從	shun4 cong2	obedient; to comply; to submit; to defer	7-9
顺心	順心	shun4 xin1	happy; satisfactory	7-9
顺应	順應	shun4 ying4	to comply with; to conform to; to adapt to; to go along with; in tune with	7-9
顺手	順手	shun4 shou3	as an incidental action while doing sth else; while one is at it; in passing; smooth; easy; without difficulty	7-9
顺畅	順暢	shun4 chang4	smooth and unhindered; fluent	7-9
顺理成章	順理成章	shun4 li3 cheng2 zhang1	logical; only to be expected; rational and clearly structured (of text)	7-9
顺着	順著	shun4 zhe5	to follow; following; along	7-9
顺路	順路	shun4 lu4	by the way; while out doing sth else; conveniently	7-9
须	須	xu1	must; to have to; to wait	7-9
预备	預備	yu4 bei4	to prepare; to make ready; preparation; preparatory	5
预兆	預兆	yu4 zhao4	omen; sign (of sth yet to occur); prior indication; to foreshadow	7-9
预先	預先	yu4 xian1	beforehand; in advance	7-9
预告	預告	yu4 gao4	to forecast; to predict; advance notice	7-9
预售	預售	yu4 shou4	to sell in advance	7-9
预报	預報	yu4 bao4	forecast	3
预定	預定	yu4 ding4	to schedule in advance	7-9
预感	預感	yu4 gan3	to have a premonition; premonition	7-9
预料	預料	yu4 liao4	to forecast; to anticipate; expectation	7-9
预期	預期	yu4 qi1	to expect; to anticipate	5
预测	預測	yu4 ce4	to forecast; to predict	4
预示	預示	yu4 shi4	to indicate; to foretell; to forebode; to betoken	7-9
预算	預算	yu4 suan4	budget	7-9
预约	預約	yu4 yue1	booking; reservation; to book; to make an appointment	6
预习	預習	yu4 xi2	to prepare a lesson	3
预见	預見	yu4 jian4	to foresee; to predict; to forecast; to envision; foresight; intuition; vision	7-9
预言	預言	yu4 yan2	to predict; prophecy	7-9
预订	預訂	yu4 ding4	to place an order; to book ahead	4
预计	預計	yu4 ji4	to forecast; to predict; to estimate	3
预赛	預賽	yu4 sai4	preliminary competition; to hold preliminary heats	7-9
预防	預防	yu4 fang2	to prevent; to take precautions against; to protect; to guard against; precautionary; prophylactic	3
顽固	頑固	wan2 gu4	stubborn; obstinate	7-9
顽强	頑強	wan2 qiang2	tenacious; hard to defeat	6
顽皮	頑皮	wan2 pi2	naughty	6
颁布	頒布	ban1 bu4	to issue; to proclaim; to enact (laws, decrees etc)	7-9
颁奖	頒獎	ban1 jiang3	to confer an award	7-9
颁发	頒發	ban1 fa1	to issue; to promulgate; to award	7-9
顿	頓	dun4	to stop; to pause; to arrange; to lay out; to kowtow; to stamp (one's foot); at once; classifier for meals, beatings, scoldings etc: time, bout, spell, meal	3
顿时	頓時	dun4 shi2	immediately; suddenly	7-9
颇	頗	Po1	surname Po; Taiwan pr. [Po3]	7-9
颇	頗	po1	rather; quite; considerably; oblique; inclined; slanting; Taiwan pr. [po3]	7-9
领	領	ling3	neck; collar; to lead; to receive; classifier for clothes, mats, screens etc	3
领事	領事	ling3 shi4	consul	7-9
领事馆	領事館	ling3 shi4 guan3	consulate	7-9
领先	領先	ling3 xian1	to lead; to be in front	3
领取	領取	ling3 qu3	to receive; to draw; to get	6
领土	領土	ling3 tu3	territory	7-9
领域	領域	ling3 yu4	domain; sphere; field; territory; area	7-9
领导	領導	ling3 dao3	lead; leading; to lead; leadership; leader; CL:位[wei4],個|个[ge4]	3
领带	領帶	ling3 dai4	necktie; CL:條|条[tiao2]	5
领悟	領悟	ling3 wu4	to understand; to comprehend	7-9
领会	領會	ling3 hui4	to understand; to comprehend; to grasp	7-9
领略	領略	ling3 lu:e4	to have a taste of; to realize; to appreciate	7-9
领袖	領袖	ling3 xiu4	leader	6
领军	領軍	ling3 jun1	to lead troups; (fig.) to lead; leading	7-9
领队	領隊	ling3 dui4	to lead a group; leader of a group; captain (of sports squad)	7-9
领养	領養	ling3 yang3	to adopt (a child, pet etc)	7-9
头晕	頭暈	tou2 yun1	dizzy	7-9
头条	頭條	Tou2 tiao2	Toutiao, personalized content recommendation app (abbr. for 今日頭條|今日头条[Jin1 ri4 Tou2 tiao2])	7-9
头条	頭條	tou2 tiao2	lead story (on the news)	7-9
头疼	頭疼	tou2 teng2	headache	6
头脑	頭腦	tou2 nao3	brains; mind; skull; (fig.) gist (of a matter); leader; boss	3
头号	頭號	tou2 hao4	first rate; top rank; number one	7-9
头部	頭部	tou2 bu4	head	7-9
头衔	頭銜	tou2 xian2	title; rank; appellation	7-9
头顶	頭頂	tou2 ding3	top of the head	7-9
头头是道	頭頭是道	tou2 tou2 shi4 dao4	clear and logical	7-9
头发	頭髮	tou2 fa5	hair (on the head)	2
颈部	頸部	jing3 bu4	neck	7-9
颓废	頹廢	tui2 fei4	decadent; dispirited; depressed; dejected	7-9
频率	頻率	pin2 lu:4	frequency	7-9
频繁	頻繁	pin2 fan2	frequently; often	5
频道	頻道	pin2 dao4	frequency; (television) channel	5
频频	頻頻	pin2 pin2	repeatedly; again and again; continuously; constantly	7-9
赖	頼	lai4	variant of 賴|赖[lai4]	6
颗	顆	ke1	classifier for small spheres, pearls, corn grains, teeth, hearts, satellites etc	5
题	題	Ti2	surname Ti	2
题	題	ti2	topic; problem for discussion; exam question; subject; to inscribe; to mention; CL:個|个[ge4],道[dao4]	2
题材	題材	ti2 cai2	subject matter	5
题目	題目	ti2 mu4	subject; title; topic; exercise or exam question (CL:道[dao4])	3
额外	額外	e2 wai4	extra; added; additional	7-9
颜色	顏色	yan2 se4	color; countenance; appearance; facial expression; pigment; dyestuff	2
愿	願	yuan4	(bound form) wish; hope; desire; to be willing; to wish (that sth may happen); may ...; vow; pledge	5
愿意	願意	yuan4 yi4	to wish; to want; ready; willing (to do sth)	2
愿望	願望	yuan4 wang4	desire; wish	3
颠倒	顛倒	dian1 dao3	to turn upside down; to reverse; back to front; confused; deranged; crazy	7-9
颠覆	顛覆	dian1 fu4	to topple (i.e. knock over); to capsize; fig. to overturn (a regime, by plotting or subversion); to undermine; to subvert	7-9
类	類	lei4	kind; type; class; category; (classifier) kind; type; (bound form) to resemble; to be similar to	3
类似	類似	lei4 si4	similar; analogous	3
类别	類別	lei4 bie2	classification; category	7-9
类型	類型	lei4 xing2	type; kind; category; (computer programming) type	4
顾	顧	Gu4	surname Gu	6
顾	顧	gu4	to look after; to take into consideration; to attend to	6
顾不上	顧不上	gu4 bu5 shang4	cannot attend to or manage	7-9
顾不得	顧不得	gu4 bu5 de5	unable to change sth; unable to deal with	7-9
顾全大局	顧全大局	gu4 quan2 da4 ju2	to take the big picture into consideration (idiom); to work for the benefits of all	7-9
顾及	顧及	gu4 ji2	to take into consideration; to attend to	7-9
顾问	顧問	gu4 wen4	adviser; consultant	5
顾客	顧客	gu4 ke4	customer; client; CL:位[wei4]	2
顾虑	顧慮	gu4 lu:4	misgivings; apprehensions; to worry about; to be concerned about	7-9
颤抖	顫抖	chan4 dou3	to shudder; to shiver; to shake; to tremble	7-9
显	顯	xian3	to make visible; to reveal; prominent; conspicuous; (prefix) phanero-	5
显出	顯出	xian3 chu1	to express; to exhibit	6
显得	顯得	xian3 de5	to seem; to look; to appear	3
显然	顯然	xian3 ran2	clearly; evidently; obviously	3
显现	顯現	xian3 xian4	appearance; to appear	7-9
显眼	顯眼	xian3 yan3	conspicuous; eye-catching; glamorous	7-9
显示	顯示	xian3 shi4	to show; to illustrate; to display; to demonstrate	3
显示器	顯示器	xian3 shi4 qi4	display device; monitor	7-9
显而易见	顯而易見	xian3 er2 yi4 jian4	clearly and easy to see (idiom); obviously; clearly; it goes without saying	7-9
显著	顯著	xian3 zhu4	outstanding; notable; remarkable; statistically significant	4
显赫	顯赫	xian3 he4	illustrious; celebrated	7-9
风	風	feng1	wind; news; style; custom; manner; CL:陣|阵[zhen4],絲|丝[si1]	1
风俗	風俗	feng1 su2	social custom; CL:個|个[ge4]	4
风光	風光	feng1 guang1	scene; view; sight; landscape; to be well-regarded; to be well-off; grand (dialect); impressive (dialect)	5
风力	風力	feng1 li4	wind force; wind power	7-9
风味	風味	feng1 wei4	distinctive flavor; distinctive style	7-9
风和日丽	風和日麗	feng1 he2 ri4 li4	moderate wind, beautiful sun (idiom); fine sunny weather, esp. in springtime	7-9
风尚	風尚	feng1 shang4	current custom; current way of doing things	7-9
风度	風度	feng1 du4	elegance (for men); elegant demeanor; grace; poise	5
风情	風情	feng1 qing2	mien; bearing; grace; amorous feelings; flirtatious expressions; local conditions and customs; wind force, direction etc	7-9
风景	風景	feng1 jing3	scenery; landscape	4
风暴	風暴	feng1 bao4	storm; violent commotion; fig. crisis (e.g. revolution, uprising, financial crisis etc)	6
风格	風格	feng1 ge2	style	4
风气	風氣	feng1 qi4	general mood; atmosphere; common practice	7-9
风水	風水	feng1 shui3	feng shui; geomancy	7-9
风沙	風沙	feng1 sha1	sand blown by wind; sandstorm	7-9
风波	風波	feng1 bo1	disturbance; crisis; disputes; restlessness; CL:場|场[chang2]	7-9
风流	風流	feng1 liu2	distinguished and accomplished; outstanding; talented in letters and unconventional in lifestyle; romantic; dissolute; loose	7-9
风浪	風浪	feng1 lang4	wind and waves; rough waters; (fig.) hardship	7-9
风筝	風箏	feng1 zheng5	kite (lit. "wind zither", traditionally explained as being named after kites fitted with bamboo whistles that produced musical sounds when flown)	7-9
风范	風範	feng1 fan4	air; manner; model; paragon; demeanor	7-9
风貌	風貌	feng1 mao4	style; manner; ethos	7-9
风趣	風趣	feng1 qu4	charm; humor; wit; humorous; witty	7-9
风采	風采	feng1 cai3	svelte; elegant manner; graceful bearing	7-9
风险	風險	feng1 xian3	risk; hazard	3
风雨	風雨	feng1 yu3	wind and rain; the elements; (fig.) trials and hardships	7-9
风云	風雲	feng1 yun2	weather; unstable situation	7-9
风风雨雨	風風雨雨	feng1 feng1 yu3 yu3	trials and tribulations; ups and downs	7-9
风餐露宿	風餐露宿	feng1 can1 lu4 su4	lit. to eat in the open air and sleep outdoors (idiom); fig. to rough it	7-9
台	颱	tai2	typhoon	3
台风	颱風	tai2 feng1	typhoon	5
刮	颳	gua1	to blow (of the wind)	6
刮风	颳風	gua1 feng1	to be windy	7-9
帆	颿	fan1	to gallop; Taiwan pr. [fan2]; variant of 帆[fan1]	7-9
飘	飃	piao1	variant of 飄|飘[piao1]	7-9
飘	飄	piao1	to float (in the air); to flutter; to waft; complacent; frivolous; weak; shaky; wobbly	7-9
飙升	飆升	biao1 sheng1	to rise rapidly; to soar	7-9
飞	飛	fei1	to fly	1
飞机	飛機	fei1 ji1	airplane; CL:架[jia4]	1
飞翔	飛翔	fei1 xiang2	to circle in the air; to soar	7-9
飞船	飛船	fei1 chuan2	spaceship; spacecraft; dirigible; airship	6
飞行	飛行	fei1 xing2	(of planes etc) to fly; flying; flight; aviation	3
飞行员	飛行員	fei1 xing2 yuan2	pilot; aviator	6
飞跃	飛躍	fei1 yue4	to leap	7-9
飞速	飛速	fei1 su4	swift; rapidly	7-9
翻	飜	fan1	variant of 翻[fan1]	4
食品	食品	shi2 pin3	foodstuff; food; provisions	3
食堂	食堂	shi2 tang2	dining hall; cafeteria; CL:個|个[ge4],間|间[jian1]	4
食宿	食宿	shi2 su4	board and lodging; room and board	7-9
食欲	食慾	shi2 yu4	appetite	6
食物	食物	shi2 wu4	food	2
食用	食用	shi2 yong4	to eat; to consume; edible	7-9
饥饿	飢餓	ji1 e4	hunger; starvation; famine	7-9
饭	飯	fan4	cooked rice; CL:碗[wan3]; meal; CL:頓|顿[dun4]; (loanword) fan; devotee	1
饭店	飯店	fan4 dian4	restaurant; hotel; CL:家[jia1]	1
饭碗	飯碗	fan4 wan3	rice bowl; fig. livelihood; job; way of making a living	7-9
饭馆	飯館	fan4 guan3	restaurant; CL:家[jia1]	2
饮料	飲料	yin3 liao4	drink; beverage	5
饮水	飲水	yin3 shui3	to drink water; drinking water	7-9
饮水	飲水	yin4 shui3	to give water (to animals)	7-9
饮用水	飲用水	yin3 yong4 shui3	drinking water; potable water	7-9
饮食	飲食	yin3 shi2	eating and drinking; food and drink; diet	5
饲料	飼料	si4 liao4	feed; fodder	7-9
饲养	飼養	si4 yang3	to raise; to rear	7-9
饱	飽	bao3	to eat till full; satisfied	2
饱和	飽和	bao3 he2	saturated; filled to capacity	7-9
饱满	飽滿	bao3 man3	full; plump	7-9
饺子	餃子	jiao3 zi5	dumpling; pot-sticker; CL:個|个[ge4],隻|只[zhi1]	2
饼	餅	bing3	round flat cake; cookie; cake; pastry; CL:張|张[zhang1]	5
饼干	餅乾	bing3 gan1	biscuit; cracker; cookie; CL:片[pian4],塊|块[kuai4]	5
养	養	yang3	to raise (animals); to bring up (children); to keep (pets); to support; to give birth	2
养成	養成	yang3 cheng2	to cultivate; to raise; to form (a habit); to acquire	4
养殖	養殖	yang3 zhi2	to raise; to breed (animals etc)	7-9
养活	養活	yang3 huo5	to provide for; to keep (animals, a family etc); to raise animals; to feed and clothe; support; the necessities of life; to give birth	7-9
养生	養生	yang3 sheng1	to maintain good health; to raise a child or animal; curing (of concrete etc)	7-9
养老	養老	yang3 lao3	to provide for the elderly (family members); to enjoy a life in retirement	6
养老金	養老金	yang3 lao3 jin1	pension	7-9
养老院	養老院	yang3 lao3 yuan4	nursing home	7-9
餐	餐	can1	meal; to eat; classifier for meals	6
餐厅	餐廳	can1 ting1	dining hall; dining room; restaurant; CL:間|间[jian1],家[jia1]	5
餐桌	餐桌	can1 zhuo1	dining table; dinner table; CL:張|张[zhang1]	7-9
餐饮	餐飲	can1 yin3	food and beverage; catering; repast	5
餐馆	餐館	can1 guan3	restaurant; CL:家[jia1]	5
饿	餓	e4	hungry; to starve (sb)	1
余	餘	yu2	extra; surplus; remaining; remainder after division; (following numerical value) or more; in excess of (some number); residue (math.); after; I; me	7-9
余地	餘地	yu2 di4	margin; leeway	7-9
余额	餘額	yu2 e2	balance (of an account, bill etc); surplus; remainder	7-9
馅儿	餡兒	xian4 r5	erhua variant of 餡|馅[xian4]	7-9
糊	餬	hu2	congee; (in 糊口[hu2 kou3]) to feed oneself	7-9
喂养	餵養	wei4 yang3	to feed (a child, domestic animal etc); to keep; to raise (an animal)	7-9
糖	餹	tang2	old variant of 糖[tang2]	3
馒头	饅頭	man2 tou5	steamed bun	6
饶	饒	Rao2	surname Rao	7-9
饶	饒	rao2	rich; abundant; exuberant; to add for free; to throw in as bonus; to spare; to forgive; despite; although	7-9
饶恕	饒恕	rao2 shu4	to forgive; to pardon; to spare	7-9
馋	饞	chan2	gluttonous; greedy; to have a craving	7-9
首先	首先	shou3 xian1	first of all; in the first place	3
首创	首創	shou3 chuang4	to originate; to pioneer; to invent	7-9
首席	首席	shou3 xi2	chief (representative, correspondent etc)	6
首府	首府	shou3 fu3	capital city of an autonomous region	7-9
首批	首批	shou3 pi1	first batch	7-9
首次	首次	shou3 ci4	first; first time; for the first time	6
首相	首相	shou3 xiang4	prime minister (of Japan or UK etc)	6
首脑	首腦	shou3 nao3	head (of state); summit (meeting); leader	6
首要	首要	shou3 yao4	the most important; of chief importance	7-9
首都	首都	shou3 du1	capital (city); CL:個|个[ge4]	3
首饰	首飾	shou3 shi4	jewelry; head ornament	7-9
香	香	xiang1	fragrant; sweet smelling; aromatic; savory or appetizing; (to eat) with relish; (of sleep) sound; perfume or spice; joss or incense stick; CL:根[gen1]	3
香味	香味	xiang1 wei4	fragrance; bouquet; sweet smell; CL:股[gu3]	7-9
香料	香料	xiang1 liao4	spice; flavoring; condiment; perfume	7-9
香水	香水	xiang1 shui3	perfume; cologne	7-9
香油	香油	xiang1 you2	sesame oil; perfumed oil	7-9
香烟	香煙	xiang1 yan1	smoke from incense (burned as an offering to one's ancestors); (fig.) continuation of family line; cigarette (CL:支[zhi1],條|条[tiao2],根[gen1],包[bao1],盒[he2])	7-9
香肠	香腸	xiang1 chang2	sausage; CL:根[gen1]	5
香烟	香菸	xiang1 yan1	cigarette (CL:支[zhi1],條|条[tiao2],根[gen1],包[bao1],盒[he2]) (variant of 香煙|香烟[xiang1 yan1])	7-9
香蕉	香蕉	xiang1 jiao1	banana; CL:根[gen1],把[ba3]	3
马	馬	Ma3	surname Ma; abbr. for Malaysia 馬來西亞|马来西亚[Ma3 lai2 xi1 ya4]	3
马	馬	ma3	horse; CL:匹[pi3]; horse or cavalry piece in Chinese chess; knight in Western chess	3
马上	馬上	ma3 shang4	at once; right away; immediately; on horseback (i.e. by military force)	1
马力	馬力	ma3 li4	horsepower	7-9
马后炮	馬後炮	ma3 hou4 pao4	(Chinese chess) moving the cannon after moving the horse away; (fig.) a useless action or comment; sth done after it's too late	7-9
马后炮	馬後砲	ma3 hou4 pao4	variant of 馬後炮|马后炮[ma3 hou4 pao4]	7-9
马戏	馬戲	ma3 xi4	circus	7-9
马桶	馬桶	ma3 tong3	chamber pot; wooden pan used as toilet; toilet bowl	7-9
马虎	馬虎	ma3 hu5	careless; sloppy; negligent; skimpy	7-9
马路	馬路	ma3 lu4	street; road; CL:條|条[tiao2]	1
马车	馬車	ma3 che1	cart; chariot; carriage; buggy	6
驮	馱	duo4	load carried by a pack animal	7-9
驮	馱	tuo2	to carry on one's back	7-9
驰名	馳名	chi2 ming2	famous	7-9
驯	馴	xun4	to attain gradually; to tame; Taiwan pr. [xun2]	7-9
驳回	駁回	bo2 hui2	to reject; to turn down; to overrule	7-9
驻	駐	zhu4	to halt; to stay; to be stationed (of troops, diplomats etc)	6
驾	駕	Jia4	surname Jia	7-9
驾	駕	jia4	to harness; to draw (a cart etc); to drive; to pilot; to sail; to ride; your good self; prefixed word denoting respect (polite 敬辭|敬辞[jing4 ci2])	7-9
驾照	駕照	jia4 zhao4	driver's license (abbr. for 駕駛執照|驾驶执照[jia4 shi3 zhi2 zhao4])	5
驾车	駕車	jia4 che1	to drive a vehicle	7-9
驾驭	駕馭	jia4 yu4	to urge on (of horse); to drive; to steer; to handle; to manage; to master; to dominate	7-9
驾驶	駕駛	jia4 shi3	to drive (vehicle); to pilot (ship, airplane etc); driver; pilot; captain	5
骂	駡	ma4	variant of 罵|骂[ma4]	5
骇人听闻	駭人聽聞	hai4 ren2 ting1 wen2	shocking; horrifying; atrocious; terrible	7-9
骏马	駿馬	jun4 ma3	fine horse; steed	7-9
骑	騎	ji4	(Tw) saddle horse; mounted soldier	2
骑	騎	qi2	to sit astride; to ride (a horse, bike etc); classifier for saddle horses	2
骑车	騎車	qi2 che1	to ride a bike (motorbike or bicycle)	2
验	騐	yan4	variant of 驗|验[yan4]	7-9
骗	騙	pian4	to cheat; to swindle; to deceive; to get on (a horse etc) by swinging one leg over	5
骗人	騙人	pian4 ren2	to cheat sb; a scam	7-9
骗子	騙子	pian4 zi5	swindler; a cheat	5
腾	騰	teng2	(bound form) to gallop; to prance; (bound form) to soar; to hover; to make room; to clear out; to vacate; (verb suffix indicating repeated action)	7-9
骚乱	騷亂	sao1 luan4	disturbance; riot; to create a disturbance	7-9
骚扰	騷擾	sao1 rao3	to disturb; to cause a commotion; to harass	7-9
驱动	驅動	qu1 dong4	to drive; to propel; drive (vehicle wheel); drive mechanism (tape or disk); device driver (computing software)	7-9
驱逐	驅逐	qu1 zhu2	to expel; to deport; banishment	7-9
骄傲	驕傲	jiao1 ao4	pride; arrogance; conceited; proud of sth	6
验	驗	yan4	to examine; to test; to check	7-9
验收	驗收	yan4 shou1	to inspect and accept; acceptance	7-9
验证	驗證	yan4 zheng4	to inspect and verify; experimental verification; to validate (a theory); to authenticate	7-9
惊	驚	jing1	to startle; to be frightened; to be scared; alarm	7-9
惊人	驚人	jing1 ren2	astonishing	6
惊喜	驚喜	jing1 xi3	nice surprise; to be pleasantly surprised	6
惊叹	驚嘆	jing1 tan4	to exclaim in admiration; a gasp of surprise	7-9
惊天动地	驚天動地	jing1 tian1 dong4 di4	(idiom) world-shaking	7-9
惊奇	驚奇	jing1 qi2	to be amazed; to be surprised; to wonder	7-9
惊心动魄	驚心動魄	jing1 xin1 dong4 po4	(idiom) heart-stopping; hair-raising; breathtaking	7-9
惊慌	驚慌	jing1 huang1	to panic; to be alarmed	7-9
惊慌失措	驚慌失措	jing1 huang1 shi1 cuo4	to lose one's head out of fear (idiom)	7-9
惊讶	驚訝	jing1 ya4	amazed; astonished; to surprise; amazing; astonishment; awe	7-9
惊诧	驚詫	jing1 cha4	to be surprised; to be amazed; to be stunned	7-9
惊醒	驚醒	jing1 xing3	to rouse; to be woken by sth; to wake with a start; to sleep lightly	7-9
惊险	驚險	jing1 xian3	perilous; touch-and-go; nerve-racking; suspenseful	7-9
骤然	驟然	zhou4 ran2	suddenly; abruptly	7-9
骨干	骨幹	gu3 gan4	diaphysis (long segment of a bone); fig. backbone	7-9
骨折	骨折	gu3 zhe2	to suffer a fracture; (of a bone) to break; fracture	7-9
骨气	骨氣	gu3 qi4	unyielding character; courageous spirit; integrity; moral backbone	7-9
骨头	骨頭	gu3 tou5	bone; CL:根[gen1],塊|块[kuai4]; moral character; bitterness; Taiwan pr. [gu2 tou5]	4
腿	骽	tui3	hip bone; old variant of 腿[tui3]	2
脏	髒	zang1	dirty; filthy; to get (sth) dirty	2
体制	體制	ti3 zhi4	system; organization	7-9
体力	體力	ti3 li4	physical strength; physical power	5
体操	體操	ti3 cao1	gymnastic; gymnastics	4
体会	體會	ti3 hui4	to know from experience; to learn through experience; to realize; understanding; experience	3
体检	體檢	ti3 jian3	abbr. for 體格檢查|体格检查[ti3 ge2 jian3 cha2]	4
体温	體溫	ti3 wen1	(body) temperature	7-9
体现	體現	ti3 xian4	to embody; to reflect; to incarnate	3
体积	體積	ti3 ji1	volume (amount of space an object occupies)	5
体系	體系	ti3 xi4	system; setup; CL:個|个[ge4]	7-9
体育	體育	ti3 yu4	sports; physical education	2
体育场	體育場	ti3 yu4 chang3	stadium; CL:個|个[ge4],座[zuo4]	2
体育馆	體育館	ti3 yu4 guan3	gym; gymnasium; stadium; CL:個|个[ge4]	2
体能	體能	ti3 neng2	physical capability; stamina	7-9
体谅	體諒	ti3 liang4	to empathize; to allow (for sth); to show understanding; to appreciate	7-9
体贴	體貼	ti3 tie1	considerate (of other people's needs)	7-9
体质	體質	ti3 zhi4	(a person's) constitution; underlying physical condition; physical makeup; (of an organization, society etc) structural soundness	7-9
体重	體重	ti3 zhong4	body weight	4
体面	體面	ti3 mian4	dignity; prestige; face; honorable; creditable; (of sb's appearance) presentable; respectable	7-9
体验	體驗	ti3 yan4	to experience for oneself	3
高	高	Gao1	surname Gao	1
高	高	gao1	high; tall; above average; loud; your (honorific)	1
高中	高中	gao1 zhong1	senior high school (abbr. for 高級中學|高级中学[gao1 ji2 zhong1 xue2])	2
高中	高中	gao1 zhong4	to pass brilliantly (used in congratulatory fashion)	2
高低	高低	gao1 di1	height; level; (music) pitch; relative superiority; propriety; discretion (usu. in the negative, e.g. 不知高低[bu4 zhi1 gao1 di1]); no matter what; just; simply (will not ..., must ... etc); at long last	7-9
高傲	高傲	gao1 ao4	arrogant; haughty; proud	7-9
高价	高價	gao1 jia4	high price	4
高原	高原	gao1 yuan2	plateau; CL:片[pian4]	5
高压	高壓	gao1 ya1	(physics) high pressure; (meteorology) high atmospheric pressure; high voltage; systolic blood pressure; high-handed; oppressive	7-9
高大	高大	gao1 da4	tall; lofty; towering	5
高尚	高尚	gao1 shang4	noble; lofty; refined; exquisite	4
高层	高層	gao1 ceng2	high-rise; high level; high class	6
高山	高山	gao1 shan1	high mountain; alpine mountain	7-9
高峰	高峰	gao1 feng1	peak; summit; height	6
高峰期	高峰期	gao1 feng1 qi1	peak period; rush hour	7-9
高度	高度	gao1 du4	height; altitude; elevation; high degree; highly; CL:個|个[ge4]	5
高手	高手	gao1 shou3	expert; past master; dab hand	6
高效	高效	gao1 xiao4	efficient; highly effective	7-9
高新技术	高新技術	gao1 xin1 ji4 shu4	high tech; high technology	7-9
高于	高於	gao1 yu2	greater than; to exceed	5
高昂	高昂	gao1 ang2	to hold (one's head) high; expensive; high (spirits etc)	7-9
高明	高明	Gao1 ming2	see 高明區|高明区[Gao1 ming2 Qu1]	7-9
高明	高明	gao1 ming2	brilliant; superior; wise	7-9
高档	高檔	gao1 dang4	superior quality; high grade; top grade	6
高温	高溫	gao1 wen1	high temperature	5
高涨	高漲	gao1 zhang3	to surge up; to rise; (of tensions etc) to run high	7-9
高潮	高潮	gao1 chao2	high tide; high water; upsurge; peak of activity; climax (of a story, a competition etc); to have an orgasm	4
高尔夫球	高爾夫球	gao1 er3 fu1 qiu2	golf; golf ball	7-9
高科技	高科技	gao1 ke1 ji4	high tech; high technology	6
高空	高空	gao1 kong1	high altitude	7-9
高等	高等	gao1 deng3	high-level; higher (animals, education etc); advanced (math etc)	6
高级	高級	gao1 ji2	high level; high grade; advanced; high-ranking	2
高考	高考	gao1 kao3	college entrance exam (especially as abbr. for 普通高等學校招生全國統一考試|普通高等学校招生全国统一考试[Pu3 tong1 Gao1 deng3 Xue2 xiao4 Zhao1 sheng1 Quan2 guo2 Tong3 yi1 Kao3 shi4]); (Tw) entrance exam for senior government service posts (abbr. for 公務人員高等考試|公务人员高等考试)	6
高兴	高興	gao1 xing4	happy; glad; willing (to do sth); in a cheerful mood	1
高血压	高血壓	gao1 xue4 ya1	high blood pressure; hypertension	7-9
高调	高調	gao1 diao4	high-sounding speech; bombast; high-profile	7-9
高贵	高貴	gao1 gui4	grandeur; noble	7-9
高超	高超	gao1 chao1	excellent; superlative	7-9
高跟鞋	高跟鞋	gao1 gen1 xie2	high-heeled shoes	5
高速	高速	gao1 su4	high speed; expressway (abbr. for 高速公路[gao1 su4 gong1 lu4])	3
高速公路	高速公路	gao1 su4 gong1 lu4	expressway; highway; freeway	3
高铁	高鐵	gao1 tie3	high speed rail	4
高雅	高雅	gao1 ya3	dainty; elegance; elegant	7-9
高额	高額	gao1 e2	high quota; large amount	7-9
高龄	高齡	gao1 ling2	elderly	7-9
发	髮	fa4	hair; Taiwan pr. [fa3]	2
发型	髮型	fa4 xing2	hairstyle; coiffure; hairdo	7-9
佛	髴	fu2	(female) head ornament; variant of 彿|佛[fu2]	6
剃	鬀	ti4	variant of 剃[ti4]	7-9
松	鬆	song1	loose; to loosen; to relax; floss (dry, fluffy food product made from shredded, seasoned meat or fish, used as a topping or filling)	4
松弛	鬆弛	song1 chi2	to relax; relaxed; limp; lax	7-9
松绑	鬆綁	song1 bang3	to untie; (fig.) to ease restrictions	7-9
胡子	鬍子	hu2 zi5	beard; mustache or whiskers; facial hair; CL:撮[zuo3],根[gen1]; (coll.) bandit	5
须	鬚	xu1	beard; mustache; feeler (of an insect etc); tassel	7-9
斗	鬥	dou4	to fight; to struggle; to condemn; to censure; to contend; to put together; coming together	7-9
斗志	鬥志	dou4 zhi4	will to fight; fighting spirit	7-9
斗争	鬥爭	dou4 zheng1	a struggle; fight; battle	6
斗	鬦	dou4	variant of 鬭|斗[dou4]	7-9
闹	鬧	nao4	noisy; cacophonous; to make noise; to disturb; to vent (feelings); to fall ill; to have an attack (of sickness); to go in (for some activity); to joke	4
闹事	鬧事	nao4 shi4	to cause trouble; to create a disturbance	7-9
闹着玩儿	鬧著玩兒	nao4 zhe5 wan2 r5	to play games; to joke around; to play a joke on sb	7-9
闹钟	鬧鐘	nao4 zhong1	alarm clock	4
哄	鬨	hong4	tumult; uproar; commotion; disturbance	7-9
斗	鬪	dou4	variant of 鬥|斗[dou4]	7-9
斗	鬭	dou4	variant of 鬥|斗[dou4]	7-9
鬼	鬼	gui3	disembodied spirit; ghost; devil; (suffix) person with a certain vice or addiction etc; sly; crafty; resourceful (variant of 詭|诡[gui3]); one of the 28 constellations of ancient Chinese astronomy	5
魂	魂	hun2	soul; spirit; immortal soul (that can be detached from the body)	7-9
魄力	魄力	po4 li4	courage; daring; boldness; resolution; drive	7-9
魅力	魅力	mei4 li4	charm; fascination; glamor; charisma	7-9
魔术	魔術	mo2 shu4	magic	7-9
魔鬼	魔鬼	mo2 gui3	devil	7-9
鱼	魚	Yu2	surname Yu	2
鱼	魚	yu2	fish (CL:條|条[tiao2],尾[wei3]); used in the names of various aquatic animals that are not fish (including abalone 鮑魚|鲍鱼[bao4 yu2], alligators and crocodiles 鱷魚|鳄鱼[e4 yu2] and octopi 章魚|章鱼[zhang1 yu2])	2
鲁莽	魯莽	lu3 mang3	hot-headed; impulsive; reckless	7-9
鲜	鮮	xian1	fresh; bright (in color); delicious; tasty; delicacy; aquatic foods	4
鲜	鮮	xian3	few; rare	4
鲜明	鮮明	xian1 ming2	(of colors) bright; fresh and clear; clear-cut; distinct	4
鲜活	鮮活	xian1 huo2	vivid; lively; (of food ingredients) live or fresh	7-9
鲜美	鮮美	xian1 mei3	fresh and delicious; tasty	7-9
鲜艳	鮮艷	xian1 yan4	variant of 鮮豔|鲜艳[xian1 yan4]	5
鲜花	鮮花	xian1 hua1	flower; fresh flowers; CL:朵[duo3]	4
鲜血	鮮血	xian1 xue4	blood	7-9
鲜艳	鮮豔	xian1 yan4	bright-colored; gaily-colored	5
鲨鱼	鯊魚	sha1 yu2	shark	7-9
鳄鱼	鱷魚	e4 yu2	alligator; crocodile (CL:條|条[tiao2])	7-9
鲜	鱻	xian1	fish; old variant of 鮮|鲜[xian1]	4
鲜	鱻	xian3	old variant of 鮮|鲜[xian3]	4
鸟	鳥	diao3	variant of 屌[diao3]; penis	2
鸟	鳥	niao3	bird; CL:隻|只[zhi1],群[qun2]; "bird" radical in Chinese characters (Kangxi radical 196); (dialect) to pay attention to; (intensifier) damned; goddamn	2
鸟巢	鳥巢	niao3 chao2	bird's nest; nickname for Beijing 2008 Olympic stadium	7-9
凤凰	鳳凰	Feng4 huang2	see 鳳凰縣|凤凰县[Feng4 huang2 Xian4]	7-9
凤凰	鳳凰	feng4 huang2	phoenix	7-9
鸦雀无声	鴉雀無聲	ya1 que4 wu2 sheng1	lit. crow and peacock make no sound; absolute silence (idiom); not a single voice can be heard; absolute silence	7-9
鸭子	鴨子	ya1 zi5	duck (CL:隻|只[zhi1]); (slang) male prostitute	5
鸽子	鴿子	ge1 zi5	pigeon; dove; various birds of the family Columbidae	7-9
鹅	鵝	e2	goose; CL:隻|只[zhi1]	7-9
鹅	鵞	e2	variant of 鵝|鹅[e2]	7-9
鹏程万里	鵬程萬里	peng2 cheng2 wan4 li3	the fabled roc flies ten thousand miles (idiom); one's future prospects are brilliant	7-9
雕	鵰	diao1	bird of prey	7-9
鹤立鸡群	鶴立雞群	he4 li4 ji1 qun2	a crane in a flock of chicken (idiom); way above the common; manifestly superior	7-9
鸡	鷄	ji1	variant of 雞|鸡[ji1]	2
鹰	鷹	ying1	general term for a bird of prey (eagle, hawk or falcon etc)	7-9
卤味	鹵味	lu3 wei4	variant of 滷味|卤味[lu3 wei4]	7-9
咸	鹹	xian2	salted; salty; stingy; miserly	4
盐	鹽	yan2	salt; CL:粒[li4]	4
鹿	鹿	lu4	deer	7-9
粗	麤	cu1	remote; distant; variant of 粗[cu1]	4
曲	麯	qu1	variant of 麴|曲[qu1]	7-9
曲	麴	qu1	fermentation starter; leaven (molds, yeasts or bacteria used in fermenting soy products or brewing etc); Taiwan pr. [qu2]	7-9
面包	麵包	mian4 bao1	bread; CL:片[pian4],塊|块[kuai4]	1
面子	麵子	mian4 zi5	(medicinal) powder	5
面条儿	麵條兒	mian4 tiao2 r5	erhua variant of 麵條|面条[mian4 tiao2]	1
面粉	麵粉	mian4 fen3	flour	7-9
麻将	麻將	ma2 jiang4	mahjong; CL:局[ju2],副[fu4]	7-9
麻木	麻木	ma2 mu4	numb; insensitive; apathetic	7-9
麻烦	麻煩	ma2 fan5	trouble; inconvenience; inconvenient; troublesome; annoying; to bother sb; to put sb to trouble	3
麻痹	麻痺	ma2 bi4	paralysis; palsy; numbness; to benumb; (fig.) to lull; negligent; apathetic	7-9
麻辣	麻辣	ma2 la4	hot and numbing	7-9
麻醉	麻醉	ma2 zui4	anesthesia; to anesthetize; (fig.) to corrupt (sb's mind); to enervate; to numb the mind (to escape from harsh reality)	7-9
黄	黃	Huang2	surname Huang or Hwang	2
黄	黃	huang2	yellow; pornographic; to fall through	2
黄昏	黃昏	huang2 hun1	dusk; evening; nightfall	7-9
黄瓜	黃瓜	huang2 gua1	cucumber; CL:條|条[tiao2]	4
黄色	黃色	huang2 se4	yellow; vulgar; lewd; pornographic	2
黄金	黃金	huang2 jin1	gold; golden (opportunity); prime (time)	4
黎明	黎明	li2 ming2	dawn; daybreak	7-9
黏	黏	nian2	sticky; glutinous; (Tw) to adhere; to stick on; to glue	7-9
黑	黑	Hei1	short name for Heilongjiang 黑龍江|黑龙江[Hei1 long2 jiang1]	2
黑	黑	hei1	black; dark; sinister; secret; shady; illegal; to hide (sth) away; to vilify; (loanword) to hack (computing)	2
黑夜	黑夜	hei1 ye4	night	6
黑客	黑客	hei1 ke4	(computing) (loanword) hacker	7-9
黑心	黑心	hei1 xin1	ruthless and lacking in conscience; vicious mind full of hatred and jealousy; black core (flaw in pottery)	7-9
黑手	黑手	hei1 shou3	(fig.) malign agent who manipulates from behind the scenes; hidden hand; (Tw) mechanic; blue-collar worker; manual laborer	7-9
黑暗	黑暗	hei1 an4	dark; darkly; darkness	4
黑板	黑板	hei1 ban3	blackboard; CL:塊|块[kuai4],個|个[ge4]	2
黑白	黑白	hei1 bai2	black and white; right and wrong; monochrome	7-9
黑色	黑色	hei1 se4	black	2
黑马	黑馬	hei1 ma3	dark horse; fig. unexpected winner	7-9
默契	默契	mo4 qi4	tacit understanding; mutual understanding; rapport; connected at a deep level with each other; (of team members) well coordinated; tight	7-9
默读	默讀	mo4 du2	to read in silence	7-9
默默	默默	mo4 mo4	in silence; not speaking	4
默默无闻	默默無聞	mo4 mo4 wu2 wen2	(idiom) unknown; unrenowned	7-9
点	點	dian3	to touch briefly; to tap; to mark with a dot; to check off (on a list); to order (food etc); to select; to mention; to bring up (a topic or person); to hint at; to imply; to administer (eye medicine etc) in drops; to light (a fire, a lamp etc); to ignite; to nod (one's head) in agreement; to beckon by moving (one's hand) up and down; point; dot; spot; speck; dot stroke in Chinese characters; (math.) decimal point; point in time or space; (after a number) o'clock; a small amount; a bit; (after a verb or adjective) a bit more; classifier for small amounts	1
点名	點名	dian3 ming2	roll call; to mention sb by name; (to call or praise or criticize sb) by name	4
点子	點子	dian3 zi5	spot; point; dot; speck; drop (of liquid); droplet; point (of argument); idea; crux; indication; pointer	7-9
点心	點心	dian3 xin5	light refreshments; pastry; dim sum (in Cantonese cooking); dessert	7-9
点击率	點擊率	dian3 ji1 lu:4	click-through rate (CTR) (Internet)	7-9
点火	點火	dian3 huo3	to ignite; to light a fire; to agitate; to start an engine; ignition; fig. to stir up trouble	7-9
点燃	點燃	dian3 ran2	to ignite; to set on fire; aflame	5
点缀	點綴	dian3 zhui4	to decorate; to adorn; sprinkled; studded; only for show	7-9
点评	點評	dian3 ping2	to comment; a point by point commentary	7-9
点头	點頭	dian3 tou2	to nod	2
党	黨	Dang3	surname Dang	6
党	黨	dang3	party; association; club; society; CL:個|个[ge4]	6
鼓	鼓	gu3	drum; CL:通[tong4],面[mian4]; to drum; to strike; to rouse; to bulge; to swell	5
鼓动	鼓動	gu3 dong4	to urge (an activity that may be beneficial, harmful or neutral); to encourage; to agitate; to instigate; to incite; to beat; to flap (wings, a fan etc)	7-9
鼓励	鼓勵	gu3 li4	to encourage	5
鼓掌	鼓掌	gu3 zhang3	to applaud; to clap	5
鼓舞	鼓舞	gu3 wu3	to inspire; to encourage; to hearten; to boost (morale)	7-9
鼠	鼠	shu3	(bound form) rat; mouse	5
鼠标	鼠標	shu3 biao1	(computing) mouse	5
鼻子	鼻子	bi2 zi5	nose; CL:個|个[ge4],隻|只[zhi1]	5
鼻涕	鼻涕	bi2 ti4	nasal mucus; snivel; snot	7-9
齐	齊	Qi2	(name of states and dynasties at several different periods); surname Qi	3
齐	齊	qi2	neat; even; level with; identical; simultaneous; all together; to even sth out	3
齐全	齊全	qi2 quan2	complete; comprehensive	5
齐心协力	齊心協力	qi2 xin1 xie2 li4	to work with a common purpose (idiom); to make concerted efforts; to pull together; to work as one	7-9
出	齣	chu1	variant of 出[chu1] (classifier for plays or chapters of classical novels)	1
咬	齩	yao3	variant of 咬[yao3]	5
龙	龍	Long2	surname Long	3
龙	龍	long2	Chinese dragon; loong; (fig.) emperor; dragon; (bound form) dinosaur	3
龙舟	龍舟	long2 zhou1	dragon boat; imperial boat	7-9
庞大	龐大	pang2 da4	huge; enormous; tremendous	7-9
龟	龜	gui1	tortoise; turtle; (coll.) cuckold	7-9
龟	龜	jun1	variant of 皸|皲[jun1]	7-9
龟	龜	qiu1	used in 龜茲|龟兹[Qiu1 ci2]	7-9
和	龢	he2	(literary) harmonious (variant of 和[he2])	1
